timestamp;yaw;pitch;roll
34365;179.82;0.69;-0.23
34413;179.55;1.35;-0.38
34465;179.09;2.26;-0.54
34513;178.75;2.83;-0.47
34565;178.24;3.63;-0.42
34613;177.75;3.71;-0.36
34665;177.13;3.82;-0.34
34713;176.62;3.49;-0.45
34765;176.13;3.53;-0.59
34816;175.75;3.44;-0.67
34863;175.40;3.19;-0.79
34915;174.94;2.89;-0.80
34963;174.62;2.63;-0.66
35015;174.20;2.91;-0.78
35063;173.89;2.68;-0.83
35115;173.49;2.55;-0.84
35163;173.20;2.65;-0.76
35215;172.81;2.58;-0.81
35263;172.53;2.66;-0.85
35317;172.16;2.59;-0.88
35363;171.86;2.54;-0.88
35415;171.52;2.60;-0.93
35463;171.26;2.61;-0.74
35515;170.88;2.57;-1.02
35563;170.62;2.44;-0.88
35615;170.26;2.47;-0.90
35663;169.99;2.46;-0.86
35715;169.63;2.56;-0.78
35763;169.36;2.35;-0.90
35817;169.00;2.62;-0.88
35863;168.72;2.43;-0.90
35915;168.37;2.57;-0.84
35963;168.11;2.58;-0.74
36015;167.73;2.66;-0.91
36063;167.46;2.58;-0.90
36115;167.10;2.52;-0.84
36163;166.83;2.58;-0.85
36215;166.46;2.62;-0.87
36263;166.20;2.56;-0.77
36317;165.82;2.46;-1.01
36363;165.52;2.57;-0.99
36415;165.18;2.48;-1.06
36463;164.92;2.39;-0.87
36515;164.55;2.38;-0.96
36563;164.29;2.64;-0.98
36615;163.92;2.45;-0.96
36663;163.66;2.58;-0.91
36715;163.29;2.58;-0.93
36763;163.03;2.55;-0.92
36817;162.67;2.50;-0.90
36863;162.39;2.53;-0.89
36915;162.05;2.38;-0.84
36963;161.78;2.50;-1.00
37015;161.42;2.43;-0.92
37063;161.15;2.58;-0.94
37115;160.79;2.48;-1.01
37163;160.53;2.36;-0.95
37215;160.16;2.52;-0.96
37263;159.90;2.64;-0.90
37317;159.53;2.44;-0.97
37363;159.26;2.39;-0.90
37413;158.96;2.58;-0.95
37465;158.59;2.51;-1.05
37513;158.33;2.43;-1.00
37565;157.97;2.44;-0.93
37613;157.71;2.57;-1.01
37665;157.35;2.58;-0.90
37713;157.08;2.46;-1.03
37765;156.71;2.52;-0.96
37816;156.45;2.36;-0.98
37863;156.13;2.54;-1.06
37915;155.77;2.41;-0.94
37963;155.51;2.48;-0.91
38015;155.15;2.41;-0.87
38063;154.88;2.50;-0.95
38115;154.52;2.48;-0.88
38163;154.25;2.55;-0.94
38215;153.89;2.48;-0.96
38263;153.63;2.53;-0.92
38317;153.26;2.59;-0.99
38363;152.99;2.55;-1.06
38413;152.69;2.45;-0.97
38465;152.33;2.44;-0.89
38513;152.07;2.52;-0.92
38565;151.67;3.12;-1.35
38613;151.33;2.84;-1.29
38665;150.95;2.51;-1.06
38713;150.62;2.74;-1.25
38765;150.19;2.48;-1.20
38816;149.88;2.60;-1.40
38863;149.52;2.38;-1.47
38915;149.15;2.19;-1.20
38963;148.88;2.34;-1.29
39015;148.52;2.25;-1.22
39063;148.25;2.34;-1.24
39115;147.91;2.23;-1.02
39163;147.66;2.15;-1.12
39215;147.32;2.26;-1.16
39263;147.09;2.30;-1.16
39317;146.75;2.23;-1.04
39363;146.54;2.51;-1.05
39415;146.26;2.52;-1.05
39463;146.04;2.67;-1.02
39515;145.73;2.85;-0.98
39563;145.48;2.73;-1.18
39615;145.10;2.97;-1.26
39663;144.80;3.03;-1.17
39715;144.31;2.96;-1.42
39763;144.00;2.88;-1.50
39817;143.67;2.64;-1.38
39863;143.42;3.20;-1.59
39915;143.03;3.02;-1.60
39963;142.72;2.79;-1.44
40015;142.24;2.70;-1.75
40063;141.89;2.60;-1.65
40113;141.37;2.96;-2.21
40165;140.98;2.60;-2.11
40213;140.78;2.62;-1.93
40265;140.33;2.80;-2.12
40316;139.80;3.11;-2.47
40363;138.45;3.41;-3.77
40415;135.50;1.92;-4.34
40463;133.44;-5.44;-6.64
40515;132.08;-20.70;-12.56
40563;134.68;-31.43;-21.37
40615;142.69;-41.65;-30.43
40663;145.96;-45.57;-33.36
40715;150.86;-48.29;-37.76
40763;155.52;-51.08;-42.26
40817;168.02;-55.26;-55.44
40863;181.57;-57.78;-69.57
40915;200.82;-57.61;-89.32
40963;215.84;-54.46;-105.30
41015;225.67;-48.75;-131.57
41063;225.33;-49.34;-130.70
41115;225.25;-49.93;-132.94
41163;225.30;-50.04;-132.66
41215;225.57;-50.30;-132.72
41263;225.48;-50.47;-132.59
41318;225.16;-50.65;-132.48
41363;225.05;-50.77;-132.37
41415;224.74;-50.95;-132.18
41463;224.44;-51.09;-132.00
41515;224.18;-51.26;-131.83
41563;223.96;-51.43;-131.74
41615;223.57;-51.54;-131.42
41663;223.24;-51.53;-131.16
41715;222.74;-51.32;-130.87
41763;222.27;-50.61;-130.64
41818;220.00;-48.50;-129.09
41863;216.64;-45.03;-126.34
41915;209.41;-37.67;-121.61
41963;202.04;-28.39;-118.40
42015;189.49;-12.72;-125.15
42063;185.96;-7.64;-141.38
42115;198.16;-8.55;-148.63
42163;205.54;-10.70;-155.21
42215;218.55;-15.30;-164.27
42263;229.12;-17.85;-171.82
42318;241.49;-17.89;179.41
42363;251.54;-17.03;170.48
42415;262.29;-11.49;162.52
42463;265.41;-4.80;160.13
42515;256.54;-3.57;165.93
42563;250.94;-5.65;168.58
42615;249.26;-5.38;168.97
42663;249.24;-5.26;169.27
42715;249.45;-4.91;169.63
42763;249.52;-5.00;169.53
42817;249.67;-5.11;169.29
42863;249.86;-5.06;169.27
42915;250.24;-4.81;169.21
42963;250.37;-4.64;169.15
43015;250.52;-4.46;169.12
43063;250.53;-4.37;169.14
43115;250.35;-4.24;169.10
43163;249.94;-4.18;169.02
43213;249.00;-4.02;168.99
43265;245.34;-3.87;169.80
43316;238.64;-4.32;172.11
43363;225.06;-4.18;176.07
43415;203.03;-4.59;175.51
43463;203.58;-5.85;171.05
43515;210.18;-6.56;169.62
43563;216.81;-8.09;166.57
43615;229.27;-10.54;160.67
43663;239.46;-7.61;155.54
43715;252.11;-0.22;149.77
43763;260.91;6.38;147.27
43817;269.79;13.17;146.75
43863;274.82;15.54;147.97
43915;272.21;21.25;152.41
43963;257.90;28.56;150.42
44015;254.98;25.20;154.21
44063;253.27;25.21;152.64
44115;252.92;25.24;151.49
44163;252.94;24.45;149.98
44215;253.33;23.21;148.19
44263;253.77;22.23;146.94
44318;254.73;20.57;145.28
44363;255.40;19.97;144.11
44415;255.55;20.18;143.56
44463;255.45;20.43;143.53
44515;254.69;20.57;143.23
44563;253.96;20.39;143.14
44615;252.45;19.14;142.24
44663;250.32;18.50;141.18
44715;245.81;15.72;140.28
44763;240.95;11.06;138.52
44817;230.74;3.00;131.82
44863;226.62;1.69;131.72
44915;227.04;3.54;133.03
44963;228.44;4.70;129.06
45015;230.07;7.88;124.84
45063;229.55;13.56;122.03
45113;229.72;21.73;119.39
45165;234.56;29.23;119.91
45213;239.79;33.97;121.53
45265;246.07;40.94;122.06
45316;253.45;48.70;122.55
45363;262.97;58.33;128.77
45415;261.14;61.54;123.96
45463;255.13;59.38;121.89
45515;241.00;38.72;110.25
45563;236.02;36.87;113.62
45615;234.62;36.17;113.87
45663;233.89;36.14;113.62
45715;233.11;36.56;113.68
45763;232.82;36.82;113.59
45818;232.62;37.28;113.32
45863;232.28;37.60;112.83
45915;231.82;37.28;112.18
45963;230.55;35.28;111.49
46015;225.43;25.77;111.02
46063;218.35;11.38;111.08
46115;207.40;-15.24;111.63
46163;205.87;-14.96;109.30
46215;208.31;-5.35;105.50
46263;212.05;5.45;99.88
46318;217.05;24.08;96.76
46363;220.66;37.83;94.07
46415;227.46;55.91;91.72
46463;237.51;69.66;96.01
46515;229.51;77.44;85.91
46563;216.88;72.30;73.89
46615;217.25;57.93;80.16
46663;217.55;49.77;81.22
46715;215.43;48.33;81.81
46763;214.56;48.29;81.27
46817;214.40;48.30;80.64
46863;214.42;48.28;80.20
46915;214.19;48.19;79.67
46963;213.91;48.12;79.29
47013;213.71;47.98;78.86
47065;213.48;47.74;78.34
47113;213.23;47.25;77.79
47165;213.40;44.54;77.68
47213;213.98;39.78;78.83
47265;216.09;26.35;81.64
47316;219.42;10.24;81.79
47363;222.08;-2.91;77.19
47415;217.22;0.15;76.96
47463;212.35;5.93;73.00
47515;205.16;19.39;66.93
47563;199.37;30.52;61.12
47615;187.39;46.50;47.31
47663;175.49;56.75;32.85
47715;147.55;64.12;4.17
47763;134.70;60.61;-9.47
47817;145.50;54.60;-0.50
47863;165.46;50.40;17.80
47915;176.14;46.08;27.85
47963;176.51;44.64;29.97
48013;176.18;44.16;29.96
48065;175.58;44.44;28.96
48113;175.14;44.50;28.36
48165;174.26;44.13;27.62
48213;173.67;43.77;27.12
48265;173.10;43.01;26.95
48316;172.93;42.41;26.83
48363;172.67;41.52;26.91
48415;172.78;40.51;27.05
48463;173.21;39.65;27.35
48515;175.48;36.78;29.05
48563;182.30;31.49;34.53
48615;194.25;15.64;46.59
48663;202.66;1.03;51.89
48715;202.56;1.74;52.77
48763;202.18;6.90;53.18
48817;198.48;19.20;51.75
48863;193.39;31.18;48.97
48915;183.88;46.31;41.89
48963;171.07;55.14;29.68
49013;151.12;59.91;5.85
49065;131.73;57.34;-15.62
49113;126.74;54.10;-22.56
49165;144.15;51.70;-2.52
49213;157.09;50.17;8.77
49265;163.39;48.75;15.89
49316;163.77;47.89;16.66
49363;163.35;47.41;16.31
49415;162.67;47.38;15.34
49463;162.12;47.29;14.65
49515;161.41;46.96;13.81
49563;161.19;46.79;13.32
49615;161.19;46.43;13.05
49663;161.30;45.95;13.10
49715;161.31;44.85;13.42
49763;161.59;44.16;13.63
49818;162.76;42.79;14.63
49863;166.15;41.07;16.78
49915;177.69;35.96;26.27
49963;190.32;27.77;35.48
50013;208.50;12.91;43.57
50065;210.54;10.40;42.38
50113;205.48;13.74;41.01
50165;194.49;20.88;33.09
50213;183.08;26.88;25.52
50265;164.28;33.09;10.35
50316;149.03;35.36;-3.75
50363;133.18;37.64;-18.41
50415;116.52;32.72;-27.84
50463;117.88;31.31;-28.62
50515;135.11;32.04;-14.41
50563;145.20;33.45;-7.44
50615;149.55;33.03;-3.26
50663;149.84;32.31;-2.63
50715;149.64;31.66;-2.66
50763;149.54;31.42;-2.94
50818;149.43;31.06;-3.29
50863;149.46;30.75;-3.51
50915;149.80;30.13;-3.42
50963;150.13;29.58;-3.19
51015;150.53;28.82;-2.83
51063;151.07;28.15;-2.43
51115;153.82;27.11;-1.42
51163;159.26;26.63;1.54
51215;174.47;23.21;11.40
51263;191.42;17.15;20.72
51317;208.97;11.29;22.18
51363;203.23;11.90;21.80
51415;193.27;14.79;15.85
51463;182.35;17.43;11.18
51515;164.91;22.49;3.00
51563;151.17;24.95;-4.47
51615;135.38;25.47;-16.15
51663;123.52;23.01;-24.91
51715;112.72;18.14;-33.25
51763;124.13;20.33;-23.74
51817;138.34;23.91;-16.09
51863;141.06;23.37;-11.56
51915;141.98;22.39;-10.09
51963;141.76;21.93;-10.06
52015;141.69;21.63;-10.16
52063;141.59;21.33;-10.20
52115;141.43;20.89;-10.35
52163;141.42;20.58;-10.33
52215;141.53;20.17;-10.21
52263;141.76;19.88;-10.00
52317;142.45;19.43;-9.44
52363;143.60;19.14;-8.84
52415;148.98;19.45;-7.20
52463;158.01;20.23;-3.35
52515;178.81;19.30;6.89
52563;197.27;17.28;13.67
52615;196.11;16.96;12.91
52663;189.88;16.62;9.76
52715;175.95;15.50;1.35
52763;163.48;14.34;-4.44
52817;145.90;12.14;-14.07
52863;131.79;8.77;-22.26
52913;118.23;7.83;-30.29
52965;104.64;1.51;-28.59
53013;109.32;0.59;-28.89
53065;124.49;8.87;-29.99
53113;131.40;12.46;-26.55
53165;133.04;12.05;-23.93
53213;133.44;11.75;-23.03
53265;133.29;11.58;-22.75
53316;132.98;11.40;-22.71
53363;132.30;11.15;-22.97
53415;131.62;10.87;-22.93
53463;131.22;10.69;-22.84
53515;131.25;10.41;-22.22
53563;131.68;10.07;-21.41
53615;132.95;9.64;-20.11
53663;134.05;9.59;-19.33
53715;138.36;9.57;-18.00
53763;146.54;10.70;-14.49
53817;167.43;13.12;-5.94
53863;187.83;13.68;1.93
53913;185.96;13.79;1.06
53965;177.06;12.20;-1.43
54013;166.62;10.83;-4.68
54065;149.87;11.32;-10.09
54113;137.41;11.57;-14.55
54165;121.20;10.60;-23.34
54213;110.53;8.21;-29.18
54265;99.95;1.85;-30.85
74594;103.57;2.98;-30.33
74642;103.93;3.12;-29.85
74694;104.66;3.19;-28.95
74742;105.66;3.40;-28.49
74794;110.29;5.28;-27.53
74842;118.77;8.71;-24.77
74894;140.62;13.79;-15.48
74942;161.32;17.16;-9.39
74994;157.85;15.16;-11.61
75045;150.93;14.03;-14.24
75092;137.64;11.71;-18.44
75142;122.10;8.90;-22.80
75194;103.71;4.46;-27.75
75242;89.89;-0.44;-31.86
75294;74.11;-7.98;-36.97
75342;68.49;-11.19;-38.36
75394;76.95;-9.32;-35.01
75442;88.75;-2.96;-33.55
75494;96.39;1.49;-31.12
75545;97.41;1.50;-29.36
75592;97.44;1.47;-28.46
75644;97.16;1.78;-28.11
75692;97.15;1.77;-27.70
75744;97.33;1.84;-27.12
75792;97.55;1.98;-26.68
75844;98.26;1.85;-25.53
75892;98.74;1.64;-24.77
75944;99.65;1.70;-23.91
75992;101.45;2.42;-23.20
76046;107.14;4.52;-21.29
76092;116.94;6.87;-17.77
76142;135.92;9.43;-10.66
76194;157.55;12.63;-6.52
76242;151.71;11.06;-6.50
76294;141.12;10.33;-11.75
76342;128.98;8.05;-14.47
76394;111.87;5.12;-19.24
76442;99.26;2.26;-23.43
76494;80.98;-1.86;-31.29
76545;67.90;-6.83;-33.66
76592;61.11;-8.61;-36.29
76644;71.93;-6.42;-33.17
76692;83.21;-0.73;-30.49
76744;90.38;2.49;-26.47
76792;91.19;2.61;-25.14
76844;91.14;2.81;-24.51
76892;90.82;3.02;-24.33
76944;90.38;2.85;-23.94
76992;90.04;2.72;-23.71
77046;89.63;2.73;-23.35
77092;89.48;2.64;-22.96
77142;89.76;2.49;-22.30
77194;90.50;2.15;-21.26
77242;91.22;2.07;-20.57
77294;93.48;2.25;-19.75
77342;98.56;3.30;-18.67
77394;113.95;5.82;-13.54
77442;132.20;6.87;-7.01
77494;146.65;7.48;-2.82
77545;139.81;7.72;-1.80
77592;130.14;8.56;-6.21
77644;113.45;6.98;-10.38
77692;101.19;5.79;-15.11
77744;83.83;2.07;-23.32
77792;70.91;-0.43;-30.15
77844;56.77;-5.07;-35.59
77892;57.61;-7.61;-39.34
77944;69.55;-4.43;-30.21
77992;79.14;0.64;-27.46
78046;82.86;2.27;-24.18
78092;83.32;2.32;-23.54
78142;83.50;2.54;-23.20
78194;83.35;2.87;-22.99
78242;83.15;3.05;-22.84
78294;82.85;3.13;-22.56
78342;82.73;3.14;-22.25
78394;82.79;2.97;-21.62
78442;83.10;2.78;-21.00
78494;84.19;2.61;-20.23
78545;86.71;2.62;-20.25
78592;94.44;4.87;-18.52
78644;110.89;9.85;-13.60
78692;129.61;13.47;-8.29
78744;140.38;15.12;-11.49
78792;134.53;11.28;-13.58
78844;122.33;6.56;-22.03
78892;110.72;2.25;-25.58
78944;94.58;-3.79;-29.28
78992;82.93;-8.70;-31.80
79046;65.18;-14.60;-35.18
79092;55.72;-21.51;-32.49
79142;61.23;-25.87;-40.65
79194;77.39;-20.90;-36.64
79242;85.29;-15.74;-37.82
79294;86.20;-15.71;-34.39
79342;86.43;-15.76;-33.82
79394;86.20;-15.43;-33.70
79442;85.96;-15.12;-33.64
79494;85.73;-14.91;-33.21
79545;85.59;-14.87;-32.76
79592;85.40;-14.75;-32.09
79644;85.08;-14.63;-31.37
79692;85.05;-14.52;-30.88
79744;86.30;-14.41;-30.74
79792;89.91;-12.59;-30.81
79844;101.16;-6.35;-30.15
79892;115.36;0.03;-27.61
79944;138.16;7.64;-20.12
79992;137.23;1.07;-25.48
80046;130.25;-4.39;-30.98
80092;117.76;-7.16;-35.02
80144;103.57;-14.05;-37.96
80192;93.30;-23.14;-39.93
80244;74.86;-35.99;-37.45
80292;68.80;-39.92;-37.38
80344;92.41;-37.86;-45.08
80392;92.74;-33.35;-48.07
80444;90.77;-30.03;-46.14
80492;91.26;-30.66;-46.53
80547;91.04;-29.92;-46.31
80592;91.25;-29.48;-46.44
80644;91.38;-29.26;-46.14
80692;91.48;-29.22;-45.91
80744;91.46;-29.29;-45.50
80792;91.31;-29.09;-45.17
80844;91.20;-28.71;-44.80
80892;91.69;-28.37;-44.90
80944;94.22;-26.50;-45.61
80992;98.78;-22.19;-45.94
81045;109.78;-13.08;-45.28
81092;127.77;5.22;-46.25
81144;138.37;14.34;-40.85
81192;133.48;8.72;-40.68
81244;123.51;-1.40;-46.71
81292;114.41;-10.30;-47.39
81344;99.14;-22.46;-48.07
81392;86.33;-32.19;-47.09
81444;65.65;-43.15;-40.61
81492;51.11;-49.22;-29.73
81547;54.68;-51.24;-35.96
81592;66.40;-49.86;-41.93
81644;83.51;-41.80;-44.85
81692;89.91;-38.34;-47.46
81744;90.81;-37.36;-48.38
81792;90.64;-37.01;-48.24
81844;90.17;-36.35;-48.17
81892;89.72;-36.16;-47.93
81944;89.06;-36.15;-47.54
81992;88.71;-36.00;-47.10
82046;88.45;-35.67;-46.50
82092;88.41;-35.33;-46.08
82144;89.37;-34.46;-46.36
82192;92.15;-31.45;-47.78
82244;100.06;-22.86;-50.24
82292;109.14;-11.41;-50.29
82344;125.36;10.92;-47.22
82392;126.07;10.69;-47.86
82444;121.37;1.97;-48.18
82492;115.20;-5.75;-49.89
82546;102.40;-17.46;-49.70
82592;90.94;-25.57;-47.34
82644;72.01;-35.77;-42.90
82692;55.37;-42.09;-36.95
82744;39.76;-49.10;-24.63
82792;41.47;-49.48;-28.25
82844;61.89;-43.21;-42.72
82892;69.03;-37.10;-47.75
82942;73.11;-33.26;-48.36
82994;73.90;-33.04;-46.91
83045;73.79;-32.92;-46.31
83092;73.85;-32.79;-45.69
83144;73.47;-32.70;-45.17
83192;73.26;-32.44;-44.92
83244;73.06;-31.99;-44.48
83292;72.99;-31.69;-44.16
83344;73.35;-31.28;-43.84
83392;74.46;-30.82;-43.85
83444;79.45;-26.80;-45.93
83492;87.02;-19.61;-47.39
83546;104.15;-2.39;-46.31
83592;117.69;13.69;-44.96
83644;115.94;7.69;-44.11
83692;112.88;0.50;-45.84
83744;104.57;-12.59;-47.63
83792;94.95;-21.52;-47.73
83844;78.01;-33.52;-44.16
83892;59.96;-41.19;-37.21
83944;30.34;-44.38;-19.74
83992;22.72;-45.69;-11.97
84046;39.21;-44.45;-25.69
84092;53.78;-38.02;-34.51
84144;61.21;-33.87;-36.79
84192;62.28;-33.83;-36.01
84244;62.01;-33.49;-35.46
84292;61.86;-32.91;-35.22
84344;61.36;-32.38;-34.75
84392;61.06;-32.11;-34.33
84444;60.83;-31.94;-33.57
84492;60.76;-31.70;-33.15
84547;60.78;-31.44;-32.51
84592;61.43;-31.19;-32.33
84644;65.02;-29.94;-33.83
84692;72.04;-25.86;-35.93
84744;87.96;-15.77;-38.10
84792;103.83;-4.12;-37.12
84842;114.07;3.92;-38.17
84894;108.64;-3.75;-38.00
84942;102.13;-9.34;-39.83
84994;87.84;-18.41;-38.90
85045;74.92;-23.60;-37.04
85092;55.76;-29.89;-31.30
85144;31.47;-33.21;-22.39
85192;16.48;-34.93;-15.35
85244;12.05;-38.19;-17.99
85292;18.75;-39.72;-17.64
85344;43.29;-31.12;-28.93
85392;50.40;-27.88;-32.53
85444;52.39;-28.82;-29.26
85492;52.57;-28.92;-28.15
85546;52.56;-28.52;-27.41
85592;52.74;-28.14;-27.01
85644;52.83;-27.85;-26.40
85692;52.79;-27.67;-26.01
85744;52.80;-27.25;-25.77
85792;53.12;-26.94;-25.69
85844;54.29;-26.64;-26.23
85892;56.78;-25.43;-27.06
85944;65.68;-20.91;-29.48
85992;75.98;-15.42;-30.43
86046;96.74;-3.15;-30.95
86092;105.37;4.27;-31.88
86144;104.71;2.27;-24.56
86192;104.69;2.88;-26.34
86244;99.52;-1.21;-27.15
86292;92.63;-4.57;-28.91
86344;77.21;-11.46;-29.70
86392;64.33;-17.02;-28.18
86444;44.73;-25.65;-25.39
86492;31.55;-28.47;-24.30
86547;15.42;-31.44;-15.50
86592;13.09;-33.43;-12.19
86644;28.77;-30.12;-21.66
86692;39.46;-24.80;-27.58
86742;42.63;-23.03;-26.09
86794;43.31;-22.76;-24.65
86842;43.77;-22.51;-24.20
86894;44.20;-21.61;-24.20
86942;44.43;-20.84;-24.31
86994;44.59;-19.93;-24.44
87045;44.66;-19.61;-24.35
87092;44.79;-19.58;-24.10
87144;45.51;-20.02;-23.94
87192;46.71;-19.70;-23.94
87244;50.62;-17.74;-24.66
87292;56.94;-14.59;-25.86
87344;73.13;-5.67;-27.72
87392;90.63;4.45;-29.25
87444;101.64;7.08;-29.42
87492;97.93;1.21;-27.71
87547;85.86;-7.62;-27.69
87592;72.29;-12.77;-26.16
87644;52.43;-17.82;-22.90
87692;38.20;-21.98;-21.02
87742;21.43;-23.50;-21.75
87794;8.74;-24.53;-15.21
87842;8.60;-22.93;-14.47
87894;27.50;-16.88;-19.39
87942;34.77;-13.58;-21.23
87994;39.38;-11.19;-20.37
88045;39.69;-11.75;-19.31
88092;39.81;-11.87;-18.14
88144;39.88;-11.68;-17.05
88192;39.86;-11.49;-16.36
88244;39.72;-11.32;-15.63
88292;39.61;-11.07;-15.07
88344;39.63;-10.78;-14.42
88392;39.88;-10.67;-14.04
88444;41.57;-10.73;-13.43
88492;46.16;-10.27;-13.59
88546;62.00;-8.27;-13.94
88592;83.72;-3.49;-14.91
88644;97.26;0.44;-15.94
88692;90.16;-3.48;-13.76
88744;74.15;-7.33;-15.29
88792;59.56;-7.96;-13.64
88844;36.96;-6.43;-12.68
88892;22.20;-7.17;-12.52
88944;4.47;-10.01;-16.80
88992;354.37;-14.31;-15.29
89046;353.47;-12.56;-13.51
89092;5.23;-11.50;-13.54
89144;16.40;-2.50;-16.82
89192;19.07;0.28;-18.06
89244;19.39;0.57;-16.86
89292;19.56;0.29;-15.42
89344;19.44;0.16;-14.34
89392;19.36;0.10;-13.78
89444;19.46;-0.21;-12.79
89492;19.60;-0.48;-11.91
89546;20.21;-0.66;-10.77
89592;21.22;-0.71;-10.08
89642;23.47;-1.85;-9.24
89694;31.87;-2.32;-8.30
89742;43.83;-1.88;-7.55
89794;72.29;1.12;-7.11
89842;84.53;4.10;-11.43
89894;76.26;-0.66;-9.18
89942;66.69;-3.45;-12.46
89994;48.46;-5.92;-12.68
90045;34.03;-6.15;-12.70
90092;15.99;-8.05;-12.61
90144;359.39;-9.10;-15.94
90192;347.93;-11.67;-14.62
90244;344.36;-10.84;-14.30
90292;351.10;-10.19;-14.41
90344;7.73;-6.77;-14.41
90392;11.43;-5.90;-12.14
90444;12.45;-5.76;-10.42
90492;12.36;-5.45;-9.93
90547;12.25;-4.88;-9.58
90592;12.20;-4.54;-9.24
90642;12.16;-4.22;-8.91
90694;12.28;-3.88;-8.37
90742;12.54;-3.88;-7.77
90794;13.34;-3.86;-7.10
90842;14.71;-3.97;-6.58
90894;19.96;-4.09;-5.92
90942;28.98;-2.69;-4.87
90994;54.33;1.34;-2.85
91045;73.39;5.93;-4.83
91092;69.40;1.74;-1.47
91144;57.16;-1.84;-4.80
91192;44.36;-3.17;-4.06
91244;24.30;-1.56;-5.63
91292;10.18;-1.14;-7.20
91344;351.89;-1.75;-11.29
91392;338.95;-1.01;-15.02
91444;329.50;-4.16;-15.52
91492;337.21;-4.24;-15.48
91546;351.72;-0.00;-19.56
91592;0.85;4.82;-18.07
91642;2.34;3.98;-14.26
91694;2.87;3.56;-13.37
91742;3.14;3.68;-13.09
91794;3.38;3.64;-12.31
91842;3.46;3.53;-11.84
91894;3.71;3.26;-10.84
91942;3.91;3.19;-10.18
91994;4.45;2.87;-9.28
92045;5.67;2.21;-8.62
92092;11.10;1.09;-8.30
92144;26.49;2.27;-4.80
92192;46.91;2.47;-0.46
92244;68.95;1.02;7.59
92292;62.24;-1.51;6.43
92344;48.97;-4.15;1.92
92392;36.65;-4.63;-0.75
92444;18.00;-2.16;-6.09
92492;3.45;-2.16;-9.74
92547;345.14;-3.85;-12.53
92592;327.99;-4.72;-15.32
92644;319.09;-5.21;-15.89
92692;326.68;-3.26;-10.69
92744;341.71;1.73;-7.96
92792;349.22;8.63;-10.20
92844;352.79;12.11;-13.55
92892;353.19;12.58;-13.48
92944;353.63;12.44;-13.07
92992;353.82;12.23;-12.53
93046;353.88;11.51;-11.73
93092;353.71;10.51;-11.03
93144;353.80;9.50;-10.35
93192;354.06;8.71;-9.58
93244;355.47;6.90;-8.84
93292;0.22;6.27;-8.65
93344;14.33;6.84;-6.79
93392;32.60;5.53;-1.42
93444;60.74;5.05;0.32
93492;55.47;4.01;0.68
93546;43.07;2.92;-1.92
93592;30.32;1.84;-2.78
93644;12.41;3.78;-5.68
93692;358.51;4.25;-7.68
93742;343.73;3.50;-12.51
93794;323.41;2.63;-20.80
93842;314.31;-0.57;-19.59
93894;319.54;-0.01;-19.27
93942;332.80;4.65;-17.38
93994;342.60;6.63;-11.15
94045;344.14;5.06;-6.72
94092;344.05;4.51;-5.64
94144;343.82;4.80;-5.77
94192;343.67;4.87;-5.72
94244;343.71;4.55;-5.61
94292;343.90;3.91;-5.13
94344;344.58;2.96;-3.96
94392;345.29;2.33;-3.21
94444;346.89;1.07;-2.36
94492;350.74;-0.59;-2.07
94823;284.81;-16.64;-8.70
94871;270.79;-15.48;-8.36
94923;251.44;-14.57;-7.77
94971;238.98;-13.44;-8.55
95021;221.57;-14.03;-5.53
95073;214.48;-20.15;-5.68
95121;221.94;-19.06;-4.79
95173;242.20;-16.94;-6.13
95221;245.75;-15.21;-7.41
95275;246.34;-14.10;-7.43
95321;246.24;-13.07;-7.84
95373;245.91;-11.79;-8.47
95421;245.59;-11.16;-8.61
95473;245.33;-10.83;-8.25
95521;245.40;-10.40;-8.17
95573;245.91;-9.78;-8.21
95621;246.74;-9.74;-8.22
95673;249.80;-9.61;-8.86
95721;255.08;-8.59;-9.81
95776;270.62;-7.33;-11.26
95821;289.65;-6.62;-9.36
95873;313.13;-0.92;-12.23
95921;307.56;-3.90;-12.10
95971;298.50;-7.04;-12.66
96023;282.28;-9.55;-11.95
96071;268.68;-9.77;-11.45
96123;250.31;-10.15;-11.33
96171;237.12;-9.79;-13.71
96223;216.47;-9.19;-15.68
96274;209.08;-11.74;-13.73
96321;216.72;-10.81;-15.36
96373;229.89;-1.12;-21.43
96421;238.60;0.53;-14.69
96473;240.67;-1.11;-13.08
96521;240.78;-1.55;-12.35
96573;240.62;-1.21;-12.05
96621;240.62;-1.10;-11.51
96673;240.65;-0.94;-10.81
96721;240.80;-0.88;-10.15
96775;241.28;-0.81;-9.22
96821;242.09;-1.28;-8.27
96873;244.74;-2.66;-6.69
96921;250.95;-2.68;-6.46
96973;267.21;-0.82;-6.04
97021;287.69;-1.38;-0.50
97073;305.97;1.99;-3.43
97121;298.73;0.58;-1.07
97173;284.10;-0.71;-4.31
97221;270.77;-1.20;-6.02
97275;250.94;-1.57;-7.36
97321;236.72;-3.64;-9.69
97373;220.37;-4.09;-14.69
97421;205.77;-5.97;-13.90
97473;203.09;-8.44;-16.04
97521;210.02;-8.58;-15.86
97573;226.78;-2.13;-15.43
97621;231.12;-1.43;-12.67
97673;231.45;-1.18;-11.86
97721;231.76;-0.70;-11.70
97775;231.94;-0.07;-11.65
97821;231.98;0.06;-11.42
97871;231.91;-0.02;-10.89
97923;231.93;-0.14;-10.12
97971;232.24;-0.05;-9.49
98023;233.13;0.01;-8.74
98071;234.47;-0.61;-8.87
98123;241.41;-1.14;-9.30
98171;251.37;0.47;-9.54
98223;275.20;5.50;-7.75
98274;290.40;9.33;-6.40
98321;288.63;6.25;-3.95
98373;280.28;-0.51;-8.78
98421;269.91;-5.05;-9.69
98473;252.45;-6.33;-11.66
98521;238.43;-6.84;-12.45
98573;219.49;-6.71;-15.80
98621;207.20;-5.93;-18.98
98673;195.86;-7.93;-18.37
98721;200.16;-6.58;-15.42
98775;213.49;0.53;-15.42
98821;221.77;3.93;-14.89
98871;224.22;3.88;-12.03
98923;224.55;3.40;-10.64
98971;224.63;3.53;-10.32
99023;224.75;3.47;-9.55
99071;224.84;3.39;-8.93
99123;224.93;3.16;-7.98
99171;225.10;3.01;-7.20
99223;225.78;2.78;-6.23
99274;226.59;2.62;-5.64
99321;229.15;1.58;-5.17
99373;238.64;1.22;-3.42
99421;251.51;2.09;-2.22
99473;279.31;5.71;2.27
99521;283.07;6.84;4.39
99573;276.86;3.84;1.51
99621;266.75;0.81;-0.92
99673;250.10;0.05;-3.34
99721;236.88;0.27;-5.42
99775;218.55;0.36;-11.39
99821;204.14;0.61;-16.01
99871;191.33;0.28;-18.63
99923;185.41;-3.10;-18.24
99971;194.07;-0.90;-16.11
100023;210.77;8.73;-17.37
100071;217.74;13.01;-18.57
100123;219.06;12.50;-13.85
100171;219.43;11.32;-11.73
100223;219.37;10.36;-10.43
100274;219.46;9.78;-9.38
100321;219.94;9.08;-8.26
100373;220.58;8.42;-6.85
100421;221.17;8.07;-5.83
100473;222.23;7.78;-4.94
100521;223.42;7.14;-4.16
100573;229.66;5.95;-3.36
100621;238.85;5.35;-1.21
100673;265.10;2.83;4.50
100721;281.52;3.51;6.22
100775;275.30;4.90;10.35
100821;265.78;2.66;6.71
100873;251.96;-0.10;3.53
100921;239.60;0.53;0.64
100973;221.18;2.43;-3.77
101021;207.44;3.39;-8.20
101073;190.72;3.57;-14.34
101121;181.88;-0.09;-17.12
101173;183.00;-0.03;-17.06
101221;188.78;2.68;-17.03
101275;203.09;7.54;-13.89
101321;207.25;7.96;-10.47
101373;207.77;7.25;-9.54
101421;207.82;7.10;-9.25
101473;208.06;6.57;-8.16
101521;208.21;6.20;-7.51
101573;208.43;5.75;-6.62
101621;208.67;5.42;-5.93
101673;209.23;5.04;-4.99
101721;209.90;4.75;-4.44
101775;212.18;3.48;-3.75
101821;219.41;2.87;-3.92
101873;232.85;2.81;-1.24
101921;251.61;1.06;6.23
101973;270.08;4.16;6.20
102021;265.53;4.59;9.62
102073;252.84;2.02;0.04
102121;239.91;-0.89;-2.83
102173;221.64;-2.26;-7.29
102221;208.00;-3.86;-10.10
102275;187.80;-3.47;-15.37
102321;174.59;-2.80;-14.82
102373;171.92;-3.34;-15.43
102421;182.44;-2.41;-12.61
102473;201.05;0.99;-8.40
102521;206.51;3.16;-9.44
102573;206.90;5.00;-9.80
102621;207.05;5.79;-9.89
102673;207.01;5.92;-9.16
102721;206.98;5.89;-8.71
102774;206.76;5.47;-7.91
102821;206.61;5.20;-7.26
102873;206.81;5.21;-7.01
102921;207.25;5.15;-6.79
102973;210.22;5.32;-7.21
103021;216.75;5.22;-7.41
103073;233.86;4.05;-4.53
103121;256.18;3.29;-1.55
103173;268.25;2.26;-1.98
103221;264.41;0.79;-0.46
103275;252.34;-2.62;-1.76
103321;239.92;-4.10;-2.17
103373;222.04;-3.03;-2.93
103421;207.87;-2.27;-4.43
103473;188.89;-2.10;-9.34
103521;176.62;-0.64;-14.08
103573;162.70;-3.54;-13.96
103621;166.06;-3.21;-15.01
103673;178.84;1.24;-13.40
103721;186.15;4.27;-13.85
103774;190.46;5.07;-10.57
103821;190.91;4.51;-9.35
103873;191.35;4.49;-9.04
103921;191.54;4.20;-8.33
103973;191.80;3.54;-7.37
104021;191.97;3.03;-6.54
104073;192.53;2.39;-5.60
104121;193.22;1.65;-5.22
104173;195.58;0.36;-4.93
104221;201.19;0.05;-5.25
104275;216.19;0.48;-3.51
104323;239.52;-1.25;1.20
104371;257.92;-0.21;0.22
104423;250.57;-3.33;2.49
104471;243.07;-6.46;-0.54
104523;228.14;-9.35;-1.80
104571;215.44;-8.14;-3.22
104623;197.39;-5.62;-5.04
104671;183.08;-3.57;-8.69
104721;166.07;0.82;-12.98
104775;155.06;0.05;-11.84
104821;160.10;-1.24;-12.55
104873;172.62;5.45;-17.40
104921;181.22;9.84;-17.82
104973;182.84;10.85;-16.98
105021;183.09;10.21;-15.26
105073;183.00;9.87;-14.67
105121;183.10;9.71;-14.31
105173;183.20;9.21;-13.50
105221;183.46;8.81;-12.75
105275;184.20;8.25;-11.27
105321;184.95;7.84;-10.53
105373;186.59;6.60;-9.53
105421;189.79;5.28;-9.03
105473;201.72;5.50;-8.81
105521;215.87;5.00;-6.66
105573;246.28;5.48;-5.02
105621;245.89;6.21;-5.19
105671;239.30;4.77;-6.11
105723;225.17;1.72;-8.07
105774;213.60;0.72;-8.76
105821;197.59;-0.68;-9.63
105873;180.08;-4.05;-11.59
105921;167.52;-5.74;-14.45
105973;148.88;-6.90;-15.66
106021;144.63;-8.28;-16.06
106073;152.40;-7.33;-12.10
106121;162.59;-1.74;-17.72
106173;173.06;4.53;-18.73
106221;174.41;5.22;-16.58
106275;175.42;5.00;-15.06
106321;175.99;4.93;-14.16
106373;176.21;4.82;-13.37
106421;176.21;4.60;-12.77
106473;176.28;4.38;-12.06
106521;176.56;4.15;-11.45
106573;177.36;3.61;-10.64
106621;178.95;2.74;-10.30
106673;184.52;2.32;-9.81
106721;193.22;2.44;-8.71
106775;215.59;1.50;-4.48
106821;236.97;5.15;-8.50
106873;235.63;8.90;-4.97
106921;230.11;7.63;-6.94
106973;218.23;-0.99;-10.51
107021;207.14;-4.07;-10.97
107073;189.17;-5.84;-10.05
107121;175.05;-7.42;-9.56
107173;157.64;-9.44;-11.56
107221;146.88;-9.73;-13.73
107275;137.95;-12.10;-11.59
107321;147.36;-6.15;-14.64
107373;162.64;0.47;-18.05
107421;166.20;2.06;-18.12
107473;167.10;1.18;-15.13
107521;166.92;0.99;-14.47
107571;166.84;0.86;-13.73
107623;166.80;0.66;-12.65
107671;166.79;0.51;-11.93
107723;167.03;0.35;-10.86
107774;167.49;0.33;-10.16
107821;168.27;0.43;-9.53
107873;170.46;-0.40;-8.85
107921;175.92;-0.63;-9.46
107973;190.83;-1.79;-8.16
108021;210.66;-2.95;-5.11
108073;232.35;-0.14;-6.79
108121;227.07;-1.07;-5.32
108173;215.96;-4.55;-7.27
108221;204.71;-7.11;-7.12
108275;187.26;-7.80;-6.79
108321;172.99;-8.13;-6.71
108373;154.68;-8.26;-9.33
108421;140.81;-6.18;-12.92
108473;129.93;-6.68;-11.86
108521;133.98;-5.99;-10.48
108573;147.85;-1.08;-10.83
108621;155.76;2.62;-12.71
108673;157.00;2.07;-11.26
108721;156.87;1.63;-10.09
108775;156.67;1.27;-9.21
108821;156.56;0.70;-8.07
108873;156.60;0.19;-7.10
108921;156.88;-0.26;-6.29
108973;157.53;-0.63;-5.22
109021;158.40;-1.18;-4.73
109073;160.74;-2.71;-4.58
109121;165.86;-3.01;-5.26
109173;179.84;-3.95;-5.08
109221;196.80;-7.12;-2.98
109275;226.43;-7.71;-6.52
109321;221.28;-8.99;-5.66
109373;210.32;-9.82;-5.49
109421;198.08;-9.70;-3.58
109471;182.39;-7.39;-1.90
109523;163.01;-5.16;-2.92
109571;149.37;-4.37;-5.58
109623;130.26;-2.51;-10.85
109671;122.47;-3.89;-10.35
109723;128.79;-3.66;-8.43
109774;142.18;0.12;-12.34
109821;148.83;2.55;-10.07
109873;150.01;1.80;-5.97
109921;149.85;1.98;-5.52
109973;149.71;1.94;-5.05
110021;149.65;1.50;-4.35
110073;149.71;1.07;-3.56
110121;149.85;0.56;-2.65
110173;150.37;0.18;-1.66
110221;151.11;-0.19;-1.31
110275;152.73;-1.36;-1.33
110321;156.87;-2.59;-2.01
110373;170.04;-3.45;-2.02
110421;187.32;-5.57;0.02
110473;213.38;-6.44;-0.50
110521;210.86;-5.84;-0.21
110573;202.57;-5.71;-2.42
110621;192.57;-5.69;-3.20
110673;176.08;-3.38;-3.72
110721;162.88;-2.20;-4.73
110775;145.22;-3.24;-7.72
110821;131.96;-5.53;-12.92
110873;120.23;-12.30;-17.83
110921;120.09;-17.90;-17.45
110973;136.26;-17.76;-13.73
111021;142.71;-15.92;-14.19
111073;145.24;-14.62;-13.47
111121;145.23;-14.20;-13.08
111173;145.05;-13.36;-13.03
111221;144.83;-12.74;-13.04
111276;144.90;-11.97;-12.92
111321;145.09;-11.45;-12.63
111373;145.37;-11.00;-11.93
111421;145.98;-10.74;-11.38
111473;147.17;-10.20;-11.30
111521;148.68;-9.89;-11.31
111573;154.97;-8.52;-12.84
111621;163.93;-7.39;-13.83
111673;185.83;-0.87;-16.97
111721;205.78;6.28;-19.99
111776;202.96;1.60;-24.98
111821;197.55;-3.21;-29.07
111873;184.52;-9.17;-31.92
111921;171.88;-12.28;-31.50
111973;153.23;-19.46;-28.09
112021;140.39;-26.61;-25.34
112073;122.83;-33.91;-19.88
112121;111.32;-42.26;-14.43
112173;117.40;-44.34;-20.43
112221;121.53;-41.83;-22.13
112275;143.12;-33.90;-30.00
112321;145.18;-34.65;-26.89
112373;145.30;-35.32;-25.59
112421;144.89;-34.85;-25.75
112473;144.61;-34.17;-25.66
112521;144.60;-33.90;-25.40
112573;144.62;-33.55;-25.02
112621;144.91;-33.38;-24.30
112673;145.90;-33.20;-24.32
112721;147.32;-32.97;-25.00
112776;152.09;-32.73;-27.29
112821;159.24;-30.47;-30.02
112873;173.17;-22.66;-32.78
112921;189.73;-10.77;-35.57
112973;205.55;6.73;-42.20
113021;202.41;1.61;-39.59
113073;194.01;-7.31;-41.12
113121;184.15;-15.35;-40.04
113173;168.02;-25.05;-36.14
113221;153.48;-32.20;-31.01
113275;128.23;-38.98;-17.22
113321;106.30;-40.82;-4.66
113373;103.19;-41.63;-5.47
113421;114.87;-42.90;-7.32
113473;130.66;-34.59;-16.17
113521;134.54;-31.44;-20.98
113573;135.33;-30.90;-20.95
113621;135.57;-30.44;-20.75
113673;135.66;-30.05;-20.56
113721;135.68;-29.82;-20.31
113776;135.57;-29.62;-20.11
113821;135.65;-29.50;-19.99
113873;136.18;-29.06;-20.28
113921;137.17;-28.71;-20.93
113973;142.72;-26.85;-23.38
114021;151.49;-22.23;-26.70
114073;171.55;-10.37;-30.35
114121;190.89;3.15;-29.29
114173;195.76;2.23;-30.64
114221;193.36;-3.67;-32.83
114275;182.88;-13.37;-32.08
114321;169.98;-19.00;-30.02
114373;150.42;-23.88;-24.08
114421;135.38;-26.76;-18.68
114473;112.81;-29.00;-14.16
114521;95.31;-31.67;-9.05
114573;90.19;-33.25;-10.21
114621;100.89;-31.65;-13.24
114673;119.46;-24.34;-20.61
114721;121.53;-23.11;-21.36
115052;119.57;-21.77;-17.15
115100;119.50;-21.77;-16.54
115152;121.65;-21.19;-17.15
115200;128.35;-19.47;-20.23
115252;141.76;-12.55;-23.66
115300;158.06;-6.94;-24.68
115352;185.85;4.70;-23.97
115400;184.21;3.17;-24.68
115452;176.79;-2.99;-25.01
115503;167.57;-9.16;-24.27
115550;153.18;-14.83;-23.04
115602;134.06;-19.65;-20.69
115650;119.08;-22.59;-19.06
115702;97.95;-23.01;-16.74
115750;85.30;-24.13;-10.54
115802;88.91;-22.49;-12.25
115850;99.09;-22.55;-14.60
115902;111.69;-16.83;-13.56
115950;113.07;-15.64;-14.17
116004;113.06;-14.98;-14.54
116050;112.93;-14.47;-14.31
116100;112.88;-13.96;-14.03
116152;112.83;-13.51;-13.65
116200;112.85;-13.27;-13.23
116252;113.18;-12.88;-12.62
116300;113.57;-12.50;-12.44
116352;114.59;-11.94;-12.36
116400;116.92;-11.46;-12.57
116452;124.31;-9.77;-13.52
116503;134.86;-7.73;-13.68
116550;156.34;-1.55;-12.83
116602;167.91;3.91;-17.09
116650;165.24;1.26;-15.05
116702;156.24;-5.63;-17.77
116750;146.76;-10.06;-18.48
116802;130.01;-14.23;-17.85
116850;116.44;-17.32;-17.10
116902;99.55;-19.09;-18.28
116950;88.33;-18.81;-18.55
117003;78.46;-25.60;-8.16
117050;83.68;-25.10;-10.39
117102;96.93;-21.71;-18.93
117150;103.06;-19.04;-14.91
117202;108.32;-14.86;-20.60
117250;108.66;-14.29;-20.22
117302;109.09;-13.25;-20.06
117350;109.18;-12.73;-19.92
117402;109.19;-12.27;-19.55
117450;109.24;-12.08;-19.17
117504;109.49;-11.90;-18.64
117550;109.99;-11.79;-18.39
117602;111.28;-11.99;-18.08
117650;113.39;-12.05;-18.46
117702;120.08;-10.16;-18.92
117750;130.62;-7.82;-18.74
117802;155.62;-0.57;-17.38
117850;167.68;5.18;-18.08
117900;165.29;3.13;-13.97
117952;158.35;-1.85;-18.95
118003;148.27;-6.45;-18.91
118050;133.75;-10.50;-18.50
118102;115.51;-15.01;-17.36
118150;101.99;-17.70;-17.99
118202;85.53;-20.62;-19.18
118250;75.56;-23.60;-19.08
118302;74.11;-23.84;-13.60
118350;88.11;-22.69;-14.93
118402;98.89;-18.91;-16.41
118450;101.03;-17.81;-15.27
118504;101.12;-16.89;-15.08
118550;100.88;-16.17;-15.06
118602;100.41;-15.43;-14.96
118650;100.12;-15.12;-14.72
118702;99.80;-14.99;-14.08
118750;99.70;-14.65;-13.81
118800;99.80;-14.08;-13.49
118852;100.09;-13.33;-13.05
118900;100.52;-12.81;-12.72
118952;102.74;-12.08;-12.70
119003;107.65;-10.53;-13.24
119050;118.20;-7.08;-13.11
119102;141.03;0.08;-10.04
119150;153.26;5.14;-13.16
119202;151.67;4.18;-10.13
119250;147.97;2.42;-11.16
119302;135.64;-0.54;-11.03
119350;124.54;-1.97;-11.68
119402;107.60;-4.31;-12.79
119450;93.90;-6.32;-14.98
119504;76.78;-7.77;-17.54
119550;64.81;-12.06;-16.38
119602;65.72;-14.17;-16.70
119650;77.56;-14.65;-14.01
119700;85.88;-13.07;-12.85
119752;94.70;-10.58;-11.06
119800;95.02;-9.96;-11.32
119852;94.93;-8.96;-11.50
119900;94.81;-8.28;-11.61
119952;94.59;-7.57;-11.49
120003;94.37;-7.05;-11.45
120050;93.98;-6.51;-11.34
120102;93.74;-5.76;-11.44
120150;93.96;-4.97;-11.99
120202;95.67;-3.68;-12.68
120250;99.20;-2.33;-13.66
120302;112.01;-1.11;-11.20
120350;129.73;1.37;-9.28
120402;148.46;7.81;-11.30
120450;145.26;6.72;-7.80
120504;136.83;3.21;-10.43
120550;125.70;-0.38;-10.63
120602;110.18;-3.62;-11.89
120650;96.08;-6.63;-13.27
120702;77.01;-9.92;-15.39
120750;63.94;-9.33;-19.36
120802;51.94;-11.58;-15.59
120850;57.74;-8.49;-18.42
120902;72.53;1.09;-24.59
120950;79.41;4.32;-23.97
121005;82.63;2.28;-15.26
121050;82.61;2.01;-14.32
121102;82.38;2.56;-14.49
121150;82.27;2.66;-14.21
121202;82.15;2.64;-13.63
121250;82.10;2.44;-12.82
121302;82.15;2.48;-11.65
121350;82.33;2.39;-10.77
121402;83.18;1.99;-9.52
121450;84.67;1.45;-8.66
121504;90.59;-0.14;-6.69
121550;99.50;0.81;-6.02
121600;117.30;2.14;-1.65
121652;142.63;7.65;-2.82
121700;140.59;6.72;-1.33
121752;133.29;4.64;-5.20
121800;123.16;3.12;-6.96
121852;107.44;3.03;-8.17
121900;93.74;2.49;-9.57
121952;75.12;-1.43;-12.71
122003;61.34;-4.70;-17.52
122050;48.49;-9.89;-16.89
122102;51.14;-6.83;-18.37
122150;64.68;0.83;-20.70
122202;71.61;3.85;-20.39
122250;72.54;3.88;-18.40
122302;72.25;3.91;-17.60
122350;72.09;3.96;-17.07
122402;71.83;3.72;-16.02
122450;71.73;3.46;-15.31
122504;71.73;3.16;-14.27
122550;71.88;3.03;-13.59
122600;72.13;3.08;-13.32
122652;72.75;2.68;-12.75
122700;74.26;2.07;-12.22
122752;81.09;2.06;-11.97
122800;91.80;2.96;-11.52
122852;116.83;1.63;-3.89
122900;133.88;3.77;-7.95
122952;127.98;0.68;-9.21
123003;120.84;-0.91;-10.04
123050;106.25;-3.00;-8.71
123102;88.69;-3.53;-9.40
123150;74.09;-4.77;-10.25
123202;55.05;-5.53;-14.33
123250;42.45;-3.30;-15.29
123302;37.35;-2.29;-12.80
123350;44.06;-1.73;-11.93
123402;63.22;5.26;-9.74
123450;67.52;9.15;-9.65
123504;67.30;9.76;-8.93
123550;67.64;9.06;-7.28
123600;67.83;8.35;-6.38
123652;67.89;8.22;-6.42
123700;67.78;7.72;-5.57
123752;67.62;7.30;-4.83
123800;67.71;7.29;-4.40
123852;67.98;7.04;-3.45
123900;68.79;6.51;-2.96
123952;74.91;5.30;-2.85
124003;83.58;5.34;-1.65
124050;102.96;6.54;1.75
124102;125.17;8.42;1.27
124150;124.89;7.68;7.35
124202;118.85;2.76;10.13
124250;108.29;-1.40;10.37
124302;93.02;-2.23;11.36
124350;79.92;1.99;9.64
124402;62.32;7.32;5.33
124450;51.54;10.73;0.60
124504;30.66;11.83;-12.42
124550;30.27;11.35;-15.18
124600;38.08;11.67;-7.73
124652;57.51;16.37;-3.33
124700;60.33;16.98;-2.03
124752;60.33;16.04;-1.24
124800;60.33;15.49;-1.13
124852;60.17;14.61;-0.75
124900;60.11;14.03;-0.63
124952;60.16;13.15;-0.25
125003;60.45;12.37;0.12
125050;60.95;11.43;0.45
125102;62.10;10.21;0.90
125150;64.29;8.78;1.66
125202;75.32;6.72;2.92
125250;88.37;5.61;5.48
125302;118.74;2.15;13.51
125350;126.42;2.54;11.33
125402;119.09;2.05;11.75
125450;111.07;1.42;9.81
125504;95.39;2.01;7.46
125550;81.74;4.19;3.72
125600;65.91;5.61;-0.63
125652;48.08;7.39;-7.36
125700;31.12;9.96;-15.37
125752;23.15;6.22;-13.89
125800;30.68;5.98;-11.24
125852;48.40;10.55;-7.33
125900;51.52;13.10;-8.19
125952;52.46;13.20;-6.17
126003;52.25;13.19;-6.52
126050;51.90;12.88;-6.69
126102;51.75;12.07;-6.42
126150;51.74;11.25;-5.91
126202;52.02;10.52;-5.55
126250;52.46;10.03;-5.38
126302;53.45;9.27;-5.38
126350;54.81;8.28;-5.34
126400;60.51;6.88;-4.75
126452;74.29;6.48;-3.17
126503;90.55;5.22;0.62
126550;116.28;4.66;4.30
126600;113.07;6.90;7.77
126652;105.07;6.77;3.68
126700;94.51;5.04;-0.01
126752;77.54;3.68;-3.49
126800;64.64;2.52;-6.12
126852;46.79;0.41;-11.87
126900;34.27;1.26;-16.87
126952;16.47;-0.66;-17.55
127003;16.10;-3.20;-17.38
127050;25.03;-4.31;-16.47
127102;43.91;1.13;-13.39
127150;44.53;0.06;-9.58
127202;44.89;-0.73;-7.03
127250;44.86;-0.52;-6.76
127302;44.88;-0.38;-6.50
127350;44.95;-0.47;-6.09
127402;45.02;-0.68;-5.44
127450;45.24;-0.90;-4.82
127504;45.74;-0.75;-4.02
127550;46.07;-0.82;-3.46
127600;47.15;-1.49;-3.58
127652;53.67;-3.60;-3.92
127700;62.84;-2.64;-3.98
127752;85.38;0.36;-1.39
127800;105.07;4.74;-1.38
127852;105.22;1.99;-3.20
127900;102.26;-1.40;-6.80
127952;90.92;-4.83;-9.50
128003;79.57;-5.24;-10.15
128050;63.52;-5.57;-11.48
128102;43.61;-7.94;-13.53
128150;29.09;-8.38;-17.14
128202;13.24;-12.51;-13.90
128250;13.86;-14.35;-19.66
128302;29.11;-15.47;-22.01
128350;39.38;-11.34;-18.89
128402;40.57;-10.40;-18.28
128450;40.47;-9.84;-18.08
128504;40.16;-8.85;-17.95
128550;39.72;-8.25;-17.69
128602;39.04;-7.73;-17.53
128650;38.68;-7.58;-17.17
128702;38.21;-7.31;-16.71
128750;38.19;-7.21;-16.31
128802;38.38;-6.77;-16.00
128850;38.73;-6.44;-15.55
128902;39.68;-5.17;-15.85
128950;42.34;-4.05;-16.50
129005;54.63;0.13;-18.43
129050;65.18;3.11;-23.96
129102;63.70;-1.65;-24.64
129150;58.21;-5.03;-27.37
129202;48.85;-9.56;-29.26
129250;41.68;-13.47;-30.98
129302;30.80;-18.02;-29.58
129350;31.21;-19.80;-30.07
129402;36.80;-18.55;-31.80
129450;37.85;-19.27;-28.53
129503;37.71;-18.82;-28.02
129550;37.03;-18.21;-28.33
129602;36.29;-17.18;-28.72
129650;35.54;-16.17;-29.35
129702;34.16;-14.65;-30.68
129750;33.43;-14.06;-31.06
129802;32.72;-13.74;-30.89
129850;32.22;-13.75;-30.44
129902;31.77;-13.58;-29.93
129950;31.39;-13.37;-29.67
130005;30.82;-12.97;-29.44
130050;30.51;-12.82;-29.09
130102;30.30;-13.13;-27.91
130150;30.08;-13.17;-27.32
130202;29.62;-13.01;-26.73
130250;29.30;-13.17;-26.07
130302;28.92;-13.14;-25.23
130350;28.58;-13.00;-24.84
130400;28.18;-12.66;-24.53
130452;27.64;-11.96;-24.57
130503;27.28;-11.37;-24.62
130550;26.92;-10.92;-24.36
130602;26.55;-10.81;-23.66
130650;26.39;-11.06;-22.76
130702;26.07;-11.14;-21.76
130750;25.70;-10.78;-21.61
130802;25.17;-10.24;-21.47
130850;24.80;-9.87;-21.33
130902;24.33;-9.32;-21.18
130950;23.97;-8.94;-21.07
131004;23.45;-8.33;-21.03
131050;23.07;-7.98;-20.89
131102;22.60;-7.56;-20.62
131150;22.23;-7.22;-20.48
131202;21.72;-6.76;-20.26
131250;21.34;-6.37;-20.17
131302;20.84;-5.97;-19.89
131350;20.48;-5.72;-19.61
131402;20.02;-5.69;-18.90
131450;19.70;-5.62;-18.40
131504;19.26;-5.48;-17.74
131550;18.94;-5.21;-17.44
131602;18.49;-4.87;-17.06
131650;18.17;-4.63;-16.76
131702;17.75;-4.21;-16.44
131750;17.44;-3.96;-16.13
131802;17.03;-3.62;-15.67
131850;16.73;-3.41;-15.32
131902;16.31;-3.14;-14.83
131950;16.03;-2.90;-14.49
132004;15.63;-2.53;-14.11
132050;15.35;-2.26;-13.79
132102;14.95;-1.86;-13.46
132150;14.63;-1.62;-13.16
132202;14.20;-1.39;-12.63
132250;13.86;-1.31;-12.16
132300;13.49;-1.21;-11.57
132352;13.07;-1.02;-10.97
132400;12.75;-0.91;-10.51
132452;12.32;-0.66;-9.97
132503;12.02;-0.39;-9.66
132550;11.66;-0.10;-9.27
132602;11.28;0.20;-8.76
132650;10.99;0.57;-8.59
132702;10.53;0.94;-8.26
132750;10.19;1.20;-8.03
132802;9.62;1.21;-7.15
132850;9.24;1.23;-6.63
132902;8.74;0.66;-5.11
132950;8.30;-0.05;-3.43
133004;7.65;-0.67;-1.46
133050;7.18;-0.85;-0.40
133102;6.55;-1.22;0.80
133150;6.02;-1.66;1.81
133202;4.88;-2.90;3.76
133250;3.24;-3.43;5.79
133300;0.37;-2.09;7.59
133352;3.39;0.67;18.10
133400;7.50;5.61;20.39
133452;8.19;11.92;17.90
133503;4.45;15.06;14.26
133550;358.16;18.01;11.30
133602;354.18;22.57;6.42
133650;351.17;25.47;3.37
133702;350.71;28.12;1.87
133750;2.04;24.54;12.93
133802;5.53;23.25;16.90
133850;7.03;22.40;19.13
133902;6.34;20.64;21.14
133950;6.38;19.97;21.61
134004;6.35;19.24;21.78
134050;6.48;18.64;21.76
134102;6.53;18.06;21.51
134150;6.46;17.72;21.22
134202;6.38;17.40;20.65
134250;6.24;17.12;20.21
134300;6.07;16.83;19.62
134352;7.11;15.80;19.58
134400;10.73;14.05;20.03
134452;21.40;9.69;22.44
134503;33.01;3.04;25.99
134550;46.22;-5.35;27.66
134602;46.43;-5.86;25.87
134650;44.32;-4.75;23.57
134702;36.13;1.65;18.26
134750;26.82;8.10;14.29
134802;11.16;15.18;7.18
134850;357.46;16.87;0.69
134902;341.09;16.56;-11.29
134950;333.92;10.32;-18.57
135281;333.83;0.22;-18.94
135329;333.58;0.53;-18.89
135381;333.29;0.87;-18.73
135429;333.09;1.01;-18.49
135481;332.99;1.26;-18.03
135529;333.09;1.57;-17.74
135579;333.41;2.00;-17.33
135631;334.21;2.26;-16.81
135679;335.79;2.38;-16.79
135733;341.97;3.64;-15.54
135779;350.61;6.53;-14.33
135831;9.16;15.42;-13.45
135879;17.96;20.44;-17.78
135931;19.29;17.21;-19.08
135979;16.65;12.23;-22.97
136031;6.27;4.35;-27.90
136079;356.49;-1.14;-30.02
136131;340.92;-10.69;-32.51
136179;329.01;-18.92;-32.90
136233;316.13;-24.17;-34.35
136279;309.21;-31.33;-32.44
136331;317.48;-30.59;-34.74
136379;328.81;-22.97;-38.62
136431;331.91;-19.37;-37.98
136479;332.36;-19.64;-35.79
136529;331.89;-19.65;-35.11
136581;331.25;-19.52;-34.56
136629;331.03;-19.44;-34.03
136681;330.71;-19.31;-33.45
136732;330.66;-19.25;-32.75
136779;330.78;-18.91;-32.15
136831;331.63;-18.64;-31.37
136879;332.61;-18.28;-31.12
136931;335.25;-17.44;-31.25
136979;339.53;-15.80;-32.45
137031;351.26;-10.09;-33.47
137079;6.15;-3.08;-30.79
137131;23.33;13.16;-36.68
137179;21.44;10.45;-34.44
137233;15.30;4.35;-37.50
137279;6.86;-3.30;-38.51
137331;353.13;-11.46;-39.71
137379;341.64;-18.14;-38.53
137429;328.82;-25.14;-36.53
137481;309.40;-29.68;-34.25
137529;296.97;-35.34;-24.54
137581;300.20;-35.92;-26.72
137629;309.95;-32.23;-37.72
137681;325.09;-24.65;-35.47
137732;325.66;-24.85;-35.95
137779;325.66;-25.21;-35.16
137831;325.23;-25.02;-34.63
137879;325.03;-24.96;-33.95
137931;324.80;-24.70;-33.46
137979;324.76;-24.71;-32.94
138031;324.78;-24.50;-32.33
138079;324.96;-24.38;-31.86
138131;326.13;-24.13;-31.44
138179;328.93;-23.48;-32.03
138233;337.98;-19.25;-34.48
138279;349.57;-11.74;-36.57
138331;11.75;3.69;-33.40
138379;24.17;13.34;-32.64
138431;18.50;5.43;-31.13
138479;13.32;1.00;-34.95
138531;359.37;-8.68;-35.33
138579;347.52;-14.64;-35.53
138631;329.61;-22.43;-33.40
138679;315.79;-27.18;-32.73
138733;292.41;-31.46;-28.15
138779;284.05;-36.06;-18.89
138831;300.21;-31.93;-26.88
138879;311.72;-27.74;-30.19
138931;316.32;-22.63;-31.97
138979;316.87;-21.68;-30.66
139031;316.68;-21.06;-29.78
139079;316.39;-20.57;-29.33
139131;315.88;-20.04;-29.13
139179;315.59;-19.65;-29.02
139233;315.32;-19.34;-28.70
139279;315.24;-19.10;-28.38
139331;315.81;-18.83;-27.83
139379;316.61;-18.61;-27.48
139431;318.89;-18.03;-27.79
139479;322.49;-16.48;-28.25
139531;333.48;-8.84;-30.13
139579;347.05;2.71;-31.64
139631;3.30;17.90;-36.20
139679;2.57;13.61;-32.10
139734;358.89;4.23;-33.42
139779;351.60;-4.67;-33.24
139831;337.32;-14.52;-32.81
139879;324.56;-20.74;-31.10
139931;305.62;-26.23;-27.24
139979;288.19;-27.55;-25.05
140031;272.99;-33.63;-17.60
140079;282.25;-34.29;-21.69
140131;298.90;-29.90;-24.58
140179;304.28;-27.71;-24.50
140233;308.64;-25.31;-24.21
140279;308.76;-24.63;-24.10
140331;308.50;-23.85;-24.03
140379;308.28;-23.43;-23.89
140431;307.99;-22.89;-23.73
140479;307.88;-22.65;-23.43
140531;308.01;-22.18;-22.91
140579;308.49;-21.74;-22.64
140631;309.75;-21.23;-22.53
140679;311.25;-20.78;-22.48
140734;316.11;-18.60;-24.43
140779;323.80;-15.99;-25.62
140831;340.25;-8.43;-26.45
140879;356.78;2.56;-26.94
140931;0.49;4.81;-25.51
140979;358.10;1.65;-25.80
141031;349.05;-6.09;-26.69
141079;339.43;-11.05;-26.65
141131;321.44;-17.15;-25.35
141179;308.19;-21.06;-23.85
141233;288.42;-23.54;-24.22
141279;273.62;-25.24;-18.35
141331;269.42;-25.03;-15.60
141379;285.71;-19.84;-18.63
141431;296.08;-16.58;-20.98
141479;299.22;-16.13;-18.63
141531;299.35;-15.67;-17.88
141579;298.96;-15.13;-17.82
141631;298.49;-14.67;-17.46
141679;298.24;-14.48;-17.04
141733;297.98;-14.07;-16.46
141779;298.02;-13.81;-15.77
141831;298.57;-13.58;-15.03
141879;299.16;-13.35;-14.60
141931;300.58;-13.04;-14.58
141979;303.77;-12.10;-15.43
142031;314.67;-9.02;-16.27
142079;328.14;-4.68;-16.35
142131;352.62;4.62;-13.74
142179;352.28;5.76;-11.54
142233;346.95;3.56;-11.87
142279;338.59;-1.49;-13.20
142331;324.02;-7.23;-15.15
142379;311.02;-10.57;-15.79
142431;293.52;-14.31;-16.99
142479;278.86;-15.10;-19.08
142531;262.89;-16.80;-17.48
142579;258.19;-18.54;-17.20
142631;267.02;-17.98;-17.01
142679;276.54;-13.87;-18.65
142733;283.67;-10.81;-20.19
142779;285.63;-11.21;-15.90
142831;286.07;-10.96;-14.54
142879;286.29;-10.40;-14.40
142931;286.56;-9.87;-13.92
142979;286.61;-9.58;-13.53
143031;286.83;-9.40;-12.73
143079;287.22;-9.30;-12.21
143131;288.15;-9.03;-11.58
143179;289.30;-8.93;-11.27
143234;293.61;-8.11;-11.58
143279;301.46;-5.88;-12.44
143331;318.65;-1.62;-12.73
143379;337.94;4.69;-12.76
143431;345.99;7.41;-12.96
143479;342.17;3.38;-11.27
143531;330.48;-4.35;-13.46
143579;319.11;-7.86;-13.23
143631;300.26;-8.46;-12.87
143679;285.39;-8.49;-13.34
143733;266.18;-7.86;-15.89
143779;252.31;-10.17;-15.88
143831;248.06;-13.34;-17.96
143879;254.92;-13.95;-13.74
143931;272.49;-8.28;-16.34
143979;277.32;-5.70;-18.63
144031;278.46;-5.65;-16.36
144079;278.81;-5.71;-14.68
144131;279.22;-5.20;-13.83
144179;279.21;-4.84;-13.25
144234;279.25;-4.53;-12.57
144279;279.39;-4.36;-11.84
144331;279.72;-4.15;-11.05
144379;280.11;-3.97;-10.49
144431;281.58;-3.96;-9.85
144479;284.75;-3.74;-9.66
144531;295.82;-2.60;-10.26
144579;308.24;-1.39;-9.52
144629;331.57;1.27;-6.20
144681;341.69;2.42;-5.80
144732;336.51;0.13;-4.86
144779;326.81;-3.47;-7.02
144831;311.47;-5.06;-7.53
144879;299.59;-4.02;-7.97
144931;281.57;-2.67;-10.77
144979;266.80;-2.23;-13.31
145031;247.11;-3.34;-15.66
145079;242.67;-4.94;-18.71
145131;251.90;-7.30;-14.90
145179;265.43;-3.66;-13.25
145234;273.77;-0.77;-12.22
145279;274.59;-0.69;-10.41
145331;274.92;-0.44;-9.38
145379;275.11;-0.03;-9.06
145431;275.14;0.45;-8.75
145479;275.06;0.61;-8.42
145529;275.06;0.69;-7.79
145581;275.26;0.96;-7.01
145629;275.59;1.06;-6.41
145681;276.80;0.90;-5.70
145732;280.47;0.60;-6.27
145779;289.85;0.80;-4.96
145831;309.65;3.11;-4.05
145879;330.24;5.65;-0.85
145931;334.40;5.82;-2.10
145979;330.57;3.72;-2.14
146031;318.76;-0.14;-3.87
146079;307.69;-0.36;-5.56
146131;288.94;0.34;-7.95
146179;274.47;0.32;-10.74
146233;251.90;-0.65;-14.33
146279;234.01;-2.08;-17.45
146331;227.10;-8.23;-16.96
146379;231.13;-9.31;-17.16
146431;244.01;-4.24;-15.82
146479;251.31;-2.34;-14.55
146529;257.44;-0.63;-12.02
146581;259.40;0.31;-11.02
146629;259.41;0.39;-10.49
146681;259.17;0.25;-9.85
146732;259.10;0.23;-9.70
146779;259.22;-0.06;-8.90
146831;259.70;-0.61;-7.90
146879;260.46;-0.68;-7.42
146931;261.65;-0.93;-6.63
146979;262.83;-0.98;-6.46
147031;266.37;-1.50;-6.67
147079;273.08;-1.72;-6.64
147131;285.61;-0.44;-6.80
147179;302.31;1.45;-2.65
147234;323.05;4.64;-0.46
147279;325.85;6.26;4.05
147331;325.66;6.67;6.26
147379;319.59;3.39;5.86
147431;307.59;-0.79;2.83
147479;295.33;-0.88;0.57
147531;277.64;1.97;-3.65
147579;261.81;3.26;-6.67
147631;242.25;4.21;-14.10
147679;230.34;1.82;-19.12
147733;227.50;-1.07;-18.21
147779;240.48;2.06;-12.85
147831;250.06;4.39;-10.56
147879;254.27;4.21;-6.43
147931;254.86;4.13;-5.57
147979;254.95;4.11;-5.15
148031;254.97;4.12;-4.68
148079;254.87;3.97;-4.34
148131;254.78;3.80;-3.73
148179;254.76;3.67;-3.19
148234;255.10;3.26;-2.51
148279;255.97;2.83;-1.92
148331;258.86;1.96;-2.10
148379;265.23;1.68;-1.97
148429;280.03;1.15;-0.36
148481;303.89;2.20;3.30
148529;317.01;2.84;1.07
148581;309.44;-0.61;2.01
148629;301.58;-1.56;-1.93
148681;284.83;-1.38;-3.02
148732;272.06;0.05;-4.76
148779;254.33;0.56;-9.08
148831;234.95;1.34;-16.02
148879;223.63;-0.72;-18.11
148931;217.82;-0.74;-19.78
148979;222.79;0.33;-16.47
149031;242.03;6.16;-14.25
149079;247.35;8.29;-14.30
149131;248.72;7.43;-9.88
149179;248.88;6.94;-9.13
149234;249.18;6.57;-8.23
149279;249.24;6.27;-7.62
149331;249.31;5.75;-6.86
149379;249.47;5.38;-6.14
149429;249.84;5.07;-5.61
149481;250.69;4.44;-5.01
149529;252.56;3.74;-4.96
149581;260.44;3.35;-4.13
149629;271.60;3.13;-2.12
149681;296.76;2.00;3.03
149732;313.89;0.71;5.59
149779;307.13;-1.61;5.08
149831;297.15;-2.05;2.44
149879;285.37;-0.20;1.62
149931;267.38;3.63;-0.21
149979;254.23;5.59;-3.03
150031;234.16;7.90;-9.47
150079;217.18;6.88;-16.28
150131;212.07;2.04;-20.16
150179;219.58;-0.59;-16.30
150233;236.26;3.94;-9.74
150279;242.81;6.25;-8.59
150331;243.63;6.46;-7.66
150379;243.70;6.30;-7.26
150431;243.74;6.28;-7.05
150479;243.63;6.23;-6.95
150531;243.37;5.89;-6.63
150579;243.23;5.52;-6.24
150631;243.39;4.92;-5.49
150679;243.78;4.47;-5.10
150733;245.19;3.45;-4.48
150779;249.30;3.00;-5.21
150831;261.82;3.59;-4.10
150879;277.98;3.89;0.20
150931;302.55;2.04;6.83
150979;298.02;-3.01;3.93
151031;290.66;-7.75;-0.48
151079;281.20;-7.16;-3.50
151131;264.38;-3.72;-4.46
151179;251.21;-1.56;-5.52
151233;231.30;0.14;-9.24
151279;212.96;-0.90;-15.10
151331;206.90;-2.61;-18.40
151379;212.85;-0.91;-15.31
151431;229.10;4.46;-10.85
151479;235.36;7.39;-9.79
151531;236.29;7.59;-8.85
151579;236.26;7.49;-8.20
151631;236.23;7.34;-7.70
151679;236.17;6.95;-7.22
151733;236.06;6.27;-6.31
151779;236.04;5.97;-5.88
151831;236.33;5.27;-5.03
151879;236.84;4.74;-4.50
151931;238.32;3.79;-4.14
151979;242.17;3.35;-4.55
152031;254.95;3.84;-3.79
152079;270.90;3.91;-1.38
152131;300.62;4.96;1.93
152179;300.16;5.74;1.14
152233;289.90;4.86;-0.96
152279;278.01;3.63;-4.14
152331;260.67;2.31;-6.65
152381;245.02;1.78;-10.81
152429;230.59;0.60;-14.52
152481;210.35;0.50;-21.91
152529;201.39;-2.22;-20.11
152581;207.77;-2.75;-20.54
152629;219.35;1.55;-17.69
152681;228.91;5.00;-15.36
152732;230.37;5.01;-11.85
152779;230.56;5.04;-10.96
152831;230.68;5.25;-10.56
152879;230.68;5.32;-10.30
152931;230.64;5.21;-9.92
152979;230.77;4.99;-9.27
153031;231.13;4.80;-8.47
153079;231.64;4.61;-7.70
153131;232.83;4.37;-6.99
153179;235.48;3.88;-6.95
153233;243.50;4.24;-5.36
153279;256.16;4.43;-3.43
153329;279.44;6.22;1.35
153381;291.50;6.58;0.51
153429;286.14;3.71;1.17
153481;274.57;0.41;-5.49
153529;262.84;-1.34;-7.29
153581;244.68;-2.11;-11.66
153629;230.25;-3.82;-15.91
153681;208.84;-5.81;-21.81
153732;196.15;-6.96;-19.96
153779;193.17;-7.58;-19.23
153831;208.46;-6.04;-17.61
153879;217.48;-2.16;-15.80
153931;223.94;0.03;-13.29
153979;224.81;0.04;-11.95
154031;224.91;0.15;-10.78
154079;225.08;0.43;-10.27
154131;225.08;0.71;-9.60
154179;225.16;0.77;-9.08
154233;225.31;0.67;-7.89
154279;225.53;0.70;-7.06
154331;226.00;0.84;-6.17
154379;226.71;0.75;-5.56
154431;230.47;0.50;-5.11
154479;237.44;0.73;-4.44
154531;254.34;0.41;-2.72
154579;274.18;1.72;0.26
154631;282.89;1.41;0.60
154679;277.47;0.53;0.84
154733;265.56;-0.00;-2.89
154779;252.95;0.03;-4.43
154831;236.06;0.36;-7.72
154879;221.70;-0.83;-12.22
154931;201.66;-0.61;-21.53
154979;190.13;-2.98;-19.57
155031;188.52;-2.57;-19.95
155079;194.72;-3.26;-18.88
155131;208.20;1.64;-15.32
155179;214.22;3.95;-15.46
155510;216.49;2.80;-7.45
155558;216.86;2.89;-6.94
155610;217.67;2.62;-6.16
155658;219.48;2.06;-6.01
155710;226.80;2.41;-5.88
155758;236.66;3.05;-4.85
155810;260.76;4.28;1.59
155858;275.42;6.66;0.78
155910;272.13;6.61;4.38
155961;270.47;7.36;0.97
156008;259.39;10.09;-0.00
156060;242.87;12.85;-2.98
156108;229.24;12.99;-6.24
156160;214.06;9.24;-11.69
156208;201.16;5.77;-17.17
156260;186.62;4.24;-20.35
156308;179.40;1.65;-16.14
156360;184.62;-1.16;-12.85
156408;195.85;0.12;-11.50
156462;203.02;3.51;-11.01
156508;205.84;4.43;-8.25
156560;206.99;4.47;-6.50
156608;207.66;4.57;-5.48
156660;208.05;4.50;-4.96
156708;208.34;4.49;-4.81
156760;208.86;4.31;-4.10
156808;209.19;4.04;-3.19
156860;209.63;3.68;-2.19
156908;210.14;3.52;-1.55
156962;211.21;3.13;-0.93
157008;213.42;2.37;-0.74
157060;220.03;2.59;0.03
157108;228.69;2.64;1.25
157160;253.91;2.95;6.29
157208;273.25;5.40;2.71
157260;268.75;2.24;2.84
157308;262.27;0.06;-0.34
157360;246.68;-0.38;-1.16
157408;233.35;2.33;-3.04
157461;215.48;4.75;-5.58
157508;199.35;4.64;-9.43
157560;182.38;4.91;-16.69
157608;174.17;0.92;-14.58
157660;177.76;0.96;-14.00
157708;188.16;1.27;-13.41
157760;198.41;6.32;-11.01
157808;199.96;7.48;-9.56
157860;200.16;7.70;-8.99
157908;200.31;7.96;-8.77
157962;200.37;8.11;-8.62
158008;200.36;8.23;-8.70
158060;200.11;8.07;-8.39
158108;199.97;7.85;-8.12
158160;200.03;7.56;-7.53
158208;200.38;7.30;-7.08
158260;201.97;6.51;-6.03
158308;205.29;6.21;-6.53
158360;215.79;7.59;-6.16
158408;230.93;10.20;-5.29
158461;256.36;14.42;-2.94
158508;259.03;12.81;-3.95
158560;251.92;7.20;-4.52
158608;242.37;3.40;-4.96
158660;225.36;2.15;-5.54
158708;211.69;2.29;-7.50
158760;194.29;1.40;-12.37
158808;179.63;1.19;-18.57
158860;165.67;-3.23;-19.84
158908;164.72;-4.32;-20.87
158962;177.02;-4.29;-17.28
159008;188.01;-0.13;-14.63
159060;191.17;0.75;-11.65
159108;191.58;0.74;-10.40
159160;191.67;1.19;-9.89
159208;191.61;1.53;-9.68
159260;191.44;1.92;-9.39
159308;191.29;2.08;-9.14
159360;191.33;2.29;-8.65
159408;191.49;2.46;-8.23
159462;192.23;2.46;-7.53
159508;193.72;1.75;-7.14
159560;198.10;1.59;-6.75
159608;204.37;2.33;-6.01
159660;221.74;4.50;-4.87
159708;241.57;8.17;-3.03
159760;248.74;9.40;-4.41
159808;244.35;6.09;-4.10
159860;232.36;-0.32;-5.00
159908;221.39;-2.49;-5.45
159962;203.58;-2.04;-6.81
160008;189.59;-2.03;-9.16
160060;174.04;-1.81;-17.88
160108;163.62;-4.53;-23.30
160160;159.47;-8.86;-21.91
160208;166.13;-6.42;-18.38
160260;175.03;1.96;-20.51
160308;178.44;2.70;-14.06
160358;179.84;1.58;-10.11
160410;181.49;1.51;-8.34
160461;182.37;1.68;-7.63
160508;183.04;1.92;-6.99
160560;183.15;2.42;-7.09
160608;182.83;2.79;-7.54
160660;182.79;2.90;-7.19
160708;182.87;3.19;-7.15
160760;183.56;2.90;-6.50
160808;184.67;3.08;-5.99
160860;187.95;3.43;-6.54
160908;193.28;4.81;-6.22
160962;207.05;9.63;-9.52
161008;219.86;16.53;-18.28
161060;225.20;17.33;-32.88
161108;224.24;10.19;-32.69
161160;220.33;1.31;-38.28
161208;213.54;-5.53;-40.09
161260;201.63;-14.63;-40.72
161308;191.77;-21.80;-38.70
161360;178.35;-30.79;-35.02
161408;167.72;-36.59;-33.91
161462;163.15;-49.72;-31.17
161508;174.72;-50.21;-39.86
161560;191.27;-42.64;-45.67
161608;195.84;-41.06;-45.89
161660;196.40;-40.76;-44.59
161708;196.21;-40.66;-43.92
161760;195.64;-40.71;-43.05
161808;195.13;-40.64;-42.60
161860;194.18;-40.30;-42.27
161908;193.57;-40.15;-41.86
161962;192.74;-39.87;-41.39
162008;192.22;-39.64;-41.02
162060;191.94;-39.25;-40.61
162108;192.22;-38.92;-40.52
162160;192.95;-38.34;-40.41
162208;194.11;-37.67;-41.15
162260;198.17;-34.15;-43.62
162308;203.15;-28.87;-45.87
162360;211.41;-15.86;-49.19
162408;218.71;-4.04;-51.14
162462;218.31;3.56;-45.86
162508;219.46;3.74;-42.94
162560;221.34;-3.91;-42.31
162608;218.75;-11.83;-42.10
162660;209.11;-21.27;-41.11
162708;197.76;-27.03;-38.42
162760;177.44;-32.13;-30.82
162808;161.07;-30.68;-20.00
162860;147.99;-27.56;-13.66
162908;155.85;-27.70;-17.13
162962;167.98;-23.20;-22.43
163008;171.80;-20.91;-21.18
163060;172.28;-20.72;-19.94
163108;171.94;-20.46;-19.38
163160;171.55;-19.73;-18.92
163208;171.06;-19.16;-18.90
163260;170.25;-18.46;-18.82
163308;169.70;-17.96;-18.71
163360;169.07;-17.42;-18.37
163408;168.69;-17.00;-18.12
163462;168.14;-16.41;-17.81
163508;168.01;-16.14;-17.41
163560;168.33;-15.96;-16.91
163608;169.55;-16.04;-16.29
163660;171.57;-15.94;-16.41
163708;175.32;-14.75;-18.46
163760;186.14;-10.06;-19.63
163808;198.84;-3.75;-19.87
163860;215.75;5.31;-18.18
163908;213.16;3.97;-13.47
163962;208.82;-2.10;-6.67
164008;201.32;-7.90;-2.21
164060;189.88;-9.15;1.58
164108;179.61;-4.58;3.45
164160;165.68;6.13;1.54
164208;153.78;13.41;0.69
164260;138.57;22.85;-1.11
164308;131.03;25.30;-4.93
164360;141.18;26.72;-2.52
164408;151.03;27.27;1.08
164462;157.98;27.59;5.97
164508;158.57;26.75;6.22
164560;158.44;26.10;6.37
164608;158.36;25.67;6.33
164660;158.26;24.80;6.61
164708;158.29;24.23;6.75
164760;158.19;23.39;6.93
164808;158.09;23.01;6.82
164860;157.72;22.54;6.59
164908;157.35;22.03;6.53
164961;157.42;21.33;6.70
165008;157.40;20.61;6.90
165060;158.26;20.00;6.88
165108;160.46;18.97;8.11
165160;170.58;14.94;11.15
165208;180.37;9.30;18.14
165260;188.98;10.57;30.16
165308;192.97;16.93;36.59
165360;191.97;26.38;40.95
165408;188.85;32.87;40.85
165463;181.09;43.32;36.93
165508;173.84;51.12;31.99
165560;162.78;61.39;26.58
165608;160.88;65.59;30.38
165660;170.43;69.14;43.98
165708;177.03;68.01;52.51
165760;177.56;65.77;53.76
165808;177.55;65.65;53.86
165860;177.70;65.91;53.67
165908;177.41;65.90;53.33
165962;177.04;66.04;52.70
166008;176.52;66.10;52.07
166060;175.75;66.29;51.08
166108;175.21;66.45;50.29
166160;174.35;66.69;49.15
166208;173.74;66.82;48.33
166260;172.91;67.04;47.22
166308;172.23;67.28;46.27
166360;171.37;67.76;45.00
166408;170.66;68.11;44.10
166462;168.98;68.73;42.41
166508;166.85;68.76;40.87
166560;164.63;69.28;38.33
166608;164.08;69.25;37.52
166660;162.25;69.35;35.56
166708;160.97;69.24;34.52
166760;157.48;69.26;32.17
166808;154.33;69.33;30.04
166858;150.64;69.44;26.59
166910;150.11;69.01;25.83
166961;150.73;68.71;25.69
167008;152.62;68.47;25.90
167060;153.62;68.50;26.21
167108;153.79;68.42;26.15
167160;152.94;68.30;25.20
167208;152.22;68.31;24.34
167260;151.23;68.31;23.20
167308;150.44;68.24;22.34
167360;149.36;68.10;21.19
167408;148.54;68.03;20.31
167463;147.40;67.92;19.06
167508;146.54;67.85;18.06
167560;145.45;67.76;16.85
167608;144.67;67.70;15.97
167660;143.55;67.57;14.76
167708;142.74;67.46;13.93
167760;141.57;67.33;12.72
167808;140.68;67.22;11.82
167860;139.60;67.11;10.62
167908;138.83;67.01;9.76
167962;137.74;66.88;8.55
168008;136.91;66.75;7.65
168060;135.92;66.56;6.60
168108;135.18;66.40;5.83
168160;134.21;66.17;4.83
168208;133.51;65.99;4.08
168260;132.55;65.76;3.07
168308;131.86;65.59;2.32
168360;130.95;65.34;1.38
168408;130.28;65.15;0.67
168463;129.39;64.90;-0.28
168508;128.71;64.72;-1.02
168560;127.89;64.44;-1.88
168608;127.28;64.24;-2.53
168660;126.46;63.95;-3.38
168708;125.88;63.74;-3.99
168760;125.10;63.44;-4.80
168808;124.52;63.19;-5.39
168860;123.82;62.88;-6.10
168908;123.30;62.64;-6.62
168962;122.61;62.31;-7.28
169008;122.09;62.05;-7.81
169060;121.44;61.73;-8.47
169108;120.92;61.49;-9.00
169160;120.23;61.16;-9.71
169208;119.75;60.92;-10.21
169260;119.10;60.58;-10.87
169308;118.63;60.33;-11.35
169360;118.01;59.99;-11.97
169408;117.53;59.79;-12.52
169463;117.12;59.74;-13.19
169508;117.87;59.97;-12.62
169560;121.17;62.20;-8.49
169608;121.93;66.10;-7.79
169660;111.58;72.58;-12.96
169708;98.41;75.85;-21.36
169760;81.97;78.94;-34.32
169808;65.40;81.04;-47.13
169860;36.18;83.55;-71.80
169908;17.10;85.56;-90.29
169963;332.06;87.92;-134.19
170008;273.36;86.12;168.78
170060;256.46;81.39;153.91
170108;249.62;79.77;148.29
170160;235.23;81.87;132.62
170208;205.46;83.71;100.97
170260;143.98;82.13;35.29
170308;126.38;77.30;15.22
170360;126.24;72.28;11.23
170408;131.52;71.11;15.42
170462;117.65;71.21;-1.23
170508;109.35;70.17;-9.87
170558;101.70;69.33;-18.17
170610;93.29;68.52;-26.48
170658;92.29;68.09;-27.33
170710;91.66;67.85;-28.09
170758;91.30;67.53;-28.45
170810;90.75;67.12;-28.95
170858;90.28;66.85;-29.42
170910;89.69;66.44;-29.98
170961;89.10;66.17;-30.62
171008;88.47;65.77;-31.13
171060;87.57;65.28;-31.90
171108;87.05;64.99;-32.45
171160;86.57;64.48;-32.79
171208;86.19;64.11;-33.13
171260;85.65;63.70;-33.69
171308;84.90;63.45;-34.64
171360;83.79;63.07;-36.12
171408;82.83;62.80;-37.44
171463;81.71;62.27;-38.94
171508;80.85;61.57;-40.31
171560;79.25;60.90;-42.89
171608;78.01;60.44;-44.90
171660;77.93;59.94;-44.89
171708;77.05;59.35;-46.29
171760;76.05;58.64;-47.75
171808;75.45;58.24;-48.53
171860;75.03;57.99;-49.26
171908;75.10;57.88;-49.04
171963;74.02;57.69;-50.45
172008;73.50;57.56;-50.89
172060;73.08;57.33;-51.17
172108;72.98;57.25;-51.20
172160;73.56;57.17;-50.10
172208;73.51;56.89;-50.12
172260;72.95;56.49;-50.92
172308;73.02;56.33;-50.68
172360;72.73;56.00;-51.10
172408;72.92;55.73;-50.72
172463;73.72;55.36;-49.59
172508;73.89;54.96;-49.59
172558;73.08;55.53;-51.83
172610;75.03;57.73;-52.93
172658;79.39;57.60;-46.71
172710;82.72;55.59;-40.35
172758;82.65;54.91;-36.89
172810;79.55;54.07;-31.45
172858;82.40;53.69;-20.17
172910;78.51;57.23;-16.06
172961;68.19;63.88;-23.31
173008;56.37;68.16;-40.54
173060;48.86;66.40;-49.42
173108;47.51;65.47;-51.19
173160;45.55;65.47;-53.51
173208;44.39;65.00;-54.87
173260;42.55;64.44;-57.12
173308;41.22;64.09;-58.92
173360;40.90;63.88;-59.47
173408;41.42;63.60;-58.67
173463;41.89;63.15;-57.90
173508;41.69;62.76;-58.05
173560;41.25;62.28;-58.64
173608;40.92;61.97;-59.14
173660;40.79;61.64;-59.55
173708;41.05;61.38;-59.33
173760;41.67;60.98;-58.74
173808;42.00;60.70;-58.43
173860;41.98;60.33;-58.52
173908;41.81;60.04;-58.73
173963;41.70;59.58;-58.85
174008;41.72;59.23;-58.80
174060;41.74;58.82;-58.71
174108;41.65;58.51;-58.78
174160;41.55;58.08;-58.85
174208;41.49;57.78;-58.87
174260;41.44;57.37;-58.86
174308;41.42;57.08;-58.83
174360;41.41;56.66;-58.74
174408;41.42;56.36;-58.67
174461;41.38;56.01;-58.65
174508;41.37;55.65;-58.59
174560;41.31;55.26;-58.58
174608;41.23;54.95;-58.61
174660;41.10;54.51;-58.69
174708;41.02;54.20;-58.73
174760;40.91;53.79;-58.78
174808;40.87;53.50;-58.75
174860;40.78;53.10;-58.77
174908;40.74;52.80;-58.75
174963;40.62;52.40;-58.80
175008;40.49;52.08;-58.89
175060;40.20;51.68;-59.15
175108;39.69;51.36;-59.63
175160;38.36;50.92;-60.72
175208;37.42;50.52;-61.46
175260;36.39;49.68;-62.21
175308;36.20;48.88;-62.24
175360;36.57;47.97;-61.55
175408;36.97;47.43;-60.92
175739;36.90;45.39;-60.37
175787;36.88;45.12;-60.29
175839;36.80;44.71;-60.22
175887;36.76;44.40;-60.15
175939;36.80;43.99;-59.94
175987;36.82;43.70;-59.81
176039;36.79;43.33;-59.68
176087;36.75;43.06;-59.60
176139;36.69;42.67;-59.51
176190;36.64;42.39;-59.45
176237;36.60;42.06;-59.34
176289;36.53;41.67;-59.27
176337;36.45;41.38;-59.25
176389;36.32;40.98;-59.23
176437;36.26;40.69;-59.16
176489;36.18;40.33;-59.06
176537;36.14;40.06;-58.97
176589;36.08;39.70;-58.84
176637;36.05;39.44;-58.74
176692;35.98;39.12;-58.64
176737;35.93;38.85;-58.55
176789;35.86;38.53;-58.46
176837;35.80;38.27;-58.38
176889;35.69;37.91;-58.29
176937;35.62;37.64;-58.20
176989;35.53;37.28;-58.07
177037;35.49;37.02;-57.95
177089;35.41;36.67;-57.78
177137;35.38;36.41;-57.64
177192;35.29;36.03;-57.48
177237;35.20;35.74;-57.40
177289;35.06;35.36;-57.32
177337;34.96;35.08;-57.25
177389;34.81;34.71;-57.17
177437;34.72;34.43;-57.09
177489;34.59;34.05;-56.95
177537;34.51;33.78;-56.83
177587;34.41;33.47;-56.70
177639;34.29;33.09;-56.55
177690;34.21;32.81;-56.43
177737;34.07;32.48;-56.33
177789;33.94;32.10;-56.18
177837;33.83;31.83;-56.10
177889;33.66;31.48;-56.02
177937;33.52;31.24;-55.98
177989;33.36;30.91;-55.90
178037;33.24;30.66;-55.82
178089;33.06;30.30;-55.72
178137;32.96;30.04;-55.61
178192;32.80;29.69;-55.47
178237;32.69;29.43;-55.34
178289;32.58;29.09;-55.14
178337;32.49;28.84;-55.00
178389;32.37;28.50;-54.79
178437;32.28;28.27;-54.66
178489;32.16;27.93;-54.46
178537;32.06;27.70;-54.35
178589;31.93;27.35;-54.13
178637;31.82;27.10;-53.99
178692;31.69;26.75;-53.78
178737;31.58;26.48;-53.62
178789;31.45;26.13;-53.40
178837;31.34;25.87;-53.25
178889;31.18;25.51;-53.04
178937;31.07;25.26;-52.89
178989;30.91;24.90;-52.67
179037;30.80;24.65;-52.52
179089;30.63;24.30;-52.30
179137;30.51;24.05;-52.14
179191;30.35;23.70;-51.91
179237;30.23;23.44;-51.72
179289;30.07;23.12;-51.50
179337;29.95;22.88;-51.33
179389;29.77;22.54;-51.10
179437;29.65;22.29;-50.93
179487;29.50;22.01;-50.72
179539;29.30;21.70;-50.50
179587;29.17;21.46;-50.33
179639;28.97;21.16;-50.11
179690;28.82;20.93;-49.95
179737;28.64;20.68;-49.74
179789;28.43;20.40;-49.54
179837;28.28;20.18;-49.38
179889;28.04;19.89;-49.21
179937;27.88;19.69;-49.07
179989;27.57;19.43;-48.98
180037;27.39;19.23;-48.85
180089;27.14;18.95;-48.62
180137;26.93;18.77;-48.52
180191;26.80;18.49;-48.14
180237;26.68;18.31;-47.90
180289;26.58;18.06;-47.49
180337;26.52;17.85;-47.18
180389;26.36;17.51;-46.82
180437;26.22;17.23;-46.56
180489;26.06;16.87;-46.17
180537;25.97;16.61;-45.86
180589;25.80;16.26;-45.52
180637;25.72;15.96;-45.25
180692;25.61;15.55;-44.82
180737;25.51;15.27;-44.44
180789;25.54;14.77;-43.30
180837;25.81;14.10;-41.91
180889;26.02;12.91;-40.50
180937;25.86;12.54;-40.17
180989;25.57;12.28;-39.94
181037;25.37;12.21;-39.94
181089;25.14;12.10;-39.83
181137;24.93;12.15;-39.96
181192;24.53;12.21;-40.25
181237;24.18;12.15;-40.37
181289;23.76;12.07;-40.48
181337;23.56;11.95;-40.31
181387;23.31;11.83;-40.09
181439;23.05;11.65;-39.77
181487;22.81;11.56;-39.62
181539;22.54;11.40;-39.35
181587;22.34;11.26;-39.13
181639;22.06;11.04;-38.81
181690;21.84;10.91;-38.62
181737;21.58;10.73;-38.34
181789;21.31;10.56;-38.01
181837;21.09;10.41;-37.77
181889;20.79;10.24;-37.46
181937;20.54;10.10;-37.26
181989;20.20;9.91;-36.96
182037;19.95;9.78;-36.76
182089;19.61;9.63;-36.47
182137;19.34;9.53;-36.28
182191;19.03;9.36;-35.94
182237;18.80;9.22;-35.67
182289;18.52;9.08;-35.33
182337;18.29;8.95;-35.07
182389;18.00;8.80;-34.72
182437;17.78;8.69;-34.46
182489;17.47;8.54;-34.10
182537;17.24;8.42;-33.85
182589;16.93;8.26;-33.47
182637;16.71;8.15;-33.21
182692;16.39;8.00;-32.84
182737;16.15;7.88;-32.55
182789;15.85;7.74;-32.19
182837;15.62;7.64;-31.92
182889;15.30;7.51;-31.55
182937;15.07;7.41;-31.30
182989;14.74;7.29;-30.92
183037;14.51;7.20;-30.66
183089;14.18;7.08;-30.27
183137;13.94;7.00;-30.00
183191;13.63;6.88;-29.61
183237;13.37;6.79;-29.33
183289;13.06;6.67;-28.94
183339;12.77;6.57;-28.60
183387;12.53;6.48;-28.30
183439;12.19;6.37;-27.90
183487;11.94;6.28;-27.60
183539;11.60;6.15;-27.18
183587;11.36;6.06;-26.86
183639;11.01;5.94;-26.43
183690;10.76;5.86;-26.12
183737;10.45;5.76;-25.74
183789;10.10;5.65;-25.31
183837;9.85;5.57;-24.99
183889;9.49;5.46;-24.55
183937;9.23;5.39;-24.24
183989;8.88;5.29;-23.79
184037;8.62;5.22;-23.48
184089;8.27;5.13;-23.04
184137;8.02;5.07;-22.71
184191;7.67;4.99;-22.26
184237;7.41;4.92;-21.92
184289;7.07;4.85;-21.48
184337;6.81;4.79;-21.13
184389;6.48;4.72;-20.70
184437;6.22;4.67;-20.36
184489;5.87;4.61;-19.91
184537;5.62;4.55;-19.57
184589;5.27;4.48;-19.09
184637;5.03;4.44;-18.75
184691;4.68;4.38;-18.28
184737;4.41;4.34;-17.93
184789;4.07;4.29;-17.47
184837;3.82;4.25;-17.13
184889;3.46;4.21;-16.67
184937;3.21;4.18;-16.33
184989;2.85;4.13;-15.86
185037;2.60;4.10;-15.52
185089;2.25;4.07;-15.05
185137;1.99;4.04;-14.71
185191;1.64;4.00;-14.23
185237;1.38;3.97;-13.86
185289;1.04;3.94;-13.40
185337;0.78;3.91;-13.03
185389;0.45;3.88;-12.57
185437;0.21;3.85;-12.21
185489;359.86;3.81;-11.73
185537;359.61;3.79;-11.37
185589;359.27;3.75;-10.89
185637;359.02;3.73;-10.54
185691;358.67;3.69;-10.04
185737;358.41;3.67;-9.67
185789;358.07;3.62;-9.20
185837;357.82;3.59;-8.85
185889;357.48;3.57;-8.35
185937;357.23;3.54;-8.00
185989;356.88;3.50;-7.51
186037;356.63;3.47;-7.16
186089;356.28;3.42;-6.67
186137;356.03;3.37;-6.32
186191;355.69;3.32;-5.84
186237;355.42;3.28;-5.49
186289;355.09;3.21;-5.03
186337;354.84;3.16;-4.67
186389;354.50;3.07;-4.21
186437;354.27;3.01;-3.87
186489;353.93;2.90;-3.39
186537;353.68;2.83;-3.04
186589;353.34;2.70;-2.57
186637;353.10;2.61;-2.23
186691;352.75;2.42;-1.79
186737;352.48;2.32;-1.44
186789;352.14;2.03;-1.11
186837;351.88;2.07;-1.04
186889;351.51;2.15;-1.20
186937;351.25;2.12;-1.05
186989;350.89;2.18;-1.15
187037;350.62;2.12;-1.17
187089;350.25;2.09;-1.17
187137;349.99;2.16;-1.15
187191;349.62;2.18;-1.15
187237;349.34;2.01;-1.14
187287;349.04;1.97;-1.07
187339;348.68;2.09;-1.09
187387;348.42;2.10;-1.18
187439;348.06;2.17;-1.09
187487;347.80;2.01;-1.07
187539;347.44;2.00;-1.03
187587;347.18;2.12;-1.19
187639;346.83;2.23;-1.06
187690;346.57;2.10;-1.16
187737;346.25;2.13;-1.07
187789;345.88;2.11;-1.11
187837;345.61;2.11;-1.04
187889;345.24;2.19;-1.15
187937;345.00;2.07;-1.03
187989;344.66;2.23;-1.12
188037;344.41;2.21;-1.09
188089;344.04;2.26;-1.13
188137;343.75;2.19;-1.13
188191;343.34;2.35;-1.15
188237;343.04;2.19;-1.18
188287;342.70;2.14;-1.09
188339;342.28;2.31;-1.28
188387;341.88;2.84;-1.47
188439;341.26;2.63;-1.67
188487;340.90;2.49;-1.87
188539;340.52;2.22;-2.02
188587;340.41;1.89;-1.82
188639;340.21;2.17;-1.59
188690;339.89;2.49;-1.85
188737;339.56;2.21;-1.82
188789;339.20;2.09;-1.51
188837;339.00;1.72;-1.28
188889;338.73;1.92;-1.23
188937;338.53;1.74;-1.09
188989;338.27;1.86;-1.00
189037;338.07;2.04;-1.21
189089;337.87;1.78;-0.82
189137;337.68;1.96;-0.76
189191;337.41;2.17;-0.73
189237;337.18;2.18;-0.77
189287;336.96;2.32;-0.91
189339;336.61;2.56;-0.81
189387;336.36;2.58;-0.82
189439;335.99;2.49;-0.84
189487;335.71;2.60;-0.86
189539;335.27;2.67;-0.95
189587;334.88;2.70;-1.29
189639;334.16;2.94;-1.80
189690;333.75;2.86;-1.95
189737;333.43;2.62;-1.80
189789;333.16;2.24;-1.34
189837;332.92;2.44;-1.48
189889;332.24;2.96;-1.94
189937;331.78;2.68;-1.91
189989;331.28;2.37;-2.00
190037;331.08;2.18;-2.00
190089;330.83;2.25;-1.66
190137;330.59;2.12;-1.76
190191;330.35;1.82;-1.42
190237;330.14;1.86;-1.46
190289;329.99;1.86;-1.08
190337;329.84;1.84;-1.00
190389;329.60;2.38;-1.04
190437;329.42;2.29;-0.96
190489;329.15;2.03;-0.85
190537;329.02;2.18;-0.92
190589;328.72;2.41;-1.04
190637;328.43;2.46;-1.15
190691;327.09;2.85;-1.56
190737;326.37;2.05;-1.74
190789;325.54;1.14;-2.54
190837;324.75;0.84;-1.52
190889;324.72;2.10;-0.06
190937;324.97;4.18;0.53
190989;325.35;6.34;1.78
191037;326.12;7.67;2.46
191089;326.80;8.93;3.17
191137;327.21;9.44;3.36
191191;327.35;9.00;1.14
191237;326.95;8.52;-2.20
191289;325.87;7.52;-4.63
191337;325.60;7.16;-6.47
191389;323.34;6.72;-7.74
191437;322.52;5.92;-6.89
191489;322.51;3.75;-3.22
191537;322.24;3.05;-2.64
191589;321.74;3.91;-2.96
191637;321.30;4.13;-3.35
191692;320.84;3.78;-2.98
191737;320.53;3.61;-2.80
191789;320.12;3.33;-2.71
191837;319.85;3.05;-2.52
191889;319.44;2.84;-2.04
191937;319.14;3.11;-2.02
191989;318.80;2.64;-1.88
192037;318.55;2.30;-1.71
192089;318.14;2.02;-1.43
192137;317.86;2.30;-1.45
192191;317.47;2.11;-1.49
192237;317.20;2.17;-1.57
192289;316.80;2.05;-1.78
192337;316.40;2.11;-1.95
192389;315.90;2.12;-2.20
192437;315.52;1.86;-2.12
192489;314.95;1.84;-2.32
192537;314.71;1.54;-2.09
192589;314.43;1.29;-1.68
192637;314.33;1.15;-1.40
192691;313.87;1.43;-1.77
192737;313.56;1.55;-2.09
192789;313.02;1.70;-2.46
192837;312.80;1.45;-2.18
192889;312.69;1.31;-1.62
192937;312.57;1.64;-1.52
192989;312.39;1.36;-1.03
193037;312.36;1.18;-0.78
193089;312.29;1.58;-0.85
193137;312.27;1.65;-1.04
193191;312.41;1.75;-0.84
193237;312.70;1.89;-0.81
193289;313.56;2.09;0.09
193337;314.52;2.46;0.75
193389;316.33;2.81;1.94
193437;317.92;3.19;2.34
193489;319.88;4.50;3.20
193537;320.86;6.12;4.53
193589;321.35;8.23;6.68
193637;321.36;9.83;7.14
193691;321.03;10.74;7.13
193737;320.88;10.69;7.16
193789;320.72;10.26;6.88
193837;320.61;10.45;6.98
193889;320.11;11.40;7.13
193937;319.45;11.62;6.95
193989;318.12;11.62;6.15
194037;317.09;11.35;5.63
194089;315.63;11.05;5.01
194137;314.54;10.68;4.64
194191;313.14;9.48;4.09
194239;311.77;8.80;2.26
194287;310.68;8.67;1.47
194339;309.75;7.85;0.92
194387;309.62;6.90;0.82
194439;309.90;6.19;1.18
194487;309.97;6.40;1.83
194539;309.53;7.29;2.42
194587;308.71;7.27;2.61
194639;307.20;7.11;1.88
194690;305.92;7.46;1.77
194737;304.22;8.37;1.48
194789;302.21;9.05;0.64
194837;301.57;8.83;0.16
194889;300.85;8.48;-0.29
194937;300.41;8.22;-0.66
194989;299.90;7.95;-1.25
195037;299.43;7.75;-1.67
195089;298.74;7.66;-2.66
195137;298.11;7.67;-3.57
195191;296.80;7.91;-5.39
195237;296.33;7.83;-5.84
195289;296.08;7.45;-5.79
195337;295.74;7.29;-6.01
195389;295.70;6.97;-5.61
195437;296.03;6.47;-4.59
195489;296.11;5.82;-3.84
195537;296.01;5.48;-3.60
195589;295.81;4.90;-3.22
195637;295.72;4.38;-2.79
195968;293.48;2.85;-1.91
196016;293.03;3.06;-2.23
196068;292.54;2.92;-2.43
196116;292.18;2.73;-2.40
196168;291.75;2.47;-2.23
196216;291.46;2.22;-2.11
196268;291.04;2.25;-2.19
196316;290.78;2.18;-2.05
196368;290.42;2.19;-2.13
196419;290.12;1.96;-2.15
196466;289.67;2.14;-2.49
196516;289.33;1.90;-2.37
196568;288.89;2.15;-2.45
196616;288.57;1.98;-2.29
196668;287.99;2.17;-2.83
196716;287.59;1.95;-2.87
196768;287.12;1.74;-2.79
196816;286.88;1.50;-2.53
196868;286.50;1.82;-2.74
196919;286.20;1.58;-2.62
196966;285.84;1.63;-2.71
197018;285.61;1.13;-2.23
197066;285.54;1.04;-2.09
197118;285.41;1.09;-1.71
197166;285.39;1.17;-1.46
197218;285.32;1.63;-1.56
197266;285.29;2.02;-2.09
197318;285.18;2.99;-2.85
197366;284.86;4.15;-3.56
197420;283.87;4.62;-4.63
197466;283.23;4.99;-4.47
197518;282.71;4.42;-3.75
197566;282.44;4.12;-3.37
197618;281.94;3.46;-2.82
197666;282.09;2.94;-1.73
197718;281.60;2.65;-2.05
197766;281.42;2.66;-1.88
197818;280.91;2.47;-2.16
197866;280.69;2.43;-2.11
197921;279.88;2.38;-2.86
197966;279.47;2.41;-3.08
198018;278.92;2.41;-3.18
198066;278.66;2.12;-3.03
198118;278.32;1.73;-2.75
198166;278.15;1.69;-2.63
198218;277.84;1.50;-2.40
198266;277.61;1.50;-2.39
198318;277.38;1.05;-1.97
198366;277.28;0.67;-1.47
198420;277.05;1.02;-1.63
198466;276.88;1.10;-1.35
198518;276.61;1.49;-1.67
198566;276.38;1.36;-1.72
198618;276.21;1.36;-1.28
198666;276.06;1.37;-1.22
198718;275.92;1.08;-0.96
198766;275.81;1.26;-0.82
198818;275.67;1.56;-1.66
198866;275.38;1.90;-1.16
198920;275.03;2.46;-0.52
198966;274.52;2.21;-0.00
199018;274.18;1.71;-0.40
199066;273.79;1.01;-0.89
199118;273.28;0.99;-1.87
199166;272.65;1.81;-2.35
199218;272.05;5.10;-2.80
199266;271.57;8.17;-3.63
199318;270.98;10.62;-4.72
199366;271.15;10.69;-5.12
199420;270.63;9.95;-6.05
199466;270.98;8.81;-5.43
199518;270.46;7.57;-4.14
199566;270.36;6.34;-2.78
199618;269.93;5.37;-2.06
199666;269.60;5.13;-1.91
199718;269.06;4.84;-2.07
199766;268.82;4.48;-2.05
199818;268.37;4.15;-2.11
199866;268.13;3.86;-1.93
199920;267.91;3.29;-1.75
199966;267.78;2.95;-1.66
200018;267.52;3.09;-1.71
200066;267.25;3.21;-1.53
200118;266.77;2.97;-1.72
200166;266.35;2.85;-1.88
200218;265.81;2.60;-1.98
200266;265.57;2.32;-1.85
200318;265.19;2.13;-1.99
200366;264.95;2.27;-1.69
200419;264.50;2.68;-2.32
200466;263.99;2.38;-2.43
200518;263.61;2.64;-2.46
200566;263.33;2.40;-2.29
200618;262.91;2.16;-2.41
200666;262.63;1.48;-2.16
200718;262.44;1.47;-1.60
200766;262.13;1.34;-1.71
200818;261.83;1.31;-1.47
200866;261.52;0.86;-1.60
200920;261.49;0.83;-1.46
200966;261.32;0.51;-1.52
201018;261.11;1.04;-1.38
201066;260.98;1.12;-1.38
201118;260.68;1.81;-1.42
201166;260.27;1.88;-1.30
201218;260.01;1.94;-1.39
201266;259.64;1.82;-1.28
201318;259.16;2.02;-1.37
201366;258.96;2.00;-1.23
201419;258.60;2.48;-1.71
201466;258.18;2.17;-1.69
201518;257.91;1.98;-1.15
201566;257.57;1.97;-1.49
201618;257.28;1.97;-1.28
201666;257.09;2.29;-1.38
201718;256.89;2.35;-1.41
201766;256.68;2.91;-1.47
201818;256.34;2.51;-1.42
201866;256.11;2.23;-1.33
201920;255.81;2.55;-1.28
201966;255.50;2.62;-1.22
202018;255.08;2.83;-1.50
202066;254.80;2.84;-1.47
202118;254.38;2.50;-1.55
202166;254.14;2.74;-1.42
202218;253.73;2.59;-1.35
202266;253.45;2.39;-1.43
202318;253.14;2.17;-1.43
202366;252.96;1.99;-1.28
202419;252.79;2.56;-1.09
202466;252.55;2.34;-1.16
202518;252.16;2.96;-1.01
202566;251.85;2.65;-0.91
202618;251.41;2.66;-1.34
202666;251.21;2.24;-1.38
202718;251.04;1.97;-0.97
202766;250.90;2.22;-0.69
202818;250.52;2.48;-0.67
202866;250.27;2.18;-0.55
202921;249.96;2.44;-0.75
202966;249.72;2.59;-0.71
203018;249.35;2.69;-1.00
203066;249.10;2.56;-0.90
203118;248.75;2.86;-0.87
203166;248.48;2.63;-0.75
203218;248.06;2.29;-0.30
203266;247.74;2.50;-0.70
203318;247.33;2.47;-0.75
203366;247.03;2.41;-0.87
203420;246.70;2.56;-0.85
203466;246.40;2.96;-0.97
203518;245.96;2.88;-1.03
203566;245.64;2.72;-1.09
203618;245.26;3.08;-1.15
203666;245.00;2.77;-1.14
203718;244.70;2.78;-1.01
203766;244.46;2.60;-0.92
203818;244.05;2.86;-0.72
203866;243.65;3.02;-0.90
203920;243.24;2.72;-1.03
203966;243.02;2.41;-1.18
204018;242.86;2.66;-0.99
204066;242.58;2.98;-1.17
204118;242.14;2.61;-1.13
204166;241.78;2.87;-1.06
204218;241.15;3.18;-1.71
204266;240.69;2.93;-1.85
204318;240.19;2.47;-1.82
204366;239.94;2.25;-1.59
204420;239.67;2.20;-1.34
204466;239.47;1.92;-1.27
204518;239.19;2.08;-1.16
204566;238.98;2.22;-1.22
204618;238.67;1.99;-1.00
204666;238.52;2.15;-1.13
204718;238.24;2.14;-1.09
204766;238.02;2.55;-1.63
204818;237.55;3.21;-2.24
204866;237.13;3.38;-2.62
204921;236.83;5.07;-2.75
204966;236.81;6.19;-1.33
205018;236.71;6.84;-0.90
205066;236.50;6.32;-1.20
205118;235.87;4.52;-1.94
205166;235.44;3.50;-2.31
205218;235.01;3.19;-3.19
205266;234.68;3.29;-3.24
205318;234.10;3.23;-2.97
205366;233.96;2.82;-2.89
205420;234.03;2.64;-3.38
205466;234.47;2.33;-3.69
205518;235.37;1.87;-1.47
205566;234.29;1.95;-1.34
205618;233.22;1.23;-0.53
205666;232.77;1.11;-0.53
205718;232.32;1.90;-1.05
205766;232.02;2.36;-0.86
205818;231.57;2.52;-1.11
205866;231.28;2.79;-1.21
205920;230.83;2.56;-1.36
205966;230.57;2.74;-1.29
206018;230.17;2.67;-1.44
206066;229.91;2.56;-1.43
206118;229.47;3.08;-1.85
206166;229.15;3.25;-2.05
206218;228.72;3.17;-2.19
206266;228.45;3.12;-2.17
206318;228.08;2.87;-2.12
206368;227.78;2.71;-1.84
206419;227.52;2.50;-1.69
206466;227.17;2.47;-1.42
206518;226.74;2.01;-1.31
206566;226.37;2.36;-1.51
206618;225.68;2.39;-1.89
206666;225.21;2.14;-1.95
206718;224.85;1.41;-1.57
206766;224.70;1.40;-1.23
206818;224.47;1.15;-1.33
206866;224.41;1.03;-1.13
206920;224.23;1.33;-0.98
206966;224.10;1.32;-1.00
207018;223.94;0.92;-1.05
207066;224.05;1.27;-1.36
207118;224.35;1.13;-1.59
207166;224.67;0.99;-0.57
207218;224.93;0.66;0.96
207266;225.17;0.25;1.64
207316;225.38;-0.20;1.24
207368;225.08;-0.67;0.76
207419;224.76;-1.15;0.55
207466;224.66;-1.50;-0.13
207518;224.25;-1.96;-0.57
207566;223.65;-1.96;-0.83
207618;222.59;-2.03;-1.65
207666;221.87;-1.29;-1.87
207718;221.15;0.06;-2.23
207766;220.73;0.70;-2.01
207818;220.30;1.19;-1.38
207866;220.00;1.63;-1.07
207920;219.57;1.91;-0.56
207966;219.28;2.04;-0.50
208018;219.08;2.48;-0.64
208066;218.92;3.02;-0.50
208118;218.64;3.13;-0.50
208166;218.38;2.82;-0.51
208218;217.96;3.05;-0.32
208266;217.69;2.91;-0.39
208316;217.40;2.75;-0.45
208368;216.92;3.26;-0.46
208419;216.54;2.98;-0.73
208466;216.20;2.89;-0.62
208518;215.67;3.24;-0.92
208566;215.28;2.92;-1.08
208618;214.85;2.67;-0.82
208666;214.58;2.74;-0.88
208718;214.19;2.38;-0.96
208766;214.03;2.35;-0.90
208818;213.88;2.36;-0.87
208866;213.68;2.99;-1.04
208920;213.19;4.10;-0.11
208966;212.77;4.88;-0.08
209018;212.27;5.40;-0.52
209066;212.13;5.28;-0.58
209118;211.53;4.40;-1.05
209166;211.23;3.61;-1.18
209218;210.56;3.26;-1.95
209266;210.55;3.43;-2.11
209318;210.43;4.24;-1.87
209366;210.97;5.11;-1.66
209420;210.51;5.15;-0.71
209466;209.57;4.34;-0.76
209518;209.04;3.74;-0.71
209566;208.54;3.52;-0.44
209618;208.09;2.82;-0.56
209666;207.84;2.57;-0.63
209718;207.55;2.58;-0.69
209766;207.28;2.23;-0.81
209818;206.86;2.14;-0.85
209866;206.59;1.99;-0.92
209921;206.21;1.81;-0.95
209966;205.93;1.89;-0.95
210018;205.61;2.26;-0.91
210066;205.36;2.06;-0.91
210118;205.03;1.83;-0.87
210166;204.80;2.18;-0.89
210218;204.44;2.42;-1.24
210266;204.13;2.73;-1.34
210318;203.61;2.40;-1.39
210366;203.29;2.67;-1.46
210420;202.62;2.55;-1.57
210466;202.14;2.64;-1.69
210518;201.31;2.75;-2.19
210566;200.98;2.43;-2.13
210618;200.83;2.40;-1.96
210666;200.86;2.18;-1.69
210718;200.81;2.76;-1.76
210766;200.71;2.44;-1.79
210818;200.66;2.95;-1.55
210866;200.22;4.27;-1.65
210920;200.49;6.68;-0.61
210966;201.35;8.36;0.99
211018;203.62;9.13;3.07
211066;205.32;9.04;3.91
211118;206.90;8.22;5.02
211166;207.87;7.74;5.20
211218;208.15;8.04;3.16
211266;205.29;7.83;4.19
211318;202.10;7.02;3.35
211366;200.75;6.87;2.80
211420;198.93;7.10;2.15
211466;198.50;7.04;1.49
211518;198.05;6.72;1.03
211566;197.60;6.34;0.75
211618;197.15;5.90;0.35
211666;196.88;5.49;0.23
211718;196.51;4.95;0.03
211766;196.28;4.55;-0.01
211818;195.90;4.04;-0.04
211866;195.61;3.67;-0.11
211920;195.24;3.43;-0.14
211966;194.93;3.47;-0.08
212018;194.49;3.21;-0.18
212066;194.12;3.36;-0.19
212118;193.62;3.13;-0.33
212166;193.27;3.13;-0.46
212218;192.66;3.54;-1.01
212266;192.37;3.44;-0.99
212318;191.87;3.31;-1.09
212366;191.39;3.48;-1.25
212420;190.42;4.10;-1.57
212466;189.77;4.06;-1.81
212518;189.19;4.15;-2.39
212566;188.55;4.44;-2.57
212618;187.30;3.93;-2.77
212666;186.46;3.26;-2.31
212718;184.18;2.75;-1.43
212766;183.03;2.06;-1.11
212818;182.97;1.27;-1.42
212866;183.42;0.78;-1.87
212920;185.39;1.22;-3.33
212966;186.11;1.89;-3.42
213018;186.39;2.37;-3.05
213066;186.36;2.67;-2.66
213118;186.08;2.65;-2.13
213166;185.81;2.66;-1.81
213218;185.35;2.23;-1.40
213266;185.05;1.92;-1.21
213318;184.67;1.99;-1.49
213366;184.42;2.24;-1.31
213420;184.01;2.27;-1.32
213466;183.72;2.07;-1.31
213518;183.35;1.79;-1.30
213566;183.12;1.97;-1.07
213618;182.79;2.08;-1.29
213666;182.54;1.83;-1.17
213718;182.20;2.62;-1.26
213766;181.92;2.44;-1.28
213818;181.49;2.75;-1.64
213866;181.16;2.58;-1.63
213920;180.73;2.56;-1.69
213966;180.39;2.26;-1.68
214018;180.07;2.14;-1.38
214066;179.84;1.99;-1.39
214118;179.49;2.17;-1.51
214166;179.26;2.16;-1.45
214218;178.88;2.51;-1.60
214266;178.56;2.35;-1.66
214318;178.02;2.80;-2.34
214366;177.52;3.00;-2.70
214420;176.78;3.33;-3.17
214466;176.05;3.17;-3.68
214518;175.67;2.63;-3.33
214566;175.53;2.15;-2.75
214618;175.29;1.53;-1.93
214666;175.34;1.19;-1.34
214718;175.41;1.66;-1.45
214766;175.34;2.14;-1.57
214818;175.20;1.95;-1.36
214866;175.12;1.67;-1.24
214920;175.38;1.25;-0.90
214966;176.37;0.82;-1.38
215018;178.72;0.74;-2.33
215066;178.95;0.87;-4.46
215118;176.99;1.06;-3.68
215166;175.17;1.25;-2.62
215216;173.26;2.04;-1.47
215268;172.70;1.14;-0.15
215316;172.51;1.44;-0.85
215368;172.09;2.58;-1.58
215419;171.78;2.55;-1.64
215466;171.45;2.49;-1.70
215518;171.11;2.45;-1.49
215566;170.86;2.26;-1.31
215618;170.44;2.04;-1.25
215666;170.16;2.11;-1.20
215718;169.80;2.21;-1.35
215766;169.54;1.98;-1.24
215818;169.21;1.82;-1.25
215866;168.99;2.19;-1.12
216197;166.88;4.44;-0.23
216245;166.60;4.10;-0.51
216297;166.23;3.59;-0.80
216345;165.97;3.20;-0.98
216397;165.63;2.64;-1.16
216445;165.38;2.24;-1.19
216495;165.09;2.38;-1.12
216547;164.73;2.25;-1.21
216595;164.48;2.30;-1.10
216649;164.11;2.40;-1.20
216695;163.83;2.30;-1.17
216747;163.47;2.22;-1.10
216795;163.21;2.21;-1.02
216847;162.85;2.48;-1.20
216895;162.58;2.17;-1.15
216947;162.21;2.35;-1.23
216995;161.93;2.12;-1.12
217047;161.55;2.06;-1.05
217095;161.27;2.17;-1.22
217149;160.89;2.19;-1.14
217195;160.58;2.13;-1.26
217247;160.21;2.11;-1.07
217295;159.92;2.18;-1.18
217347;159.53;1.96;-1.22
217395;159.24;2.08;-1.18
217447;158.85;2.02;-1.24
217495;158.55;2.01;-1.22
217547;158.17;2.04;-1.42
217595;157.91;2.01;-1.22
217649;157.54;1.95;-1.18
217695;157.26;2.17;-1.22
217747;156.90;1.88;-1.30
217795;156.63;2.04;-1.27
217847;156.25;1.89;-1.14
217895;155.97;1.92;-1.25
217947;155.58;1.94;-1.20
217995;155.30;1.85;-1.33
218047;154.94;1.95;-1.26
218095;154.68;1.86;-1.33
218149;154.33;1.98;-1.32
218195;154.06;2.09;-1.26
218247;153.71;2.04;-1.37
218295;153.44;1.98;-1.31
218347;153.09;1.83;-1.24
218395;152.83;2.23;-1.33
218445;152.51;1.94;-1.23
218497;152.13;2.07;-1.24
218545;151.86;2.02;-1.29
218597;151.48;2.03;-1.17
218648;151.21;1.95;-1.22
218695;150.88;1.73;-1.25
218747;150.52;2.06;-1.29
218795;150.26;2.02;-1.37
218847;149.90;2.18;-1.35
218895;149.63;1.88;-1.34
218947;149.26;1.96;-1.28
218995;148.99;1.97;-1.25
219047;148.63;1.96;-1.23
219095;148.36;2.05;-1.32
219149;148.00;1.97;-1.21
219195;147.73;2.02;-1.32
219247;147.39;1.93;-1.23
219295;147.12;2.04;-1.26
219347;146.75;1.91;-1.27
219395;146.48;2.03;-1.22
219445;146.16;1.98;-1.30
219497;145.79;2.03;-1.29
219545;145.52;1.96;-1.28
219597;145.14;1.97;-1.32
219648;144.88;2.06;-1.39
219695;144.55;1.94;-1.27
219747;144.19;2.04;-1.35
219795;143.91;2.01;-1.36
219847;143.49;2.01;-1.43
219895;143.20;1.82;-1.26
219947;142.83;1.58;-1.13
219995;142.55;1.75;-1.47
220047;142.16;2.50;-1.69
220095;141.84;2.25;-1.65
220149;141.35;2.26;-1.75
220195;140.97;2.29;-1.83
220247;140.72;1.93;-1.60
220295;140.48;2.09;-1.72
220347;140.17;1.88;-1.60
220395;139.91;2.14;-1.60
220445;139.54;1.76;-1.51
220497;139.11;1.96;-1.70
220545;138.82;1.72;-1.59
220597;138.48;1.67;-1.50
220648;138.24;1.74;-1.61
220695;137.93;1.81;-1.59
220747;137.67;1.76;-1.50
220795;137.49;2.03;-1.38
220847;137.17;2.07;-1.41
220895;136.93;2.00;-1.29
220947;136.58;1.95;-1.39
220995;136.32;2.22;-1.57
221047;135.96;2.12;-1.45
221095;135.70;2.03;-1.36
221149;135.34;1.93;-1.32
221195;135.06;1.90;-1.41
221247;134.70;1.86;-1.37
221295;134.44;1.83;-1.35
221347;134.08;2.04;-1.46
221395;133.80;2.07;-1.48
221447;133.43;1.95;-1.36
221495;133.15;1.83;-1.33
221547;132.76;1.87;-1.40
221595;132.50;2.12;-1.44
221649;132.13;1.99;-1.54
221695;131.85;1.89;-1.46
221747;131.49;1.97;-1.41
221795;131.21;1.72;-1.44
221847;130.84;1.97;-1.41
221895;130.57;1.91;-1.39
221947;130.20;1.90;-1.28
221995;129.93;2.04;-1.41
222047;129.56;1.99;-1.36
222095;129.28;1.83;-1.44
222149;128.91;1.70;-1.40
222195;128.63;1.88;-1.40
222247;128.27;1.91;-1.41
222295;128.00;1.87;-1.39
222347;127.62;1.90;-1.52
222395;127.34;1.86;-1.46
222447;126.98;1.82;-1.40
222495;126.71;1.74;-1.41
222547;126.34;1.91;-1.35
222595;126.08;2.01;-1.43
222649;125.71;1.86;-1.46
222695;125.43;1.92;-1.53
222747;125.08;1.82;-1.41
222795;124.81;1.97;-1.47
222847;124.44;1.93;-1.44
222895;124.18;1.92;-1.44
222947;123.81;1.71;-1.35
222995;123.54;1.65;-1.39
223047;123.17;1.89;-1.41
223095;122.91;1.80;-1.31
223149;122.54;1.86;-1.48
223195;122.26;1.78;-1.49
223247;121.90;1.87;-1.50
223295;121.63;1.83;-1.43
223347;121.27;1.72;-1.43
223395;120.99;1.86;-1.43
223447;120.63;1.76;-1.41
223495;120.36;1.87;-1.43
223547;119.99;1.69;-1.34
223595;119.72;1.80;-1.47
223649;119.35;1.92;-1.54
223695;119.07;1.86;-1.45
223747;118.71;1.68;-1.54
223795;118.45;1.82;-1.51
223847;118.09;1.85;-1.42
223895;117.82;1.79;-1.40
223947;117.45;1.89;-1.47
223995;117.18;1.77;-1.48
224047;116.81;1.73;-1.52
224095;116.54;1.82;-1.53
224149;116.17;1.77;-1.49
224195;115.90;1.71;-1.39
224247;115.54;1.75;-1.45
224295;115.27;1.78;-1.37
224345;114.93;1.91;-1.47
224397;114.54;1.87;-1.59
224445;114.26;1.78;-1.47
224497;113.88;1.89;-1.49
224545;113.61;1.66;-1.56
224597;113.24;1.82;-1.57
224648;112.98;1.65;-1.45
224695;112.65;1.75;-1.50
224747;112.29;1.78;-1.54
224795;112.03;1.67;-1.41
224847;111.66;1.77;-1.58
224895;111.39;1.69;-1.51
224947;111.03;1.63;-1.57
224995;110.76;1.77;-1.53
225047;110.40;1.78;-1.58
225095;110.13;1.74;-1.49
225150;109.76;1.78;-1.64
225195;109.49;1.64;-1.39
225247;109.13;1.68;-1.48
225295;108.87;1.65;-1.47
225345;108.55;1.76;-1.48
225397;108.20;1.77;-1.54
225445;107.95;1.80;-1.47
225497;107.58;2.03;-1.55
225545;107.32;1.77;-1.42
225597;106.95;1.91;-1.37
225648;106.68;1.63;-1.41
225695;106.36;1.81;-1.47
225747;105.99;1.61;-1.46
225795;105.72;1.66;-1.35
225847;105.35;1.82;-1.51
225895;105.08;1.80;-1.46
225947;104.71;1.57;-1.49
225995;104.45;1.75;-1.49
226047;104.09;1.81;-1.48
226095;103.83;1.64;-1.34
226149;103.46;1.72;-1.53
226195;103.19;1.79;-1.50
226247;102.84;1.75;-1.40
226295;102.56;1.67;-1.56
226345;102.24;1.78;-1.53
226397;101.87;1.78;-1.52
226445;101.61;1.79;-1.50
226497;101.24;1.66;-1.43
226545;100.97;1.92;-1.60
226597;100.60;1.73;-1.51
226648;100.33;1.68;-1.48
226695;100.01;1.85;-1.67
226747;99.64;1.71;-1.51
226795;99.37;1.68;-1.46
226847;99.00;1.71;-1.51
226895;98.74;1.79;-1.55
226947;98.39;1.78;-1.45
226995;98.13;1.83;-1.47
227047;97.76;1.77;-1.53
227095;97.49;1.71;-1.50
227149;97.11;1.84;-1.68
227195;96.82;1.94;-1.63
227247;96.44;1.76;-1.61
227295;96.15;1.90;-1.58
227345;95.77;1.69;-1.69
227397;95.37;1.59;-1.57
227445;95.10;1.63;-1.51
227497;94.73;1.56;-1.50
227545;94.45;1.64;-1.65
227597;94.10;1.59;-1.60
227648;93.83;1.74;-1.64
227695;93.52;1.44;-1.58
227747;93.15;1.73;-1.70
227795;92.88;1.50;-1.63
227847;92.51;1.63;-1.63
227895;92.23;1.58;-1.57
227947;91.85;1.66;-1.70
227995;91.58;1.61;-1.65
228047;91.20;1.49;-1.64
228095;90.92;1.62;-1.65
228149;90.55;1.68;-1.60
228195;90.27;1.53;-1.61
228247;89.91;1.68;-1.65
228295;89.65;1.60;-1.62
228345;89.33;1.62;-1.61
228397;88.95;1.65;-1.74
228445;88.68;1.36;-1.62
228497;88.32;1.75;-1.70
228545;88.06;1.46;-1.55
228597;87.71;1.61;-1.67
228648;87.46;1.52;-1.55
228695;87.15;1.82;-1.73
228747;86.79;1.60;-1.56
228795;86.52;1.64;-1.59
228847;86.15;1.61;-1.50
228895;85.88;1.68;-1.59
228947;85.52;1.64;-1.62
228995;85.26;1.58;-1.65
229047;84.91;1.50;-1.52
229095;84.64;1.81;-1.78
229149;84.26;1.62;-1.54
229195;83.97;1.74;-1.63
229247;83.59;1.60;-1.65
229295;83.31;1.64;-1.64
229347;82.92;1.58;-1.68
229395;82.62;1.49;-1.71
229447;82.25;1.57;-1.70
229495;81.97;1.51;-1.63
229547;81.62;1.37;-1.68
229595;81.36;1.65;-1.83
229649;81.01;1.77;-1.99
229695;80.70;1.82;-2.24
229747;80.35;1.78;-2.08
229795;80.04;1.88;-2.05
229847;79.70;1.60;-1.80
229895;79.45;1.32;-1.72
229947;79.22;1.16;-1.31
229995;79.09;1.44;-1.45
230047;78.68;1.77;-1.60
230095;78.35;1.86;-1.58
230149;77.95;1.72;-1.66
230195;77.63;2.03;-1.79
230247;77.23;1.86;-1.82
230295;76.88;2.04;-1.82
230347;76.47;1.63;-1.84
230395;76.32;1.38;-1.55
230447;76.08;1.76;-1.60
230495;75.91;1.59;-1.43
230547;75.65;1.76;-1.43
230595;75.41;1.80;-1.66
230649;74.60;2.07;-2.23
230695;73.01;1.95;-3.60
230747;71.71;-1.00;-4.52
230795;71.76;-4.65;-5.54
230847;73.40;-8.04;-6.88
230895;74.15;-7.66;-6.07
230947;73.83;-6.81;-5.93
230995;73.54;-6.32;-5.76
231047;73.10;-5.64;-5.52
231095;72.77;-5.10;-5.41
231149;72.35;-4.34;-5.24
231195;72.03;-3.76;-5.10
231247;71.63;-3.10;-4.84
231295;71.35;-2.66;-4.61
231347;70.97;-2.01;-4.36
231395;70.68;-1.53;-4.12
231447;70.31;-0.94;-3.82
231495;70.02;-0.49;-3.60
231547;69.63;0.10;-3.24
231595;69.38;0.47;-2.94
231649;69.02;0.99;-2.52
231695;68.76;1.33;-2.16
231747;68.44;1.66;-1.67
231795;68.19;1.70;-1.48
231847;67.84;1.73;-1.36
231895;67.59;1.79;-1.40
231947;67.22;1.81;-1.38
231995;66.96;1.76;-1.39
232047;66.59;1.87;-1.33
232095;66.33;1.84;-1.47
232150;65.97;1.82;-1.42
232195;65.69;1.83;-1.50
232247;65.34;1.88;-1.34
232295;65.07;1.67;-1.33
232347;64.71;1.83;-1.31
232395;64.44;1.76;-1.30
232445;64.12;1.78;-1.33
232497;63.75;1.81;-1.32
232545;63.49;1.74;-1.42
232597;63.13;1.77;-1.44
232648;62.88;1.98;-1.35
232695;62.57;1.71;-1.26
232747;62.22;1.84;-1.49
232795;61.96;1.90;-1.27
232847;61.60;1.88;-1.27
232895;61.34;1.77;-1.25
232947;60.97;1.69;-1.25
232995;60.71;1.98;-1.28
233047;60.35;1.75;-1.34
233095;60.09;1.95;-1.29
233149;59.72;1.69;-1.29
233195;59.45;1.80;-1.31
233247;59.11;1.74;-1.21
233295;58.85;1.82;-1.35
233347;58.50;1.83;-1.23
233395;58.25;1.92;-1.31
233445;57.95;1.99;-1.32
233497;57.62;1.95;-1.28
233545;57.38;1.90;-1.30
233597;57.06;2.08;-1.23
233648;56.81;2.15;-1.24
233695;56.52;2.04;-1.19
233747;56.15;2.12;-1.30
233795;55.88;2.00;-1.20
233847;55.52;2.13;-1.15
233895;55.25;1.92;-1.20
233947;54.90;2.16;-1.18
233995;54.63;1.93;-1.24
234047;54.27;2.20;-1.25
234095;54.01;2.01;-1.15
234149;53.63;2.07;-1.31
234195;53.36;1.98;-1.22
234247;53.00;2.00;-1.23
234295;52.74;2.12;-1.28
234347;52.38;1.98;-1.19
234395;52.12;1.97;-1.20
234447;51.76;1.96;-1.25
234495;51.49;2.07;-1.24
234547;51.15;2.15;-1.19
234595;50.89;2.03;-1.23
234649;50.53;2.09;-1.17
234695;50.24;2.09;-1.20
234747;49.89;1.91;-1.14
234795;49.63;2.05;-1.24
234847;49.27;2.11;-1.23
234895;49.01;2.05;-1.17
234947;48.66;1.99;-1.11
234995;48.40;2.10;-1.21
235047;48.06;2.19;-1.09
235095;47.79;2.09;-1.19
235150;47.44;2.10;-1.10
235195;47.16;2.05;-1.19
235247;46.81;2.12;-1.14
235295;46.55;2.25;-1.25
235347;46.19;2.14;-1.11
235395;45.92;2.07;-1.13
235447;45.56;2.24;-1.17
235495;45.28;2.05;-1.23
235547;44.94;2.13;-1.17
235595;44.68;2.04;-1.08
235649;44.32;2.18;-1.12
235695;44.05;2.11;-1.11
235747;43.70;2.14;-1.10
235795;43.45;2.25;-1.13
235847;43.08;2.27;-1.18
235895;42.82;2.23;-1.13
235947;42.46;2.25;-1.13
235995;42.19;2.03;-1.13
236047;41.82;2.18;-1.21
236095;41.55;2.13;-1.14
236426;39.41;0.97;-0.46
236474;39.14;1.50;-0.79
236526;38.76;2.21;-1.00
236574;38.50;2.25;-1.18
236626;38.14;2.27;-1.14
236674;37.89;2.42;-1.07
236726;37.52;2.36;-1.10
236774;37.26;2.22;-1.05
236824;36.95;2.39;-1.05
236878;36.59;2.12;-0.98
236924;36.31;2.15;-1.08
236976;35.96;2.22;-1.03
237024;35.70;2.24;-1.14
237076;35.34;2.29;-1.00
237124;35.04;2.29;-1.08
237176;34.71;2.32;-1.06
237224;34.45;2.27;-0.98
237276;34.09;2.22;-1.08
237324;33.82;2.24;-1.14
237379;33.46;2.36;-1.09
237424;33.18;2.35;-1.14
237476;32.83;2.34;-1.09
237524;32.57;2.28;-1.03
237576;32.22;2.45;-0.98
237624;31.96;2.30;-1.02
237676;31.60;2.24;-1.12
237724;31.34;2.48;-1.09
237776;30.98;2.38;-0.96
237824;30.69;2.33;-1.12
237878;30.34;2.21;-1.04
237924;30.06;2.18;-1.01
237976;29.70;2.36;-1.10
238024;29.44;2.10;-1.08
238076;29.06;2.33;-1.19
238124;28.80;2.15;-1.01
238176;28.45;2.22;-1.06
238224;28.20;2.40;-1.14
238276;27.87;2.35;-0.95
238324;27.62;2.51;-1.02
238378;27.25;2.42;-1.08
238424;26.98;2.27;-1.03
238476;26.63;2.48;-1.08
238524;26.37;2.36;-1.12
238576;26.02;2.45;-1.08
238624;25.77;2.43;-1.09
238676;25.40;2.66;-1.15
238724;25.15;2.39;-1.05
238776;24.80;2.38;-1.02
238824;24.55;2.48;-1.01
238877;24.23;2.33;-1.05
238924;23.90;2.41;-1.08
238976;23.52;2.44;-1.12
239024;23.25;2.65;-0.98
239076;22.81;2.37;-1.07
239124;22.49;2.42;-1.12
239176;22.03;2.55;-1.20
239224;21.66;2.25;-1.21
239276;21.18;2.01;-1.31
239324;20.83;2.00;-1.32
239378;20.37;2.01;-1.44
239424;20.05;1.97;-1.34
239476;19.63;1.53;-1.43
239524;19.35;1.90;-1.48
239576;18.95;1.74;-1.52
239624;18.69;1.84;-1.42
239676;18.30;1.85;-1.52
239724;18.02;1.73;-1.54
239776;17.63;1.80;-1.59
239824;17.35;1.83;-1.44
239877;17.01;1.64;-1.48
239924;16.68;1.67;-1.58
239976;16.30;1.68;-1.51
240024;16.01;1.68;-1.54
240076;15.63;1.53;-1.50
240124;15.34;1.62;-1.52
240176;14.96;1.74;-1.62
240224;14.69;1.43;-1.56
240276;14.32;1.78;-1.66
240324;14.05;1.69;-1.65
240378;13.67;1.53;-1.59
240424;13.39;1.75;-1.57
240476;13.03;1.56;-1.60
240524;12.75;1.64;-1.61
240576;12.35;1.73;-1.70
240624;12.05;1.71;-1.72
240676;11.66;1.62;-1.73
240724;11.37;1.90;-1.78
240776;10.97;1.53;-1.77
240824;10.70;1.40;-1.75
240878;10.35;1.26;-1.54
240924;10.07;1.77;-1.78
240976;9.76;1.59;-1.56
241024;9.51;1.79;-1.74
241076;9.15;1.50;-1.52
241124;8.90;1.77;-1.70
241176;8.52;1.55;-1.53
241224;8.25;1.70;-1.72
241276;7.86;1.68;-1.78
241324;7.57;1.81;-1.94
241378;7.09;1.98;-2.17
241424;6.77;1.71;-2.05
241476;6.34;1.93;-2.23
241524;6.01;1.71;-2.16
241576;5.62;1.49;-1.96
241624;5.29;1.49;-1.94
241676;4.87;1.44;-2.14
241724;4.56;1.18;-1.90
241776;4.16;1.20;-1.91
241824;3.87;1.20;-1.84
241878;3.39;1.47;-2.27
241924;3.09;1.22;-2.16
241974;2.83;1.43;-2.25
242026;2.53;1.29;-2.01
242074;2.28;1.16;-2.00
242126;1.90;1.16;-2.00
242174;1.61;1.31;-2.22
242226;1.17;1.14;-2.12
242274;0.85;0.86;-2.09
242326;0.49;1.00;-1.97
242377;0.22;1.02;-2.02
242424;359.89;1.11;-2.19
242476;359.62;1.05;-2.12
242524;359.40;1.21;-2.16
242576;359.15;1.11;-1.75
242624;358.98;1.34;-1.88
242676;358.65;1.68;-1.88
242724;358.38;1.58;-1.94
242776;358.02;1.10;-1.94
242824;357.81;1.27;-1.81
242878;357.51;1.37;-1.69
242924;357.26;1.26;-1.57
242975;356.98;1.29;-1.52
243027;356.76;1.25;-1.43
243075;356.62;1.63;-1.46
243127;356.34;1.92;-1.52
243175;356.19;2.07;-1.41
243227;356.09;2.35;-0.72
243275;355.94;4.49;-0.02
243327;355.55;11.65;3.28
243377;356.23;17.13;6.90
243426;357.03;21.45;12.18
243478;356.10;22.37;14.46
243526;355.63;22.36;13.33
243578;355.09;22.12;12.60
243626;354.69;21.96;12.05
243678;354.17;21.69;11.35
243726;353.79;21.52;10.84
243778;353.23;21.32;10.07
243826;352.83;21.18;9.49
243878;352.22;21.01;8.66
243926;351.80;20.85;8.13
243976;351.30;20.66;7.51
244028;350.75;20.47;6.73
244076;350.34;20.47;6.04
244128;349.80;20.27;5.27
244176;349.48;19.96;4.97
244228;349.08;19.55;4.58
244276;348.76;19.24;4.24
244328;348.32;18.82;3.81
244377;348.00;18.52;3.46
244426;347.60;18.19;3.00
244478;347.13;17.80;2.46
244526;346.79;17.51;2.09
244578;346.30;17.16;1.51
244626;345.96;16.85;1.16
244678;345.55;16.36;0.83
244726;345.28;15.98;0.64
244778;344.90;15.46;0.39
244826;344.62;15.09;0.19
244879;344.23;14.57;-0.10
244926;343.94;14.17;-0.29
244978;343.58;13.67;-0.53
245026;343.30;13.30;-0.71
245078;342.92;12.79;-0.93
245126;342.67;12.37;-1.02
245178;342.30;11.85;-1.25
245226;342.04;11.46;-1.35
245278;341.70;10.91;-1.48
245326;341.45;10.50;-1.55
245379;341.11;9.94;-1.65
245426;340.85;9.52;-1.73
245478;340.50;8.99;-1.85
245526;340.23;8.60;-1.93
245578;339.86;8.08;-2.06
245626;339.60;7.70;-2.14
245678;339.24;7.18;-2.22
245726;338.98;6.80;-2.27
245778;338.62;6.28;-2.30
245826;338.37;5.90;-2.30
245879;338.01;5.38;-2.30
245926;337.74;4.98;-2.27
245978;337.39;4.52;-2.26
246026;337.12;4.16;-2.23
246078;336.75;3.68;-2.16
246126;336.48;3.36;-2.10
246178;336.10;2.91;-1.99
246226;335.83;2.58;-1.89
246278;335.47;2.19;-1.67
246326;335.19;1.89;-1.55
246379;334.81;1.92;-1.50
246426;334.55;1.61;-1.40
246478;334.21;1.87;-1.51
246526;333.95;1.96;-1.51
246578;333.58;1.63;-1.36
246626;333.31;1.73;-1.37
246678;332.94;1.92;-1.49
246726;332.68;1.70;-1.46
246778;332.32;2.02;-1.50
246826;332.05;1.78;-1.46
246877;331.73;1.67;-1.39
246926;331.41;1.84;-1.48
246978;331.02;1.76;-1.46
247026;330.75;1.69;-1.49
247078;330.39;1.81;-1.43
247126;330.11;1.71;-1.61
247178;329.75;1.72;-1.42
247226;329.49;1.73;-1.51
247278;329.13;1.85;-1.54
247326;328.87;1.79;-1.51
247379;328.50;1.67;-1.55
247426;328.25;1.90;-1.35
247478;327.88;1.74;-1.36
247526;327.62;1.77;-1.37
247578;327.25;1.76;-1.38
247626;326.99;1.85;-1.36
247678;326.63;1.82;-1.42
247726;326.38;1.93;-1.44
247778;326.02;1.70;-1.42
247826;325.75;1.83;-1.39
247877;325.43;1.86;-1.52
247926;325.13;1.77;-1.36
247978;324.75;1.77;-1.43
248026;324.48;1.91;-1.45
248078;324.11;1.80;-1.45
248126;323.84;1.73;-1.52
248178;323.47;1.76;-1.39
248226;323.21;1.82;-1.31
248278;322.83;1.74;-1.38
248326;322.55;1.80;-1.47
248379;322.18;1.90;-1.37
248426;321.90;1.69;-1.46
248478;321.54;1.72;-1.39
248526;321.26;1.72;-1.44
248578;320.88;1.77;-1.49
248626;320.61;1.65;-1.54
248678;320.24;1.62;-1.42
248726;319.97;1.78;-1.47
248778;319.59;1.74;-1.50
248826;319.33;1.69;-1.38
248877;319.01;1.57;-1.39
248926;318.69;1.80;-1.38
248978;318.30;1.59;-1.37
249026;318.02;1.69;-1.47
249078;317.65;1.73;-1.49
249126;317.37;1.61;-1.53
249178;317.00;1.80;-1.58
249226;316.73;1.63;-1.66
249278;316.37;1.66;-1.50
249326;316.10;1.60;-1.47
249379;315.72;1.73;-1.49
249426;315.45;1.79;-1.52
249478;315.08;1.66;-1.51
249526;314.81;1.61;-1.40
249578;314.43;1.53;-1.44
249626;314.17;1.61;-1.45
249678;313.80;1.75;-1.55
249726;313.54;1.59;-1.49
249778;313.18;1.69;-1.44
249826;312.90;1.72;-1.67
249879;312.54;1.60;-1.60
249926;312.28;1.70;-1.50
249978;311.91;1.56;-1.58
250026;311.65;1.62;-1.50
250078;311.28;1.75;-1.50
250126;311.01;1.69;-1.59
250178;310.64;1.84;-1.54
250226;310.38;1.64;-1.45
250278;310.01;1.66;-1.52
250326;309.73;1.62;-1.56
250379;309.36;1.66;-1.62
250426;309.10;1.69;-1.53
250478;308.73;1.66;-1.58
250526;308.46;1.58;-1.46
250578;308.09;1.52;-1.57
250626;307.82;1.69;-1.60
250678;307.46;1.73;-1.58
250726;307.19;1.68;-1.55
250778;306.83;1.58;-1.53
250826;306.55;1.71;-1.76
250879;306.20;1.69;-1.57
250926;305.94;1.56;-1.51
250978;305.57;1.62;-1.69
251026;305.31;1.64;-1.56
251078;304.95;1.78;-1.47
251126;304.68;1.62;-1.51
251178;304.30;1.73;-1.49
251226;304.02;1.82;-1.61
251278;303.64;1.58;-1.61
251326;303.36;1.76;-1.61
251379;302.98;1.63;-1.55
251426;302.70;1.88;-1.55
251478;302.32;1.41;-1.57
251526;302.06;1.67;-1.53
251578;301.68;1.61;-1.61
251626;301.41;1.67;-1.66
251678;301.04;1.53;-1.67
251726;300.78;1.60;-1.51
251778;300.43;1.48;-1.48
251826;300.17;1.58;-1.60
251879;299.85;1.58;-1.46
251926;299.61;1.61;-1.44
251978;299.30;1.71;-1.55
252026;299.08;1.58;-1.34
252078;298.77;1.85;-1.30
252126;298.49;2.02;-1.44
252178;298.10;2.03;-1.55
252226;297.69;1.81;-1.31
252278;297.29;1.39;-1.09
252326;296.90;-1.17;-1.24
252379;296.47;-8.58;-1.92
252426;296.82;-12.71;-2.75
252478;295.48;-14.06;-1.65
252526;294.23;-13.53;-0.98
252578;293.66;-10.76;0.08
252626;293.74;-8.07;0.97
252678;295.69;-1.02;2.92
252726;295.69;2.53;3.71
252776;296.02;3.27;3.56
252828;295.69;1.96;0.72
252877;295.29;1.70;-2.58
252926;294.99;2.63;-2.84
252978;294.56;2.88;-2.51
253026;294.22;2.92;-2.26
253078;293.74;3.00;-2.05
253126;293.42;2.81;-1.96
253178;293.05;2.58;-1.66
253226;292.78;2.35;-1.44
253278;292.47;2.12;-1.15
253326;292.25;2.23;-1.12
253379;291.98;2.07;-1.09
253426;291.79;2.60;-1.09
253478;291.46;2.72;-1.18
253526;291.21;2.74;-1.29
253578;290.91;2.77;-1.23
253626;290.66;2.97;-1.34
253678;290.28;2.76;-1.24
253726;289.97;2.75;-1.18
253776;289.51;2.74;-1.43
253828;288.84;2.27;-1.31
253877;288.35;2.30;-1.54
253926;287.86;1.75;-1.32
253978;287.43;1.49;-1.24
254026;287.18;1.17;-1.19
254078;286.88;1.73;-1.33
254126;286.65;1.64;-1.41
254178;286.51;1.14;-1.19
254226;286.59;0.77;-1.01
254278;287.29;-0.13;-0.88
254326;290.59;-1.23;0.12
254379;299.95;-3.28;1.60
254426;305.11;-3.68;4.51
254478;307.95;-2.20;7.08
254526;307.91;0.81;9.90
254578;304.82;7.67;14.28
254626;300.99;14.04;17.21
254678;294.59;24.44;19.67
254726;289.54;31.92;19.09
254776;282.73;40.49;15.24
254828;269.63;49.88;9.02
254877;261.27;53.96;4.03
254926;257.61;56.15;-1.64
254978;273.47;55.48;12.40
255026;282.61;53.43;20.89
255078;289.95;51.17;28.81
255126;289.95;50.74;30.04
255178;289.59;50.31;30.04
255226;289.28;50.08;29.80
255278;288.78;49.84;29.26
255326;288.23;49.54;28.87
255379;287.60;49.15;28.30
255426;287.32;48.80;28.02
255478;287.01;48.29;27.66
255526;286.99;47.99;27.46
255578;286.74;47.57;27.16
255626;286.56;47.31;26.88
255678;286.15;47.00;26.35
255726;285.76;46.90;25.80
255778;285.34;46.66;25.25
255826;285.23;46.35;25.02
255879;286.35;44.60;25.35
255926;290.62;42.03;27.74
255978;301.74;35.20;33.98
256026;312.50;27.47;39.51
256078;327.07;18.02;35.26
256126;325.68;16.12;30.14
256178;321.46;14.86;23.46
256226;315.12;15.74;18.08
256278;303.92;18.72;10.80
256326;294.39;21.06;5.09
256655;321.86;-13.86;34.63
256703;327.08;-18.42;35.30
256755;331.27;-20.05;36.14
256803;331.65;-20.28;36.43
256855;331.72;-20.32;36.38
256903;331.78;-20.17;36.09
256955;331.96;-19.84;35.54
257003;331.99;-19.59;35.19
257055;332.07;-19.18;34.62
257106;332.10;-18.88;34.25
257153;332.15;-18.42;33.69
257205;332.37;-17.92;32.98
257253;332.51;-17.54;32.46
257305;332.75;-17.14;31.82
257353;333.03;-16.98;31.26
257405;334.41;-17.80;29.80
257453;337.06;-19.10;28.47
257505;344.62;-22.42;24.92
257553;353.20;-24.99;20.98
257607;13.28;-27.10;7.25
257653;27.39;-24.37;-13.30
257705;24.06;-31.62;-19.72
257753;19.25;-34.40;-22.30
257805;7.39;-37.74;-22.27
257853;356.04;-40.78;-19.69
257905;342.21;-45.12;-16.70
257953;330.15;-48.59;-12.37
258005;316.24;-51.77;-6.21
258053;306.18;-53.72;-2.05
258107;286.64;-57.37;7.49
258153;274.84;-60.01;13.32
258205;271.37;-66.00;16.21
258253;280.51;-70.29;8.69
258305;317.43;-72.37;-16.27
258353;332.43;-70.41;-29.19
258405;337.43;-69.79;-30.97
258453;337.04;-70.04;-30.16
258505;335.54;-69.75;-28.77
258553;334.35;-69.44;-27.83
258608;332.76;-69.13;-26.55
258653;331.74;-68.80;-25.87
258705;330.53;-68.42;-24.82
258753;329.62;-68.26;-23.92
258805;328.81;-67.83;-23.28
258853;328.32;-67.44;-22.93
258905;327.81;-66.87;-22.59
258953;327.90;-66.41;-22.88
259005;329.86;-65.61;-25.03
259053;335.45;-63.72;-30.81
259108;348.87;-57.67;-42.56
259153;1.95;-46.59;-52.51
259203;11.19;-26.66;-66.57
259255;16.09;-19.65;-87.97
259303;20.27;-27.51;-90.91
259355;18.23;-38.01;-96.00
259403;17.50;-48.97;-96.13
259455;20.59;-64.29;-101.53
259503;33.22;-74.26;-117.12
259555;105.93;-82.12;161.48
259606;142.81;-73.88;123.75
259653;152.26;-67.78;113.27
259705;129.81;-74.45;141.26
259753;91.45;-77.23;-178.83
259805;78.28;-76.95;-164.22
259853;77.16;-76.60;-161.88
259905;77.10;-76.72;-161.64
259953;76.48;-77.15;-161.39
260005;75.66;-77.77;-161.01
260053;75.33;-78.23;-160.97
260107;75.15;-78.61;-160.85
260153;75.23;-78.78;-160.89
260205;74.66;-79.06;-160.23
260253;74.40;-79.21;-159.82
260305;73.24;-79.22;-158.58
260353;69.49;-78.71;-155.25
260405;52.28;-76.08;-138.23
260453;35.79;-70.53;-122.25
260503;21.93;-59.03;-109.11
260555;10.69;-36.98;-100.96
260606;5.56;-25.64;-107.22
260653;10.61;-31.90;-109.74
260705;15.87;-39.93;-113.91
260753;21.96;-48.18;-119.49
260805;35.71;-61.22;-132.84
260853;54.93;-68.81;-151.83
260905;100.43;-71.77;160.63
260953;131.41;-66.32;126.17
261005;143.19;-53.18;114.56
261053;142.95;-52.62;112.35
261108;127.14;-64.03;133.07
261153;108.47;-68.94;151.43
261205;100.11;-69.42;163.62
261253;99.70;-69.38;164.36
261305;100.18;-69.71;163.60
261353;100.53;-70.10;162.95
261403;100.89;-70.67;162.31
261455;101.73;-71.05;161.30
261503;102.40;-71.25;160.59
261555;103.45;-71.54;159.41
261606;103.81;-71.77;159.05
261653;104.14;-72.09;158.77
261705;102.11;-72.58;160.66
261753;95.69;-73.40;166.08
261805;69.81;-73.69;-169.21
261853;42.72;-70.31;-143.29
261905;12.09;-54.01;-115.40
261953;359.24;-39.85;-112.47
262005;6.91;-42.15;-119.90
262053;13.96;-45.15;-127.15
262108;29.39;-52.30;-141.82
262153;47.40;-58.47;-158.26
262205;80.28;-61.81;170.22
262253;108.07;-57.97;142.88
262303;133.73;-51.20;117.83
262355;147.34;-43.23;109.24
262403;144.99;-50.92;112.51
262455;136.67;-63.67;120.38
262503;132.93;-66.41;125.18
262555;130.34;-66.94;129.40
262606;131.00;-66.99;128.67
262653;131.99;-67.31;127.35
262705;133.00;-67.18;126.38
262753;133.69;-67.01;125.78
262805;134.21;-66.64;125.69
262853;134.73;-66.46;125.44
262905;135.42;-66.45;125.14
262953;135.69;-66.49;125.02
263005;134.45;-66.81;126.54
263053;132.64;-67.01;128.75
263107;115.62;-70.13;145.38
263153;71.30;-69.93;-169.12
263205;39.02;-55.36;-131.52
263253;34.02;-54.36;-127.20
263305;28.00;-59.37;-123.22
263353;25.82;-67.12;-123.23
263405;28.58;-81.57;-127.55
263453;165.16;-85.65;94.92
263505;177.30;-69.60;81.25
263553;173.43;-58.15;82.35
263608;167.88;-47.20;81.40
263653;163.65;-40.21;80.87
263705;151.78;-48.09;101.11
263753;151.12;-51.85;105.83
263805;153.95;-57.01;104.13
263853;154.06;-56.34;105.23
263905;154.26;-56.02;105.41
263953;154.66;-55.68;105.08
264005;155.67;-55.70;103.80
264053;156.36;-55.79;102.98
264107;157.33;-55.72;101.58
264153;158.06;-55.78;100.47
264205;158.50;-55.68;99.84
264253;158.72;-55.83;99.45
264305;159.16;-56.60;98.14
264353;159.66;-57.70;97.25
264405;158.74;-59.97;97.59
264453;155.12;-63.25;101.95
264505;141.56;-70.17;118.35
264553;114.88;-75.98;146.43
264608;36.23;-75.27;-139.05
264653;9.38;-72.49;-116.92
264705;359.76;-72.52;-99.71
264753;5.37;-73.19;-102.74
264805;26.61;-77.39;-120.84
264853;58.77;-82.11;-150.98
264905;149.86;-81.55;119.91
264953;182.18;-73.53;88.60
265005;195.92;-59.88;71.69
265053;198.21;-47.27;66.59
265107;199.85;-31.44;64.64
265153;195.88;-26.61;69.60
265205;197.48;-37.34;63.12
265253;202.33;-45.68;64.78
265305;203.53;-49.45;71.20
265353;205.09;-50.31;70.09
265405;206.86;-50.56;67.93
265453;207.50;-50.28;66.90
265505;207.72;-49.00;65.63
265553;207.52;-48.46;65.55
265608;207.32;-48.63;65.86
265653;207.70;-48.78;65.29
265705;208.12;-49.21;64.59
265753;209.08;-50.09;63.52
265805;212.34;-52.95;60.47
265853;221.03;-58.88;52.67
265905;260.93;-66.09;8.63
265953;288.73;-59.75;-30.45
266005;292.26;-54.57;-30.19
266053;290.02;-58.23;-30.08
266108;271.88;-66.65;-16.74
266153;244.40;-68.06;8.02
266205;211.56;-63.47;39.28
266253;192.97;-54.94;55.10
266305;178.56;-40.54;66.23
266353;175.45;-29.54;65.90
266405;166.25;-20.42;70.98
266453;159.45;-22.70;69.47
266505;161.98;-38.54;70.15
266553;166.06;-47.10;69.12
266608;165.72;-48.68;73.91
266653;165.97;-48.83;73.75
266705;166.68;-48.79;72.79
266753;167.22;-48.57;71.99
266803;167.79;-48.20;71.05
266855;168.14;-47.65;70.35
266903;168.50;-47.28;69.71
266955;169.09;-46.92;68.79
267003;169.40;-46.82;68.39
267055;169.95;-47.11;67.64
267106;170.32;-48.09;67.32
267153;172.42;-51.42;64.94
267205;181.69;-60.44;57.94
267253;203.03;-68.58;38.87
267305;274.69;-67.82;-28.34
267353;289.81;-62.31;-48.19
267405;279.14;-71.46;-36.23
267453;252.68;-76.78;-12.61
267505;189.41;-72.42;46.83
267553;172.79;-62.23;59.68
267608;162.37;-44.58;62.79
267653;158.49;-27.02;59.50
267703;152.19;-15.18;64.12
267755;149.10;-14.61;59.29
267803;146.84;-22.03;62.50
267855;155.37;-37.51;63.91
267903;159.37;-42.93;61.18
267955;159.31;-44.20;64.79
268003;159.53;-44.18;64.67
268055;160.22;-43.94;63.61
268106;160.74;-43.66;62.80
268153;161.25;-43.22;61.88
268205;161.61;-42.76;61.15
268253;161.78;-42.53;60.77
268305;162.34;-42.09;59.86
268353;162.76;-42.05;59.32
268405;163.15;-42.89;59.10
268453;164.11;-44.30;57.53
268505;171.14;-49.60;51.42
268553;183.55;-55.77;41.63
268606;220.81;-61.05;8.70
268653;254.51;-52.73;-29.15
268705;250.84;-59.96;-24.99
268753;243.29;-66.26;-18.05
268805;208.99;-70.13;15.56
268853;183.06;-64.03;39.63
268905;166.43;-48.34;53.89
268953;161.22;-35.11;58.15
269005;160.61;-15.49;60.56
269053;161.08;-5.61;63.86
269107;167.94;-10.69;58.70
269153;173.45;-18.82;56.80
269205;176.05;-22.37;57.23
269253;176.51;-22.62;57.15
269305;177.06;-22.17;56.12
269353;177.34;-21.98;55.69
269405;177.02;-21.93;56.00
269453;176.72;-21.92;56.31
269503;176.50;-22.05;56.61
269555;176.47;-22.23;56.86
269606;176.49;-22.40;57.15
269653;176.76;-22.43;56.94
269705;177.06;-22.62;56.64
269753;177.56;-23.08;56.32
269805;179.82;-25.96;55.88
269853;184.17;-32.51;53.38
269905;194.16;-50.37;53.25
269953;205.97;-65.79;54.48
270005;210.11;-60.43;62.51
270053;209.15;-55.06;71.28
270107;205.10;-43.78;80.99
270153;202.43;-32.12;88.25
270205;204.30;-17.11;87.73
270253;208.09;-5.12;85.00
270305;215.53;13.08;79.90
270353;219.94;27.48;79.08
270405;229.29;41.91;77.51
270453;229.29;39.98;78.86
270505;233.62;26.92;85.64
270553;235.79;18.70;85.94
270608;235.63;14.27;89.53
270653;234.88;13.59;90.02
270705;234.38;12.85;90.45
270753;234.19;12.56;90.48
270805;234.08;12.48;90.42
270853;234.03;12.64;90.25
270905;234.06;12.93;89.93
270953;234.08;13.03;89.78
271005;233.96;13.01;89.49
271053;233.87;12.66;89.30
271108;233.33;10.89;89.05
271153;233.29;5.81;88.91
271205;232.14;-7.50;89.37
271253;229.63;-24.35;94.24
271305;227.46;-44.66;96.95
271353;226.72;-39.63;100.10
271403;227.24;-32.55;99.99
271455;229.89;-17.89;100.79
271503;234.03;-6.15;100.46
271555;239.76;10.68;100.58
271606;244.53;22.34;99.44
271653;251.34;35.67;98.92
271705;255.74;51.54;94.61
271753;252.77;51.08;90.57
271805;255.77;35.47;101.49
271853;254.09;27.71;100.71
271905;253.34;24.40;103.80
271953;253.00;24.11;104.06
272005;252.72;23.64;103.97
272053;252.70;23.54;103.78
272107;252.55;23.55;103.49
272153;252.34;23.64;103.33
272205;252.06;23.53;103.16
272253;251.95;23.37;102.97
272303;251.60;23.23;102.69
272355;250.61;21.66;101.76
272403;249.67;18.56;101.22
272455;247.11;7.40;101.02
272503;243.93;-6.01;102.79
272555;237.94;-32.24;108.06
272606;237.76;-34.88;105.18
272653;237.06;-27.08;109.76
272705;239.12;-15.85;107.49
272753;242.76;-4.52;106.79
272805;250.45;10.60;106.61
272853;257.01;21.47;108.15
272905;265.97;34.58;110.09
272953;270.88;42.98;108.83
273005;275.82;55.75;103.98
273053;270.33;55.71;100.96
273107;266.05;42.97;103.96
273153;263.65;35.47;103.04
273203;262.32;32.42;105.04
273255;261.86;32.28;105.59
273303;261.90;32.43;105.29
273355;262.01;32.58;104.94
273403;262.16;32.78;104.65
273455;262.15;32.98;104.34
273503;261.86;33.03;104.32
273555;261.25;33.03;104.38
273606;261.06;32.90;104.40
273653;260.70;32.67;104.35
273705;260.15;31.58;103.94
273753;259.40;28.65;103.56
273805;256.17;18.89;102.55
273853;252.14;8.12;103.80
273905;243.55;-13.96;109.11
273953;240.43;-20.79;110.15
274005;242.62;-13.69;109.93
274053;245.25;-7.95;108.15
274106;250.91;2.77;108.28
274153;258.74;14.56;109.61
274205;267.75;28.53;111.94
274253;274.75;37.66;112.38
274305;285.49;51.95;111.61
274353;288.83;60.34;109.24
274405;281.91;60.09;102.57
274453;279.23;52.82;110.50
274505;276.01;44.52;109.70
274553;274.27;40.58;110.22
274608;273.09;40.35;110.52
274653;272.83;40.43;110.61
274705;272.88;40.36;110.35
274753;272.93;40.42;110.12
274805;273.02;40.50;109.82
274853;272.94;40.62;109.70
274905;272.69;40.77;109.57
274953;272.58;40.71;109.48
275005;272.23;40.54;109.20
275053;271.75;40.11;109.02
275108;270.26;38.41;107.96
275153;267.88;33.58;106.88
275205;262.58;21.88;105.65
275253;256.33;8.16;106.70
275305;249.47;-12.55;103.68
275353;248.75;-8.61;100.50
275405;249.99;-2.44;97.98
275453;252.81;5.68;96.72
275505;259.82;19.39;97.32
275553;265.49;29.94;99.79
275608;273.29;45.56;102.88
275653;279.38;55.54;102.95
275705;283.69;68.34;97.78
275753;278.00;71.74;92.79
275805;276.45;59.51;103.34
275853;275.00;52.39;103.18
275905;273.88;49.77;104.36
275953;272.93;49.64;105.30
276005;272.66;49.85;104.98
276053;272.66;49.89;104.81
276108;272.70;50.09;104.57
276153;272.62;50.23;104.39
276205;272.43;50.39;104.42
276253;272.27;50.54;104.42
276305;272.02;50.69;104.57
276353;271.75;50.71;104.42
276405;270.94;50.71;104.14
276453;269.81;49.91;103.38
276505;266.74;43.14;101.38
276553;263.05;32.90;99.21
276884;332.33;72.93;154.65
276932;13.98;73.48;-168.29
276984;49.27;63.48;-142.37
277032;65.16;54.48;-132.01
277084;73.47;51.06;-129.93
277132;71.35;55.91;-125.91
277182;46.60;65.99;-146.45
277234;25.52;68.77;-166.29
277282;23.91;69.70;-166.12
277336;24.43;70.05;-165.29
277382;24.80;69.91;-165.20
277434;24.77;69.91;-165.28
277482;25.15;69.83;-165.13
277534;25.48;69.72;-165.14
277582;25.78;69.94;-164.57
277634;25.81;70.04;-164.49
277682;25.99;70.41;-164.10
277734;25.40;71.25;-164.15
277782;22.36;72.04;-166.71
277836;3.75;73.82;174.56
277882;335.25;71.45;147.58
277934;303.93;59.97;122.10
277982;290.38;44.62;112.35
278034;285.73;36.07;104.56
278082;283.59;42.56;103.85
278134;283.02;51.95;100.93
278182;286.16;61.90;103.46
278234;305.32;75.71;119.98
278282;359.29;81.85;171.98
278336;64.82;70.89;-126.65
278382;74.86;58.67;-121.65
278434;80.07;49.29;-124.29
278482;80.35;52.41;-124.87
278534;56.20;59.08;-140.96
278582;43.44;62.72;-152.32
278634;42.55;63.83;-148.77
278682;42.54;63.99;-148.51
278734;41.97;63.57;-149.71
278782;42.13;63.28;-149.94
278837;42.84;63.37;-149.13
278882;43.60;63.56;-148.23
278934;44.45;63.88;-147.09
278982;45.01;64.10;-146.38
279034;45.39;64.36;-145.83
279082;45.75;64.63;-145.47
279134;45.36;65.23;-145.75
279182;43.10;66.41;-148.02
279234;27.33;69.90;-163.25
279282;359.49;71.37;170.06
279337;315.80;62.29;131.94
279382;297.86;46.42;117.04
279434;297.03;45.29;110.71
279482;295.02;51.51;110.42
279534;293.26;62.72;106.10
279582;298.34;73.09;109.81
279634;7.52;83.93;175.38
279682;70.57;76.63;-124.33
279734;83.55;60.47;-115.80
279782;89.26;47.07;-115.46
279837;94.44;39.07;-121.16
279882;95.17;46.14;-114.68
279932;78.63;57.93;-125.40
279984;70.73;64.59;-130.76
280032;71.35;66.96;-126.18
280084;72.08;67.47;-124.59
280132;72.17;67.61;-124.28
280184;72.63;67.80;-123.15
280232;72.97;67.85;-122.61
280284;73.63;67.98;-121.49
280335;74.06;68.08;-120.81
280382;74.28;68.24;-120.43
280434;74.79;68.62;-119.83
280482;75.41;69.15;-118.86
280534;74.79;71.24;-118.86
280582;67.60;75.66;-125.23
280634;343.00;82.23;152.39
280682;289.80;70.76;104.96
280734;275.79;54.82;95.51
280782;270.70;60.65;84.72
280835;263.01;66.27;74.48
280882;256.91;75.97;64.86
280934;142.64;87.47;-52.27
280982;97.64;75.67;-97.68
281034;95.15;56.84;-99.63
281082;94.17;44.12;-100.87
281134;103.92;34.19;-99.94
281182;107.05;36.50;-106.30
281232;101.55;44.69;-104.98
281284;95.17;53.93;-107.65
281335;88.57;59.68;-113.06
281382;83.71;59.41;-121.25
281434;82.12;59.15;-123.80
281482;82.31;58.89;-123.79
281534;83.02;58.71;-122.97
281582;83.96;58.65;-121.89
281634;85.53;58.54;-120.07
281682;86.02;58.32;-119.72
281732;86.53;58.12;-119.26
281784;87.01;58.05;-119.00
281835;87.66;58.55;-118.41
281882;88.05;60.11;-117.96
281934;86.26;64.51;-120.29
281982;77.06;71.16;-128.41
282034;14.09;80.69;172.64
282082;311.62;70.95;114.40
282134;303.13;60.06;98.96
282182;299.71;66.78;94.07
282234;290.61;75.77;83.79
282282;276.97;85.18;69.57
282336;110.90;79.22;-95.86
282382;106.08;66.72;-99.62
282434;104.32;52.65;-100.39
282482;105.72;44.55;-100.97
282534;109.19;32.02;-109.65
282582;110.99;33.70;-109.52
282634;109.59;47.46;-101.12
282682;109.76;52.70;-99.61
282734;110.41;54.22;-95.62
282782;110.84;54.14;-94.82
282837;110.94;53.81;-94.87
282882;110.94;53.58;-95.00
282934;111.01;53.29;-95.03
282982;111.06;53.11;-95.04
283034;111.27;52.91;-94.71
283082;111.46;52.80;-94.32
283134;111.58;52.79;-93.70
283182;111.77;52.89;-93.31
283234;112.55;53.43;-91.94
283282;113.01;55.15;-91.34
283337;114.11;63.17;-89.72
283382;116.95;73.51;-85.63
283434;234.22;83.76;34.97
283482;273.23;68.55;72.58
283534;262.44;74.60;57.77
283582;247.09;79.66;41.93
283634;166.32;82.83;-40.25
283682;128.36;74.51;-78.67
283734;117.41;59.39;-90.74
283782;114.79;47.06;-94.83
283837;109.61;30.87;-102.60
283882;113.15;20.53;-99.95
283934;115.24;24.40;-101.39
283982;112.63;34.69;-98.06
284034;112.21;41.95;-96.69
284082;112.58;42.90;-94.80
284134;112.99;43.06;-93.78
284182;112.96;42.91;-93.87
284234;112.93;42.70;-93.91
284282;112.85;42.49;-94.10
284337;112.85;42.26;-94.21
284382;113.01;42.11;-94.00
284434;113.29;42.03;-93.60
284482;113.50;42.10;-93.11
284534;114.08;42.41;-92.35
284582;114.60;42.91;-91.44
284634;115.69;45.37;-90.82
284682;116.15;50.46;-89.82
284734;118.06;63.99;-87.53
284782;129.68;78.85;-73.82
284837;284.16;78.08;77.29
284882;265.58;81.88;57.73
284934;197.83;84.90;-10.32
284982;142.29;79.57;-66.06
285034;122.02;64.69;-85.05
285082;117.40;53.03;-89.83
285134;114.58;36.12;-93.13
285182;110.27;22.70;-97.17
285234;107.76;10.09;-98.08
285282;106.99;17.49;-97.85
285337;105.82;31.20;-93.72
285382;106.60;33.34;-91.69
285432;106.17;34.28;-90.99
285484;106.07;34.15;-90.82
285532;105.88;33.93;-91.09
285584;105.74;33.68;-91.24
285632;105.70;33.46;-91.30
285684;105.67;33.17;-91.42
285732;105.90;33.06;-91.07
285784;106.58;33.19;-90.05
285835;106.89;33.38;-89.50
285882;107.44;33.66;-88.67
285934;107.82;34.58;-88.20
285982;108.76;36.56;-87.83
286034;109.20;44.55;-87.36
286082;110.15;54.78;-85.87
286134;119.23;77.35;-74.99
286182;285.22;86.52;83.44
286234;153.42;84.22;-51.30
286282;142.35;78.40;-63.29
286335;129.28;68.15;-77.32
286382;119.51;54.88;-86.24
286434;113.92;39.47;-89.99
286482;111.78;27.66;-91.14
286534;112.28;7.69;-91.69
286582;114.40;-2.30;-98.15
286634;116.14;-1.05;-98.11
286682;112.57;3.45;-92.03
286734;107.50;14.19;-86.35
286782;106.52;20.70;-86.64
286836;105.33;25.79;-87.18
286882;104.92;26.18;-87.17
286934;104.81;26.11;-87.06
286982;104.95;26.08;-86.66
287034;105.12;25.91;-86.30
287082;105.19;25.75;-86.11
287134;105.39;25.59;-85.69
287182;105.32;25.66;-85.63
287232;105.39;25.81;-85.39
287284;106.67;26.39;-84.54
287335;107.46;27.58;-84.23
287382;107.91;32.22;-84.55
287434;110.75;44.02;-81.17
287482;116.85;59.54;-72.80
287534;151.35;82.19;-42.69
287582;140.00;78.17;-56.96
287634;130.93;69.40;-67.89
287682;125.92;60.39;-74.76
287734;120.19;44.70;-80.81
287782;118.17;32.71;-83.31
287836;114.95;14.92;-88.33
287882;110.23;1.51;-93.30
287934;112.30;-11.69;-93.27
287982;112.36;-6.07;-99.49
288034;109.03;9.65;-93.71
288082;109.00;16.51;-92.56
288134;110.14;17.93;-87.63
288182;110.36;17.97;-86.73
288234;110.19;17.70;-86.74
288282;110.06;17.42;-86.78
288336;109.86;16.90;-86.91
288382;109.70;16.46;-87.10
288434;109.57;16.08;-87.08
288482;109.56;15.97;-86.66
288534;109.55;16.15;-86.29
288582;110.47;16.71;-85.20
288634;111.60;18.10;-84.22
288682;112.39;20.80;-84.20
288734;114.38;30.78;-82.39
288782;116.66;42.39;-80.44
288837;129.26;65.07;-67.16
288882;138.64;73.90;-63.97
288934;132.92;64.50;-66.76
288982;128.08;57.34;-72.37
289034;122.31;42.75;-76.83
289082;118.35;31.05;-79.74
289134;114.09;15.07;-82.66
289182;110.48;3.70;-84.92
289234;107.11;-11.07;-89.79
289282;106.34;-15.33;-93.59
289336;108.44;-8.71;-88.87
289382;106.65;2.77;-86.21
289434;106.81;10.78;-85.88
289482;107.45;11.18;-83.32
289534;107.50;11.20;-82.88
289582;107.40;11.17;-82.82
289634;107.28;11.04;-82.61
289682;107.07;10.91;-82.69
289734;106.86;10.64;-82.73
289782;106.80;10.48;-82.58
289836;106.74;10.44;-82.32
289882;106.94;10.63;-81.96
289934;107.76;11.14;-80.92
289982;108.34;12.37;-80.46
290034;109.91;17.72;-79.80
290082;111.99;26.33;-78.65
290134;118.86;44.62;-71.44
290182;128.80;61.50;-64.23
290234;126.73;64.00;-74.18
290282;127.14;55.62;-69.16
290337;123.42;43.95;-75.82
290382;119.84;32.16;-77.85
290434;115.37;17.93;-80.87
290482;112.33;6.71;-83.13
290534;105.85;-8.84;-86.68
290582;103.42;-19.18;-88.98
290634;103.68;-22.21;-92.34
290682;104.06;-12.78;-86.17
290734;103.38;-2.00;-84.17
290782;103.41;2.79;-83.25
290836;103.98;3.71;-81.77
290882;103.91;3.53;-81.53
290934;103.57;3.24;-81.58
290982;103.40;3.06;-81.47
291034;103.22;2.84;-81.32
291082;103.10;2.72;-81.20
291134;103.22;2.73;-80.61
291182;103.25;2.90;-80.34
291234;103.85;3.28;-79.53
291282;104.32;3.95;-79.15
291336;105.38;5.96;-78.62
291382;106.70;10.95;-77.86
291434;110.18;23.77;-76.03
291482;116.24;38.53;-69.41
291534;128.45;60.40;-62.95
291582;125.43;54.71;-67.00
291634;124.15;45.45;-66.03
291682;120.84;36.75;-68.60
291734;113.39;22.24;-71.78
291782;107.92;12.10;-73.63
291835;101.88;-1.09;-76.46
291882;96.67;-11.91;-81.00
291934;94.25;-26.14;-87.73
291982;95.60;-26.46;-88.51
292034;95.76;-12.49;-76.70
292082;97.19;-6.07;-76.13
292134;97.81;-2.30;-73.32
292182;98.09;-2.05;-72.21
292234;97.85;-2.17;-71.97
292282;97.62;-2.24;-71.88
292336;97.34;-2.53;-71.71
292382;97.09;-2.70;-71.62
292434;96.82;-2.80;-71.45
292482;96.68;-2.84;-71.22
292534;96.58;-2.64;-70.81
292582;96.91;-2.56;-70.21
292634;97.47;-1.88;-69.57
292682;98.20;-0.72;-69.17
292734;101.14;5.35;-68.44
292782;105.63;14.51;-66.90
292837;117.83;31.18;-57.77
292882;132.33;47.06;-49.38
292934;127.50;41.63;-55.40
292982;122.99;35.67;-58.42
293034;115.67;24.97;-63.80
293082;109.67;15.47;-66.26
293134;101.81;1.34;-68.60
293182;95.70;-9.38;-70.43
293234;86.09;-22.79;-72.76
293282;81.41;-30.77;-75.60
293336;85.79;-30.07;-77.74
293382;88.10;-21.06;-70.44
293434;90.40;-12.79;-69.83
293482;91.30;-9.83;-67.52
293534;91.62;-9.28;-66.28
293582;91.40;-9.31;-66.05
293634;91.04;-9.30;-65.81
293682;90.70;-9.39;-65.67
293734;90.29;-9.42;-65.54
293782;90.05;-9.49;-65.35
293837;89.84;-9.51;-64.93
293882;89.74;-9.35;-64.64
293934;90.43;-9.15;-63.84
293982;91.15;-8.62;-63.43
294034;92.83;-6.36;-63.44
294082;95.68;-1.56;-63.16
294134;102.17;10.80;-61.42
294182;111.38;23.76;-55.18
294234;125.42;41.92;-50.34
294282;120.42;36.38;-54.60
294336;113.90;27.49;-58.62
294382;108.94;18.45;-61.51
294434;102.11;5.28;-64.23
294482;96.59;-5.17;-65.98
294534;87.06;-19.40;-65.96
294582;78.94;-28.05;-64.73
294632;72.19;-36.86;-65.02
294684;81.70;-29.02;-65.57
294732;83.92;-20.19;-65.53
294784;86.47;-13.79;-65.45
294835;87.12;-12.56;-63.44
294882;86.91;-12.38;-63.11
294934;86.44;-12.37;-62.85
294982;86.22;-12.38;-62.57
295034;85.65;-12.42;-62.43
295082;85.27;-12.47;-62.32
295134;85.00;-12.60;-61.85
295182;85.13;-12.62;-61.33
295234;85.44;-12.38;-60.68
295282;85.95;-12.08;-60.25
295336;87.12;-11.08;-59.80
295382;89.04;-7.98;-60.45
295434;94.23;1.22;-59.83
295482;100.75;11.97;-57.63
295532;114.54;29.09;-49.57
295584;121.09;37.34;-51.30
295632;116.52;30.77;-51.34
295684;109.66;21.86;-55.21
295732;103.47;12.48;-56.60
295784;94.20;-0.47;-58.16
295835;86.84;-10.53;-58.42
295882;77.16;-21.17;-58.72
295934;65.95;-33.12;-60.86
295982;63.28;-36.20;-62.29
296034;71.58;-20.24;-56.24
296082;75.12;-15.13;-56.16
296134;76.52;-13.04;-53.50
296182;76.69;-13.01;-52.68
296234;76.24;-13.06;-52.28
296282;75.85;-12.99;-52.12
296336;75.44;-13.06;-51.75
296382;75.10;-13.05;-51.57
296434;74.91;-13.08;-51.05
296482;74.92;-13.08;-50.56
296534;75.10;-12.80;-49.95
296582;75.41;-12.53;-49.57
296634;76.27;-11.74;-49.04
296682;78.09;-9.87;-49.38
296734;83.77;-3.01;-49.04
296782;91.13;4.69;-47.65
297113;46.83;-36.41;-42.83
297161;32.40;-43.39;-36.87
297213;5.34;-46.49;-23.20
297261;351.53;-49.71;-11.17
297313;356.79;-51.74;-15.77
297361;10.87;-48.02;-24.93
297413;22.65;-42.83;-32.09
297461;24.12;-41.85;-30.96
297513;24.25;-41.39;-30.05
297564;23.84;-41.03;-29.72
297611;23.30;-40.63;-29.33
297661;22.61;-40.36;-28.89
297713;21.79;-40.05;-28.38
297761;21.37;-39.84;-27.97
297813;20.86;-39.39;-27.48
297861;20.83;-39.12;-27.12
297913;21.60;-39.01;-26.72
297961;22.74;-38.51;-27.11
298013;27.65;-36.44;-30.43
298064;35.78;-31.90;-34.53
298111;49.74;-22.96;-38.65
298163;68.94;-7.06;-40.33
298211;71.68;-3.06;-43.30
298263;65.13;-9.33;-40.33
298311;59.33;-14.74;-41.00
298363;47.35;-25.10;-38.62
298411;36.80;-31.97;-35.68
298463;16.68;-40.38;-28.00
298511;358.52;-41.97;-19.67
298565;340.66;-43.71;-8.54
298611;341.53;-45.10;-10.38
298663;359.97;-40.46;-20.03
298711;7.35;-37.65;-24.10
298763;10.54;-36.08;-23.58
298811;10.58;-35.86;-22.79
298863;10.00;-35.28;-22.35
298911;9.55;-34.87;-22.07
298963;8.94;-34.31;-21.73
299011;8.56;-33.83;-21.56
299066;8.19;-33.33;-21.14
299111;8.11;-32.84;-20.91
299163;8.18;-31.99;-20.96
299211;8.88;-31.75;-20.69
299263;10.25;-30.50;-21.23
299311;13.61;-28.54;-23.68
299363;23.08;-24.02;-27.30
299411;34.36;-16.73;-30.61
299463;54.40;-1.90;-32.33
299511;59.63;3.30;-33.66
299566;54.93;-2.88;-29.81
299611;49.78;-9.30;-29.95
299663;37.88;-18.75;-26.30
299711;25.99;-23.72;-22.51
299763;7.05;-27.27;-16.55
299811;352.67;-26.98;-13.89
299863;335.10;-27.55;-12.83
299911;328.42;-29.85;-12.80
299963;334.82;-31.34;-10.25
300011;345.81;-24.47;-12.29
300065;354.47;-21.93;-14.49
300111;356.73;-21.69;-12.71
300163;356.92;-21.68;-11.12
300211;356.73;-21.25;-10.81
300263;356.38;-20.50;-10.57
300311;356.13;-20.03;-10.34
300363;355.76;-19.38;-10.00
300411;355.59;-18.97;-9.42
300463;355.55;-18.42;-8.74
300511;355.67;-18.12;-8.37
300565;356.14;-17.86;-7.88
300611;357.27;-17.59;-7.78
300663;4.56;-16.62;-8.95
300711;15.94;-14.98;-11.93
300763;38.99;-13.04;-11.61
300811;56.50;-9.96;-13.15
300863;48.72;-10.68;-11.54
300911;42.65;-10.01;-11.52
300963;27.07;-10.63;-10.45
301011;15.52;-10.85;-9.60
301065;358.86;-11.30;-10.34
301111;345.02;-11.05;-12.36
301163;330.42;-7.95;-18.84
301211;321.17;-9.76;-18.91
301263;328.38;-11.11;-8.95
301311;338.93;-7.05;-8.05
301363;344.73;-5.97;-8.24
301411;345.28;-6.15;-7.09
301463;345.26;-5.62;-6.48
301511;345.13;-5.11;-6.26
301565;344.81;-4.42;-5.99
301611;344.56;-4.11;-5.54
301663;344.29;-3.75;-4.95
301711;344.19;-3.48;-4.44
301763;344.30;-3.01;-3.77
301811;344.62;-2.82;-3.26
301863;345.48;-2.52;-2.87
301911;347.07;-2.34;-2.66
301963;354.66;-2.25;-2.50
302011;4.48;-2.12;-2.47
302065;25.83;-4.06;1.44
302111;44.50;-4.29;0.36
302163;39.12;-3.73;-1.43
302211;33.06;-2.80;-2.27
302263;19.53;-1.41;-4.02
302311;7.59;-0.27;-5.50
302363;351.10;0.35;-8.06
302411;337.61;0.52;-10.25
302463;320.73;3.65;-15.60
302511;312.04;-0.94;-13.68
302565;314.75;-2.61;-20.86
302611;323.84;-0.72;-14.51
302663;333.85;2.63;-12.95
302711;335.90;3.00;-10.21
302763;336.41;2.96;-8.36
302811;336.47;2.88;-7.83
302863;336.30;3.06;-7.48
302911;336.17;3.04;-7.27
302963;335.96;2.94;-6.87
303011;335.95;2.96;-6.50
303066;336.09;3.05;-5.99
303111;336.34;3.05;-5.59
303163;337.18;3.07;-5.14
303211;338.72;2.63;-4.90
303261;344.18;3.04;-5.07
303313;356.34;4.30;-3.68
303361;11.88;6.42;-0.50
303413;35.14;6.63;7.20
303461;33.43;3.93;8.59
303513;26.56;0.00;6.50
303564;16.78;-1.69;6.54
303611;3.24;0.86;6.96
303663;346.40;6.71;4.57
303711;334.90;11.10;-0.29
303763;312.14;18.86;-13.30
303811;295.86;17.16;-19.24
303863;294.36;13.25;-20.79
303911;302.48;16.92;-14.92
303963;317.25;18.55;-4.77
304011;323.66;20.76;-4.19
304066;324.35;20.78;-4.20
304111;324.17;20.48;-4.24
304163;323.99;20.16;-4.32
304211;323.79;19.81;-4.46
304261;323.43;19.41;-4.73
304313;323.06;18.92;-4.97
304361;323.02;18.61;-5.04
304413;323.26;18.06;-4.88
304461;324.16;17.27;-4.46
304513;326.63;16.45;-3.63
304564;329.84;16.57;-3.73
304611;337.95;17.45;-1.87
304663;359.35;18.95;6.10
304711;20.35;18.63;14.69
304763;27.20;17.84;18.42
304811;21.90;13.91;20.02
304863;9.25;10.53;16.69
304911;357.46;11.52;14.67
304963;338.43;16.58;8.84
305011;324.56;20.48;1.91
305066;304.27;28.17;-11.35
305111;289.56;32.07;-16.32
305163;283.91;32.98;-15.65
305211;292.02;35.67;-14.69
305263;312.06;38.48;-3.61
305311;316.50;38.47;1.46
305363;317.53;37.51;3.91
305411;317.40;37.42;3.52
305463;317.13;37.08;3.20
305511;316.85;36.58;3.18
305566;316.45;36.11;2.74
305611;316.33;35.74;2.57
305663;316.34;35.47;2.25
305711;316.48;35.13;2.26
305763;317.21;34.40;2.71
305811;318.38;33.79;3.51
305863;323.88;32.21;5.84
305911;333.38;29.46;11.58
305963;357.15;20.45;24.75
306011;15.95;10.96;33.72
306065;12.68;12.06;38.23
306111;4.87;13.31;37.88
306161;350.11;16.84;36.81
306213;330.33;25.35;32.22
306261;315.90;32.95;23.01
306313;292.03;43.49;-2.01
306361;267.29;49.40;-27.61
306413;243.70;49.28;-46.11
306461;243.91;52.22;-48.34
306513;262.57;64.65;-26.58
306564;279.37;67.46;-11.66
306611;285.60;66.77;-3.77
306663;285.90;65.82;-2.69
306711;285.83;65.34;-2.29
306763;285.35;64.89;-2.44
306811;285.10;64.44;-2.33
306863;285.28;63.80;-1.73
306911;285.48;63.38;-1.44
306963;286.63;62.74;-0.10
307011;287.92;62.22;1.16
307066;290.47;61.39;3.87
307111;296.80;60.34;9.25
307163;311.78;57.06;23.01
307211;326.08;50.47;35.91
307263;345.55;31.64;54.06
307311;355.74;18.86;59.13
307363;352.63;25.06;59.56
307411;349.39;29.97;57.17
307463;339.48;40.36;49.40
307511;327.38;48.64;39.39
307565;302.41;56.63;16.16
307611;278.77;58.51;-7.18
307663;248.09;56.72;-38.93
307711;235.23;49.98;-50.51
307763;237.06;47.89;-52.50
307811;245.06;48.20;-45.25
307863;264.45;62.23;-29.69
307911;276.71;64.89;-18.66
307963;279.47;63.19;-12.33
308011;279.84;62.39;-11.08
308064;279.58;61.91;-10.95
308111;279.20;61.51;-10.63
308163;279.11;61.13;-10.23
308211;279.06;61.03;-10.38
308263;279.18;60.80;-10.29
308311;279.51;60.58;-9.92
308363;280.48;60.31;-8.97
308411;281.25;59.95;-8.19
308463;284.22;59.48;-5.56
308511;291.22;59.12;0.42
308566;311.52;55.32;17.07
308611;330.15;48.48;32.57
308663;353.43;33.26;45.29
308711;354.94;30.40;41.34
308763;347.38;33.29;40.97
308811;341.06;39.51;34.68
308863;324.72;50.08;23.58
308911;307.58;55.68;8.94
308963;276.22;55.05;-19.81
309011;258.55;51.13;-37.78
309066;243.34;40.98;-50.83
309111;239.96;35.08;-55.74
309163;247.49;38.55;-48.64
309211;257.27;47.24;-41.29
309263;270.79;53.28;-28.98
309311;273.35;53.46;-23.64
309363;274.27;52.99;-22.14
309411;274.45;52.63;-21.77
309463;274.67;52.19;-21.31
309511;274.74;51.86;-21.13
309565;274.95;51.40;-20.73
309611;275.24;51.03;-20.22
309663;275.67;50.69;-19.56
309711;276.10;50.36;-18.97
309763;277.21;49.94;-17.85
309811;280.43;49.79;-15.77
309863;295.05;49.91;-4.50
309911;313.29;47.87;9.96
309963;344.18;38.23;31.68
310011;353.17;33.65;31.47
310066;344.07;35.00;26.03
310111;335.60;37.25;17.13
310163;318.52;40.29;4.57
310211;303.60;41.40;-6.82
310263;279.97;38.33;-24.55
310311;263.61;34.63;-36.61
310363;245.92;25.98;-47.94
310411;238.86;23.33;-54.34
310463;243.13;26.98;-47.21
310511;248.85;34.08;-44.72
310566;259.00;43.42;-38.15
310611;265.92;46.58;-28.96
310663;267.59;46.28;-27.01
310711;268.27;45.97;-25.89
310763;268.72;45.27;-24.81
310811;268.91;44.78;-24.29
310861;269.14;44.41;-23.83
310913;269.40;44.18;-23.37
310961;269.72;44.10;-22.94
311013;270.67;43.73;-21.81
311064;272.28;43.59;-20.55
311111;278.80;44.41;-17.00
311163;297.03;46.03;-4.06
311211;319.42;44.26;12.86
311263;344.82;39.50;26.07
311311;342.33;40.78;30.05
311363;333.69;39.72;24.02
311411;321.46;37.92;15.62
311463;302.54;38.17;4.68
311511;286.33;40.37;-5.56
311565;261.36;40.49;-22.51
311611;245.46;38.92;-37.49
311663;230.93;31.58;-54.64
311711;225.24;24.82;-63.09
311761;228.18;24.18;-60.16
311813;233.69;35.90;-46.16
311861;241.51;42.12;-41.80
311913;245.96;43.70;-34.77
311961;247.49;43.43;-32.16
312013;248.89;43.50;-30.50
312064;249.54;43.55;-29.93
312111;250.15;43.42;-29.24
312163;250.26;42.98;-28.97
312211;250.06;42.53;-29.03
312263;250.21;42.16;-28.84
312311;250.77;41.78;-28.08
312363;251.89;41.24;-26.82
312411;253.31;40.72;-25.61
312463;257.73;41.07;-22.03
312511;265.89;42.17;-16.16
312565;285.39;43.84;-2.06
312611;312.42;41.36;17.58
312663;330.41;37.14;21.15
312711;322.26;36.42;17.48
312763;311.04;37.65;7.05
312811;298.57;38.81;-1.58
312863;278.12;37.80;-17.03
312911;264.25;33.39;-27.43
312963;246.94;24.98;-41.37
313011;235.90;18.90;-49.12
313065;226.13;10.13;-53.02
313111;226.89;11.06;-54.23
313163;232.82;18.16;-47.06
313211;239.58;26.10;-40.63
313263;246.73;30.82;-33.65
313311;248.75;30.90;-31.35
313363;249.73;30.60;-29.75
313411;249.94;30.41;-29.22
313463;249.87;29.98;-28.91
313511;249.73;29.59;-28.72
313565;249.48;29.17;-28.57
313611;249.28;28.84;-28.44
313663;248.99;28.54;-28.35
313711;248.73;28.31;-28.33
313763;247.86;27.83;-28.54
313811;247.20;27.39;-28.95
313863;246.50;26.70;-29.26
313911;245.97;26.12;-29.64
313963;245.36;25.64;-30.17
314011;245.04;25.28;-30.24
314066;244.74;24.88;-30.26
314111;244.54;24.60;-30.19
314163;244.21;24.33;-30.33
314211;244.01;24.16;-30.39
314263;243.80;23.87;-30.24
314311;243.64;23.64;-30.12
314363;243.35;23.32;-30.04
314411;243.11;23.10;-30.02
314463;242.76;22.78;-29.97
314511;242.44;22.55;-30.00
314565;241.92;22.23;-30.18
314611;241.53;21.99;-30.29
314663;241.25;21.63;-30.16
314711;240.98;21.39;-30.17
314763;240.73;20.96;-29.95
314811;240.72;20.61;-29.54
314863;240.76;20.10;-28.94
314911;241.02;19.68;-28.27
314963;242.67;18.99;-27.06
315011;247.28;19.21;-26.03
315065;249.13;21.58;-22.70
315111;246.02;27.04;-22.54
315163;238.95;27.11;-24.63
315211;235.84;21.84;-26.51
315263;234.32;15.15;-34.33
315311;232.96;10.53;-37.77
315363;227.84;7.52;-42.70
315411;226.41;6.74;-39.93
315461;231.17;11.87;-34.00
315513;236.23;14.91;-32.10
315564;237.36;15.84;-30.40
315611;237.50;15.86;-29.50
315663;237.55;15.62;-28.91
315711;237.49;15.37;-28.58
315763;237.33;15.08;-28.20
315811;237.18;14.89;-27.99
315863;237.18;14.46;-27.35
315911;237.15;14.20;-26.96
315963;237.32;13.80;-26.13
316011;237.51;13.41;-25.25
316065;237.69;13.20;-24.49
316111;238.04;12.99;-23.85
316163;238.83;12.99;-23.15
316211;240.05;12.88;-22.57
316263;245.75;13.96;-20.45
316311;254.34;15.58;-17.63
316361;270.10;17.98;-10.71
316413;292.34;21.47;-2.48
316461;289.90;21.81;-2.33
316513;283.73;22.06;-5.10
316564;276.32;20.31;-8.88
316611;264.11;16.76;-14.13
316663;249.82;12.20;-20.17
316711;238.50;8.61;-25.56
316763;221.83;5.64;-32.40
316811;210.29;1.33;-33.72
316863;208.22;0.11;-35.46
316911;215.29;2.54;-33.19
316963;223.38;9.97;-29.49
317011;227.57;13.11;-29.02
317342;228.37;11.61;-21.82
317390;228.51;11.36;-21.14
317442;229.00;10.94;-20.02
317490;229.65;10.69;-19.19
317542;230.62;10.26;-17.92
317590;231.81;10.10;-17.39
317642;236.54;10.58;-15.87
317690;244.80;11.74;-13.34
317742;263.68;14.32;-6.27
317793;284.02;16.53;0.89
317840;285.15;17.88;-1.68
317892;277.60;16.90;-4.14
317940;269.04;14.80;-8.88
317992;253.30;10.97;-14.91
318040;241.66;8.29;-19.16
318092;223.06;3.25;-25.01
318140;210.83;3.42;-30.68
318192;196.68;-3.16;-29.60
318240;196.88;-4.98;-29.57
318295;206.56;-1.61;-29.93
318340;213.21;3.69;-27.41
318392;218.22;7.07;-25.04
318440;218.96;7.29;-23.77
318490;218.96;7.46;-23.26
318542;218.98;7.66;-22.82
318590;218.88;7.51;-22.30
318642;218.72;7.43;-21.81
318690;218.72;7.43;-21.36
318742;218.87;7.46;-20.51
318793;219.03;7.31;-19.81
318840;219.44;6.78;-18.90
318892;220.32;6.38;-17.95
318940;222.36;5.93;-17.45
318992;231.06;6.99;-15.84
319040;241.79;9.13;-12.82
319092;266.51;12.22;-5.29
319140;279.88;14.23;-5.63
319192;271.02;11.61;-7.45
319240;264.18;10.23;-9.71
319294;249.92;7.94;-10.80
319340;237.35;7.37;-11.94
319392;220.49;6.36;-14.52
319440;207.10;5.62;-17.93
319492;189.41;2.31;-24.96
319540;181.36;0.05;-31.15
319592;189.25;-1.24;-26.22
319640;200.18;3.81;-21.79
319692;207.75;6.87;-19.24
319740;210.21;7.23;-15.99
319794;210.04;7.36;-15.79
319840;209.97;7.50;-15.65
319892;209.76;7.45;-15.34
319940;209.56;7.27;-15.13
319992;209.32;7.05;-14.75
320040;209.16;6.94;-14.44
320092;209.10;6.96;-13.89
320140;209.23;6.63;-13.12
320192;209.98;5.99;-11.92
320240;211.01;5.61;-11.03
320294;216.53;5.41;-11.63
320340;224.41;6.92;-9.76
320390;238.48;9.18;-6.47
320442;263.42;11.64;-0.39
320490;268.93;12.53;-2.44
320542;260.74;10.68;-1.91
320590;253.27;9.46;-4.66
320642;237.46;6.93;-8.04
320690;225.65;5.66;-10.91
320742;208.23;3.54;-15.95
320793;194.41;3.23;-19.25
320840;178.93;0.22;-22.24
320892;176.85;0.77;-27.95
320940;189.18;6.31;-20.91
320992;198.88;9.80;-17.03
321040;200.77;9.85;-14.10
321092;200.94;9.46;-12.79
321140;200.71;9.14;-12.47
321192;200.45;8.68;-11.74
321240;200.22;8.32;-11.31
321294;200.03;7.78;-10.46
321340;199.91;7.53;-9.96
321392;199.81;7.45;-9.62
321440;199.89;7.36;-9.37
321492;200.37;6.63;-8.48
321540;201.10;6.15;-7.73
321592;203.23;5.37;-7.05
321640;208.29;5.16;-5.90
321692;223.57;5.39;-3.92
321740;239.97;3.83;1.31
321794;259.49;2.00;2.13
321840;253.09;1.22;-0.20
321892;244.94;1.41;-3.55
321940;234.98;1.72;-4.80
321992;219.43;4.02;-7.20
322040;207.20;4.87;-9.42
322092;188.78;5.36;-13.63
322140;173.27;5.93;-16.15
322192;165.77;5.18;-21.83
322240;170.73;5.51;-19.21
322294;182.18;10.21;-8.88
322340;189.36;13.29;-7.14
322392;194.75;15.91;-5.44
322440;196.16;16.60;-5.74
322492;197.02;16.64;-5.28
322540;197.32;16.52;-4.92
322592;197.44;16.20;-4.55
322640;197.38;15.79;-4.20
322692;197.41;15.23;-3.48
322740;197.35;15.00;-3.26
322794;197.26;14.29;-2.82
322840;197.65;13.43;-1.96
322892;198.64;12.55;-1.70
322940;200.98;11.75;-1.98
322992;209.31;11.90;-0.71
323040;222.17;13.35;1.68
323092;249.52;13.71;5.70
323140;256.77;14.49;-0.22
323192;246.42;10.43;0.15
323240;237.52;8.28;-3.79
323293;223.80;6.53;-5.64
323340;208.17;5.40;-8.31
323392;192.27;3.93;-11.57
323440;178.55;3.19;-15.92
323492;161.14;-2.43;-20.71
323540;160.93;-2.74;-24.14
323592;176.22;1.75;-17.67
323640;184.30;4.68;-15.72
323692;186.65;4.20;-10.20
323740;186.75;4.29;-9.73
323794;186.54;4.55;-9.48
323840;186.35;4.56;-9.10
323892;186.04;4.51;-8.71
323940;185.78;4.52;-8.41
323992;185.37;4.63;-8.12
324040;185.25;4.67;-7.76
324092;185.87;4.03;-6.68
324140;186.63;3.66;-5.95
324192;188.85;2.85;-5.69
324240;194.31;2.64;-4.67
324295;208.16;3.44;-3.72
324340;226.32;3.77;-0.12
324392;246.12;5.50;-1.58
324440;239.53;3.85;-2.44
324492;230.96;2.06;-6.18
324540;220.93;0.56;-7.47
324592;204.34;-0.62;-9.68
324640;191.52;-1.41;-11.23
324692;172.63;-0.89;-13.76
324740;158.71;-0.77;-16.15
324794;149.13;-0.76;-19.97
324840;156.44;0.42;-17.11
324892;170.71;5.99;-14.23
324940;174.59;7.76;-12.19
324992;175.19;7.53;-10.39
325040;174.99;7.30;-10.14
325092;174.63;6.93;-9.77
325140;174.35;6.54;-9.41
325192;174.10;5.98;-8.89
325240;173.99;5.60;-8.40
325294;174.07;4.99;-7.67
325342;174.41;4.34;-6.84
325390;174.87;3.86;-6.15
325442;175.65;3.11;-5.40
325490;177.37;2.33;-5.35
325542;184.42;2.02;-5.08
325590;193.11;2.14;-4.92
325642;213.19;-0.02;-0.28
325690;231.52;-0.48;0.16
325742;229.54;-0.02;-2.36
325793;224.81;-0.28;-1.03
325840;216.55;0.39;-3.23
325892;202.11;1.13;-3.58
325940;191.44;1.87;-4.91
325992;175.09;2.63;-9.29
326040;162.31;4.21;-11.46
326092;145.75;2.51;-12.91
326140;142.71;-0.02;-18.25
326190;154.63;-1.87;-13.67
326242;167.38;1.89;-11.36
326293;170.45;3.16;-8.62
326340;171.00;3.52;-8.10
326392;170.79;3.72;-7.63
326440;170.55;3.90;-7.50
326492;170.21;4.00;-7.09
326540;169.86;4.01;-6.96
326592;169.43;3.95;-6.72
326640;169.18;3.93;-6.44
326692;169.13;3.86;-6.08
326740;169.50;3.47;-5.14
326794;170.67;2.64;-4.00
326840;171.82;2.41;-3.22
326892;175.80;1.67;-3.59
326940;182.37;1.95;-2.85
326992;196.69;2.19;-2.17
327040;213.11;2.23;0.84
327092;230.02;4.34;-3.11
327140;223.86;1.97;-1.73
327190;215.89;-0.58;-2.95
327242;202.07;-1.36;-3.24
327293;190.98;-0.05;-3.78
327340;177.11;2.28;-4.89
327392;160.10;4.65;-7.89
327440;147.32;5.24;-12.15
327492;136.35;1.82;-19.76
327540;139.54;-0.89;-20.31
327592;152.14;1.49;-12.85
327640;159.35;3.99;-11.12
327692;163.33;5.66;-8.94
327740;163.67;6.01;-8.43
327794;163.51;6.10;-8.02
327840;163.42;6.24;-7.69
327892;163.00;6.34;-7.64
327940;162.67;6.35;-7.59
327992;162.34;6.37;-7.34
328040;162.07;6.60;-7.38
328092;162.28;6.05;-6.32
328140;162.96;5.36;-5.37
328192;164.82;4.38;-4.18
328240;167.15;3.77;-4.50
328294;175.31;4.02;-3.63
328340;186.35;5.26;-2.67
328392;211.16;6.73;2.34
328440;223.15;7.69;0.91
328492;214.70;3.81;-1.82
328540;207.89;0.46;-2.71
328592;193.29;-1.58;-2.49
328640;181.75;-1.28;-2.44
328692;164.34;-0.45;-3.56
328740;150.48;0.78;-6.03
328794;132.00;2.99;-12.22
328840;126.24;3.39;-14.81
328892;138.19;6.97;-12.46
328940;147.54;8.93;-8.94
328992;153.47;10.54;-6.22
329040;153.84;10.14;-5.07
329090;153.71;9.73;-4.83
329142;153.76;9.29;-4.39
329190;153.64;8.94;-4.24
329242;153.52;8.44;-4.02
329293;153.56;8.02;-3.69
329340;153.66;7.65;-3.39
329392;154.13;6.92;-2.61
329440;154.63;6.35;-1.91
329492;155.81;5.69;-1.58
329540;158.19;5.35;-1.95
329592;167.24;4.59;-0.98
329640;178.41;4.36;0.23
329692;203.44;3.47;4.30
329740;215.33;3.89;1.73
329794;205.64;1.93;2.50
329840;197.77;1.11;-0.10
329892;182.95;1.34;-0.44
329940;171.23;2.91;-2.05
329992;153.46;4.93;-4.73
330040;142.06;7.02;-8.24
330090;130.06;8.86;-17.09
330142;118.90;5.88;-21.77
330190;123.53;3.69;-15.98
330242;134.77;7.66;-10.73
330293;142.70;9.86;-9.42
330340;148.17;11.31;-5.61
330392;149.45;11.10;-3.98
330440;149.64;10.88;-3.55
330492;149.59;10.61;-3.16
330540;149.48;10.24;-2.89
330592;149.30;9.88;-2.61
330640;149.16;9.75;-2.34
330692;149.03;9.53;-1.74
330740;149.13;8.88;-1.15
330794;150.18;7.55;-0.51
330840;151.52;6.95;0.11
330892;156.04;5.52;0.63
330940;164.91;4.70;1.66
330992;186.75;3.50;4.85
331040;207.17;3.16;5.88
331090;201.43;2.25;1.61
331142;191.06;0.89;-1.26
331190;181.06;0.94;-2.35
331242;164.00;2.52;-3.08
331293;151.34;3.63;-4.90
331340;135.37;5.00;-8.69
331392;117.42;4.99;-16.37
331440;108.05;3.37;-22.45
331492;120.94;2.98;-17.18
331540;131.66;7.69;-14.35
331592;137.19;9.74;-10.63
331640;137.86;9.49;-10.17
331692;137.72;9.18;-9.49
331740;137.62;9.12;-9.08
331794;137.27;8.81;-8.65
331840;137.07;8.55;-8.36
331892;136.86;8.60;-8.13
331940;136.71;8.72;-8.05
331992;137.10;8.33;-7.11
332040;137.96;7.71;-6.51
332092;139.69;6.65;-5.09
332140;143.17;5.91;-5.62
332192;154.36;5.71;-3.80
332240;168.35;6.36;-2.26
332294;195.97;8.19;0.38
332340;196.80;7.52;-3.26
332392;186.82;3.54;-3.04
332440;176.75;1.00;-4.83
332492;159.53;-0.98;-6.16
332540;146.34;-1.76;-7.97
332592;126.72;-1.97;-11.29
332640;111.32;-0.06;-14.92
332692;97.30;-0.23;-17.78
332740;104.71;-1.32;-17.61
332794;120.14;4.71;-14.57
332840;125.91;6.78;-14.64
332892;126.41;5.93;-11.61
332940;126.20;5.72;-11.15
332992;125.79;5.71;-11.12
333042;125.42;5.62;-11.08
333090;125.27;5.40;-10.68
333142;125.08;5.15;-10.31
333190;125.24;4.75;-9.49
333242;125.85;4.15;-8.41
333293;126.47;3.56;-7.79
333340;127.44;2.63;-6.65
333392;130.96;1.75;-6.83
333440;137.26;1.77;-6.12
333492;151.28;3.03;-4.60
333540;168.27;3.39;-0.37
333592;189.10;5.97;1.25
333640;182.58;6.12;1.14
333692;174.32;5.39;-0.70
333740;164.57;3.82;-2.61
333794;149.46;3.27;-5.60
333840;137.73;2.64;-8.22
333892;121.66;1.32;-12.32
333940;107.92;2.52;-16.01
333990;94.11;0.89;-15.25
334042;92.83;3.28;-20.85
334090;98.75;4.65;-18.85
334142;115.83;9.90;-14.65
334190;121.52;12.40;-13.77
334242;122.63;12.23;-9.01
334293;122.80;11.89;-8.53
334340;122.82;11.60;-8.19
334392;122.55;11.13;-7.77
334440;122.21;10.73;-7.67
334492;121.88;10.22;-7.69
334540;121.89;9.58;-7.31
334592;122.42;8.83;-6.35
334640;123.08;8.10;-5.87
334692;124.64;7.49;-5.02
334740;127.09;6.87;-5.32
334794;135.31;7.42;-4.34
334840;146.72;8.39;-2.87
334892;170.99;10.08;2.70
334940;184.25;11.13;2.08
334992;177.48;7.84;2.28
335040;170.47;5.28;-0.92
335092;154.50;1.48;-3.37
335140;142.14;0.82;-5.62
335192;122.62;1.12;-8.61
335240;108.02;2.58;-10.87
335294;89.25;2.36;-16.47
335340;84.33;2.73;-23.01
335392;99.08;7.33;-16.70
335440;108.28;10.33;-12.81
335492;112.61;11.38;-10.06
335540;112.76;10.94;-9.19
335592;112.57;10.61;-8.87
335640;112.37;10.46;-8.85
335692;111.97;9.88;-8.63
335740;111.76;9.37;-8.37
335794;111.75;8.60;-7.82
335840;112.04;8.01;-7.25
335892;112.73;7.17;-6.51
335940;113.42;6.40;-5.70
335992;115.16;5.31;-5.20
336040;119.60;5.11;-4.78
336092;133.28;5.49;-3.09
336140;148.67;5.09;1.13
336192;173.33;4.05;3.65
336240;170.45;4.03;0.79
336294;161.77;3.38;-0.38
336340;151.60;3.25;-3.16
336392;136.05;3.48;-4.91
336440;123.96;3.21;-7.07
336492;105.52;2.62;-11.76
336540;91.77;4.61;-16.23
336592;77.44;0.32;-12.18
336640;81.37;-0.47;-18.62
336692;94.76;3.52;-13.12
336740;102.23;5.60;-10.83
336794;108.56;7.23;-8.15
336840;108.45;7.12;-7.41
336892;108.35;7.03;-6.93
336942;108.28;6.99;-6.53
336990;108.23;6.84;-5.99
337042;108.15;6.63;-5.22
337090;108.08;6.41;-4.58
337142;108.17;6.56;-4.07
337190;108.27;6.61;-3.68
337242;108.94;6.38;-3.09
337571;72.82;-9.79;6.86
337619;63.61;-10.20;5.88
337671;47.21;-8.36;6.40
337719;35.09;-6.12;6.16
337771;18.07;-1.73;4.19
337819;5.17;4.06;0.15
337871;348.49;4.28;0.29
337919;351.37;2.78;-4.84
337971;7.78;1.87;1.31
338022;14.00;2.00;2.40
338069;15.25;1.59;5.31
338121;15.32;1.60;5.40
338169;15.27;1.83;4.73
338219;15.11;2.17;3.91
338271;14.91;2.43;2.94
338319;14.84;2.50;2.34
338371;14.91;2.43;1.78
338419;15.08;2.45;1.58
338471;15.43;2.73;1.24
338522;16.02;2.30;1.16
338569;18.15;1.97;0.54
338621;25.71;1.30;0.39
338669;36.12;0.56;-0.01
338721;59.64;-1.51;4.42
338769;75.95;-1.78;2.49
338821;67.42;-3.37;1.42
338869;61.11;-3.92;0.09
338921;46.75;-3.23;0.04
338969;35.07;-1.31;-0.43
339023;17.95;0.69;-2.40
339069;3.32;2.02;-5.13
339121;345.56;4.53;-13.03
339169;337.23;3.59;-17.14
339221;344.20;-0.10;-13.43
339269;355.68;5.87;-14.06
339321;5.81;9.85;-13.63
339369;7.36;9.08;-9.45
339421;7.71;8.76;-8.24
339469;7.78;8.66;-7.86
339523;7.79;8.28;-7.09
339569;7.69;8.10;-6.88
339621;7.59;7.73;-6.46
339669;7.77;7.25;-5.83
339721;8.28;6.73;-4.88
339769;8.79;6.25;-4.07
339821;9.72;5.18;-2.93
339869;11.41;4.27;-2.74
339921;19.48;3.88;-2.28
339969;30.45;4.18;-1.60
340023;55.65;4.49;3.24
340069;69.52;5.74;2.39
340121;59.75;3.53;3.01
340169;51.26;1.39;-0.57
340221;35.71;-1.75;-3.31
340269;23.27;-2.60;-5.80
340321;6.00;-3.23;-9.03
340369;352.33;-1.53;-13.26
340421;335.74;-1.65;-13.80
340469;331.90;-0.44;-15.77
340523;341.49;0.73;-15.78
340569;352.43;4.68;-13.04
340621;359.60;5.56;-8.36
340669;0.56;5.51;-7.73
340721;0.97;5.70;-6.88
340769;1.11;5.75;-6.36
340821;1.04;5.83;-5.90
340869;0.90;5.78;-5.60
340921;0.77;5.62;-5.04
340969;0.69;5.53;-4.58
341023;0.57;5.42;-3.75
341069;0.61;5.31;-3.63
341121;1.37;4.32;-2.74
341169;3.76;3.60;-3.45
341221;14.85;3.74;-2.80
341269;29.57;5.68;-2.40
341319;50.07;9.70;-5.58
341371;51.08;6.17;-5.40
341419;46.72;1.68;-4.97
341471;36.95;-1.38;-5.90
341522;26.16;0.28;-3.50
341569;11.74;5.72;-1.33
341621;354.56;14.50;-2.13
341669;342.02;16.80;-0.11
341721;323.66;10.85;-15.53
341769;321.74;3.27;-25.95
341821;339.53;3.80;-13.67
341869;347.88;7.03;-10.94
341921;353.85;7.81;-7.03
341969;354.09;7.69;-5.89
342023;354.18;7.37;-5.31
342069;354.50;7.07;-4.18
342121;354.43;6.87;-3.28
342169;354.30;6.49;-2.80
342221;354.28;6.11;-1.86
342269;354.59;5.85;-1.46
342321;355.43;5.08;-0.50
342369;356.19;4.76;-0.03
342421;359.12;3.65;0.07
342469;6.20;2.80;0.75
342523;22.77;-0.83;4.12
342569;42.19;-4.33;7.83
342621;47.73;-3.83;6.38
342669;43.48;-2.94;8.94
342721;33.66;0.53;6.84
342769;22.88;3.43;5.40
342821;7.17;7.19;1.02
342869;355.11;8.18;-3.15
342921;337.92;8.41;-10.37
342969;323.88;7.84;-17.21
343023;313.25;3.10;-23.31
343069;316.77;2.19;-23.17
343121;325.83;5.95;-16.52
343169;333.38;9.07;-13.38
343221;338.89;11.20;-10.84
343269;339.48;11.02;-9.75
343321;339.46;10.61;-9.17
343369;339.46;10.52;-8.94
343421;339.23;10.29;-8.89
343469;339.19;10.05;-8.73
343523;339.25;9.54;-8.25
343569;339.39;9.14;-7.76
343621;339.85;8.83;-7.10
343669;340.43;8.21;-6.43
343721;341.73;7.58;-5.65
343769;345.30;7.40;-6.03
343821;356.06;7.35;-3.96
343869;10.14;8.30;-1.11
343921;38.05;9.49;4.75
343969;42.58;9.59;0.75
344023;34.16;6.39;-1.04
344069;25.93;4.72;-3.83
344121;10.45;3.87;-6.74
344169;357.68;3.49;-9.51
344221;338.18;1.93;-13.62
344269;323.61;1.86;-18.67
344321;307.22;-1.25;-16.40
344369;302.33;-1.39;-18.28
344421;312.88;4.00;-17.84
344469;319.30;6.24;-15.93
344524;324.95;8.63;-14.46
344569;327.14;9.37;-12.57
344621;327.76;8.77;-10.85
344669;328.09;8.47;-9.99
344721;328.55;8.16;-9.22
344769;328.85;8.00;-8.86
344821;328.87;7.71;-8.56
344869;329.02;7.52;-8.27
344921;329.50;7.10;-7.73
344969;330.16;6.60;-6.98
345023;330.98;5.80;-5.76
345069;331.72;4.99;-5.16
345121;335.76;4.14;-5.16
345169;342.42;3.70;-4.30
345219;353.19;3.92;-4.95
345271;17.70;6.25;-2.08
345319;37.07;9.34;-2.35
345371;30.28;8.31;-5.94
345419;23.54;5.04;-7.30
345471;10.54;0.95;-11.82
345522;359.14;-2.10;-14.13
345569;344.72;-5.48;-17.70
345621;327.16;-9.22;-20.66
345669;313.53;-8.68;-23.07
345721;297.31;-10.46;-20.05
345769;297.30;-9.21;-22.01
345821;302.64;-7.73;-19.42
345869;311.08;-0.33;-15.97
345921;319.60;4.61;-17.25
345969;321.89;5.95;-15.49
346023;321.93;6.01;-14.54
346069;321.78;6.12;-14.17
346121;321.80;6.23;-13.23
346169;321.83;5.96;-12.64
346221;321.96;5.79;-11.95
346269;322.19;5.66;-11.46
346321;322.71;4.88;-9.93
346369;323.23;4.40;-9.17
346421;324.36;4.37;-8.16
346469;326.01;4.38;-8.13
346523;331.05;3.98;-6.65
346569;339.89;5.38;-5.80
346621;0.52;6.84;-0.26
346669;20.63;9.20;1.56
346721;19.36;10.78;-0.55
346769;14.87;8.12;-0.22
346821;3.05;3.72;-5.36
346869;351.90;0.94;-8.67
346921;335.23;-0.92;-12.90
346969;321.03;-1.48;-14.79
347023;299.47;-3.08;-15.84
347069;289.23;-6.54;-15.52
347121;290.01;-6.51;-15.95
347169;301.98;-2.20;-19.81
347221;313.47;3.33;-17.77
347269;316.90;4.64;-15.25
347321;317.46;4.96;-14.00
347369;317.82;5.19;-13.35
347421;318.11;5.40;-12.40
347469;318.22;5.56;-11.96
347522;318.28;5.72;-11.49
347569;318.40;5.62;-10.75
347621;318.72;4.85;-9.36
347669;318.81;4.56;-8.42
347721;318.91;4.20;-7.54
347769;319.35;4.10;-6.66
347821;322.80;4.39;-6.87
347869;329.56;4.88;-6.16
347921;347.69;6.70;-4.36
347969;6.88;9.06;-1.45
348023;16.32;8.49;-2.97
348069;10.36;5.03;-3.04
348119;0.28;2.29;-3.01
348171;343.35;2.79;-2.83
348219;330.40;4.67;-3.48
348271;311.54;6.47;-7.88
348319;298.67;7.60;-14.71
348371;280.41;4.91;-24.77
348419;275.91;2.07;-28.83
348471;276.88;2.52;-19.87
348522;291.32;8.23;-15.30
348569;297.23;11.18;-14.98
348621;298.50;11.11;-13.27
348669;298.64;11.18;-13.18
348721;298.22;11.29;-13.56
348769;297.88;10.99;-13.66
348821;297.66;10.39;-13.43
348869;297.62;9.86;-13.16
348921;297.79;9.35;-12.74
348969;298.22;8.52;-12.00
349023;299.48;6.91;-10.47
349069;300.96;5.56;-9.39
349121;302.86;4.28;-8.65
349169;305.75;4.41;-8.44
349221;313.58;5.13;-6.76
349269;322.68;6.24;-5.97
349321;344.91;10.02;-0.63
349369;4.42;13.66;2.93
349421;3.46;13.14;3.90
349469;359.02;10.02;2.94
349523;346.91;5.29;-1.21
349569;335.04;3.64;-3.17
349621;318.44;3.22;-7.00
349669;305.45;2.30;-10.02
349721;287.07;1.77;-15.46
349769;272.94;1.25;-17.89
349821;265.76;-3.05;-17.79
349869;272.41;-5.10;-16.42
349921;285.55;1.46;-17.10
349969;291.39;4.33;-17.22
350024;295.24;5.77;-14.62
350069;295.77;5.52;-13.41
350121;296.10;5.55;-12.58
350169;296.17;5.66;-12.12
350221;296.00;5.76;-11.82
350269;295.94;5.79;-11.51
350321;295.94;5.74;-10.93
350369;296.07;5.67;-10.58
350421;296.85;5.10;-9.22
350469;297.99;4.42;-8.09
350523;300.50;3.53;-8.10
350569;305.29;3.56;-7.69
350621;320.02;5.02;-6.82
350669;339.29;8.64;-3.73
350721;1.03;11.29;-4.37
350769;355.48;6.99;-6.18
350821;346.76;2.55;-7.87
350869;335.78;0.35;-6.35
350921;318.09;0.06;-6.51
350969;304.47;0.11;-7.50
351022;288.55;-0.39;-13.89
351069;272.21;-3.13;-21.40
351121;262.07;-5.32;-23.32
351169;267.96;-1.59;-17.20
351221;281.94;4.56;-15.90
351269;288.07;8.46;-15.34
351321;290.27;8.83;-12.04
351369;290.32;8.74;-11.42
351421;290.24;8.46;-10.72
351469;290.36;8.21;-9.98
351523;290.50;7.96;-9.34
351569;290.73;7.81;-8.84
351621;291.23;7.30;-7.77
351669;291.81;6.74;-6.69
351721;292.70;6.05;-5.12
351769;293.28;5.64;-4.05
351821;295.23;4.75;-3.60
351869;298.95;4.51;-3.13
351921;310.04;4.83;-1.93
351969;325.95;4.72;1.16
352023;354.45;3.55;5.78
352069;352.23;2.54;4.27
352121;343.11;1.37;4.79
352169;333.43;2.33;4.38
352221;315.79;5.80;3.31
352269;302.08;8.48;0.21
352321;283.37;10.57;-5.67
352369;269.52;11.12;-13.35
352421;252.68;5.38;-23.13
352469;252.09;3.51;-24.31
352523;260.34;7.87;-16.69
352569;268.49;11.19;-14.92
352621;275.16;14.21;-12.39
352669;277.74;14.21;-8.51
352721;278.89;13.59;-7.02
352769;279.38;13.40;-6.62
352821;279.47;12.95;-6.27
352869;279.43;12.51;-6.01
352921;279.33;11.78;-5.59
352969;279.42;11.36;-5.22
353023;279.88;10.72;-4.30
353069;280.35;10.07;-3.67
353121;281.10;9.30;-2.79
353169;282.97;8.71;-2.36
353221;290.39;8.05;-1.37
353269;300.13;7.60;-0.31
353321;323.39;5.37;7.38
353369;340.83;3.68;9.47
353421;333.35;3.39;8.18
353469;327.99;4.05;5.18
353523;314.02;5.24;2.01
353569;301.62;6.35;-0.75
353621;285.05;6.54;-6.36
353669;271.31;5.49;-12.25
353721;250.98;3.89;-20.16
353769;240.90;1.27;-21.66
353821;246.18;-0.39;-20.82
353869;255.17;2.66;-18.87
353919;268.06;8.07;-15.97
353971;269.85;7.58;-11.40
354022;270.73;7.26;-9.68
354069;271.41;7.14;-8.10
354121;270.98;7.29;-7.50
354169;270.17;7.17;-7.27
354221;269.30;7.07;-7.20
354269;268.77;6.85;-7.08
354321;268.05;6.87;-7.22
354369;267.35;6.81;-7.43
354421;266.41;6.94;-8.33
354469;266.06;6.88;-8.31
354523;265.92;6.69;-7.76
354569;266.42;6.24;-7.22
354621;271.08;7.64;-7.18
354669;275.43;8.61;-12.10
354721;267.92;2.16;-11.03
354769;259.84;-3.43;-11.28
354821;251.88;-7.71;-13.53
354869;251.80;-6.73;-12.96
354919;252.43;-4.36;-10.90
354971;252.14;-4.60;-11.19
355022;252.12;-5.04;-11.92
355069;252.41;-4.60;-11.99
355121;253.94;-0.79;-12.18
355169;256.26;2.17;-9.78
355221;258.96;3.85;-6.21
355269;259.07;4.72;-6.77
355321;258.14;9.22;-5.00
355369;258.75;11.50;0.14
355421;258.95;11.10;-1.85
355469;259.28;10.56;-0.81
355523;258.86;9.95;-1.16
355569;258.52;9.45;-1.17
355621;258.02;9.03;-1.48
355669;257.55;8.68;-1.75
355721;257.17;8.15;-1.81
355769;256.78;7.71;-1.92
355821;256.55;7.18;-1.83
355869;256.19;6.78;-1.89
355921;255.60;6.17;-2.05
355969;255.25;5.80;-2.26
356023;254.45;5.32;-2.81
356069;253.55;4.92;-3.27
356121;252.73;4.35;-3.29
356169;251.99;3.94;-3.42
356221;251.57;3.51;-3.43
356269;251.76;3.65;-3.31
356321;252.22;3.44;-2.74
356369;252.11;3.39;-2.71
356421;251.66;3.29;-2.71
356469;251.60;3.01;-2.50
356523;251.44;3.16;-2.60
356569;251.43;2.94;-2.39
356621;251.23;3.09;-2.18
356669;250.95;3.03;-2.05
356721;250.60;2.71;-1.85
356769;250.39;2.45;-1.72
356819;250.18;2.34;-1.68
356871;249.95;2.26;-1.36
356919;249.81;2.28;-1.22
356971;249.59;2.66;-1.10
357022;249.40;2.60;-1.08
357069;249.18;2.90;-0.94
357121;248.88;2.80;-0.85
357169;248.63;2.47;-0.76
357221;248.33;2.80;-0.81
357269;248.08;2.73;-0.82
357321;247.73;2.47;-0.88
357369;247.50;2.76;-0.76
357421;247.16;3.00;-0.83
357469;246.91;2.73;-0.79
357800;245.20;3.72;0.79
357848;244.91;3.58;0.25
357900;244.52;3.30;-0.39
357948;244.24;3.05;-0.53
358000;243.84;3.19;-0.61
358048;243.57;3.03;-0.56
358098;243.25;3.01;-0.57
358150;242.87;3.03;-0.66
358198;242.57;3.14;-0.65
358252;242.13;2.88;-0.59
358298;241.82;2.90;-0.60
358350;241.42;2.98;-0.82
358398;241.15;2.80;-0.68
358450;240.76;2.76;-0.73
358498;240.47;2.93;-0.87
358550;240.08;2.55;-0.68
358598;239.79;2.66;-0.75
358650;239.45;2.77;-0.61
358698;239.19;2.77;-0.81
358753;238.85;2.54;-0.78
358798;238.60;2.74;-0.82
358850;238.29;2.71;-0.59
358898;238.08;2.42;-0.70
358950;237.84;3.18;-0.78
358998;237.64;3.05;-0.60
359050;237.30;3.18;-0.66
359098;237.03;3.20;-0.70
359150;236.71;3.09;-0.77
359198;236.44;3.37;-0.84
359252;236.05;3.20;-0.78
359298;235.74;3.36;-0.69
359350;235.28;3.21;-1.00
359398;234.88;3.27;-1.14
359450;234.40;3.16;-1.20
359498;233.99;2.93;-1.19
359550;233.37;3.24;-1.78
359598;232.85;3.44;-2.20
359650;232.33;3.44;-2.42
359698;232.20;3.47;-2.10
359752;231.96;2.96;-1.72
359798;231.88;3.14;-1.51
359850;231.73;2.64;-1.25
359898;231.84;2.42;-0.94
359950;232.05;2.17;-0.76
359998;232.44;2.31;-0.26
360050;233.01;2.72;0.00
360098;233.44;3.07;0.24
360150;235.32;1.66;-0.33
360198;239.36;1.10;-0.73
360252;252.90;1.34;-1.78
360298;269.45;2.66;-0.03
360350;285.35;6.22;-4.87
360398;282.76;3.62;-5.80
360450;278.06;-1.54;-11.02
360498;269.94;-5.71;-13.10
360550;255.25;-10.13;-15.54
360598;242.72;-12.94;-16.84
360650;221.52;-14.26;-18.27
360698;207.63;-14.88;-15.55
360752;198.42;-15.95;-17.75
360798;200.81;-16.78;-18.27
360850;213.76;-10.79;-15.74
360898;220.07;-6.33;-14.40
360950;226.74;-4.05;-14.43
360998;227.37;-4.21;-11.75
361050;227.46;-4.07;-10.79
361098;227.35;-3.85;-10.15
361150;227.29;-3.45;-9.04
361198;227.21;-3.17;-8.42
361252;227.14;-2.77;-7.57
361298;227.13;-2.43;-7.10
361350;227.36;-1.96;-6.59
361398;227.63;-1.59;-6.34
361450;228.25;-0.96;-5.74
361498;229.33;-1.12;-5.12
361550;236.03;-1.55;-4.26
361598;247.17;-2.25;-4.02
361650;269.80;-4.53;0.40
361698;283.25;-4.89;1.66
361753;278.33;-3.53;1.68
361798;273.90;-2.54;0.94
361850;261.30;-0.73;0.72
361898;250.88;2.13;-0.57
361948;236.56;4.65;-2.82
362000;219.86;5.60;-7.60
362048;209.97;7.06;-14.79
362100;193.88;3.39;-22.08
362148;194.18;1.17;-20.23
362200;208.80;5.60;-9.51
362251;215.58;6.96;-9.01
362298;215.88;5.99;-5.69
362350;216.08;5.83;-4.75
362398;216.11;5.82;-4.58
362450;215.97;5.58;-4.30
362498;215.88;5.33;-4.00
362550;215.96;5.00;-3.49
362598;216.11;4.80;-2.96
362650;216.38;4.56;-2.38
362698;216.67;4.40;-1.79
362752;217.36;3.86;-1.21
362798;219.12;3.14;-1.18
362850;225.16;2.42;-0.81
362898;234.24;1.74;-0.82
362948;252.46;0.94;2.19
363000;277.39;3.42;-1.02
363048;275.17;2.44;-2.44
363100;267.96;0.03;-4.29
363148;258.22;-2.12;-6.24
363200;242.21;-4.05;-8.54
363251;230.42;-4.42;-10.72
363298;214.04;-5.36;-13.83
363350;195.42;-3.82;-20.74
363398;184.27;-5.05;-19.39
363450;184.77;-5.21;-19.85
363498;192.89;-1.58;-15.33
363550;201.80;2.85;-14.79
363598;206.15;4.45;-12.92
363650;206.80;3.97;-10.20
363698;206.95;3.95;-9.71
363752;207.13;4.12;-9.38
363798;207.25;4.15;-8.91
363850;207.40;3.97;-8.20
363898;207.68;3.72;-7.52
363950;208.19;3.63;-6.58
363998;208.48;3.52;-5.91
364050;209.05;3.18;-5.07
364098;210.42;2.72;-4.83
364150;215.96;2.59;-4.31
364198;224.92;2.14;-3.65
364252;246.03;1.63;-0.52
364298;267.13;2.82;0.22
364350;265.86;1.56;-3.43
364398;260.53;0.14;-4.16
364450;248.43;-1.03;-6.68
364498;236.49;-1.16;-7.06
364550;219.05;-0.80;-8.83
364598;204.73;-1.63;-11.30
364650;187.32;-0.71;-18.11
364698;176.01;-3.09;-20.29
364752;175.50;-4.08;-20.35
364798;185.85;-1.41;-14.05
364848;194.82;1.68;-13.13
364900;199.07;2.66;-10.11
364948;199.51;2.78;-9.02
365000;199.63;3.21;-8.76
365048;199.66;3.44;-8.50
365100;199.53;3.63;-8.12
365148;199.46;3.54;-7.60
365200;199.55;3.56;-6.95
365251;199.67;3.62;-6.43
365298;199.91;3.60;-5.77
365350;200.64;3.29;-4.86
365398;202.29;3.00;-5.02
365450;208.21;3.13;-5.04
365498;216.79;4.08;-5.30
365550;238.25;6.00;-0.39
365598;259.09;8.18;2.23
365650;257.89;5.75;-3.90
365698;251.45;1.86;-5.06
365752;238.97;-1.38;-8.93
365798;226.48;-2.44;-10.40
365848;211.51;-2.76;-13.04
365900;190.41;-3.33;-16.21
365948;174.19;-2.46;-17.31
366000;162.08;-3.06;-13.69
366048;169.30;-2.81;-13.31
366100;183.68;1.76;-13.43
366148;189.30;3.90;-13.13
366200;189.61;3.29;-9.18
366251;189.63;3.31;-8.60
366298;189.63;3.43;-8.18
366350;189.62;3.38;-7.44
366398;189.60;3.38;-7.08
366450;189.86;3.16;-6.31
366498;190.18;3.13;-5.68
366550;190.77;3.01;-4.75
366598;191.30;2.95;-4.06
366650;192.87;2.73;-3.87
366698;195.76;2.92;-4.12
366753;206.25;2.43;-3.07
366798;223.00;2.42;-0.98
366850;248.42;3.22;1.87
366898;250.07;1.70;1.36
366950;243.17;-1.48;0.99
366998;234.40;-2.50;0.70
367050;218.69;-0.28;2.20
367098;206.59;2.80;1.06
367150;188.30;5.49;-4.41
367198;176.67;7.41;-11.28
367252;160.62;6.15;-19.85
367298;158.49;5.20;-19.63
367350;171.76;14.86;-7.23
367398;178.08;15.96;-8.06
367450;181.47;15.62;-3.99
367498;181.84;14.94;-3.26
367550;182.22;14.28;-3.02
367598;182.44;13.70;-2.71
367650;182.76;12.88;-2.25
367698;183.09;12.30;-1.79
367751;183.24;11.68;-1.46
367798;183.45;11.14;-1.14
367850;183.83;10.67;-0.84
367898;184.50;10.09;-0.74
367950;188.53;9.40;-0.28
367998;196.47;9.00;1.23
368050;216.73;6.51;5.48
368098;238.22;4.52;9.12
368150;240.83;3.39;6.52
368198;233.92;3.22;5.07
368252;219.21;3.27;0.61
368298;204.80;3.49;-2.37
368350;187.17;4.24;-7.93
368398;173.26;3.48;-13.19
368450;154.35;3.38;-18.17
368498;145.76;1.43;-17.92
368550;145.33;1.70;-20.35
368598;153.81;2.65;-16.14
368650;165.68;6.97;-13.72
368698;171.70;9.83;-12.65
368751;171.94;8.82;-9.46
368798;172.03;8.52;-8.65
368850;172.15;8.44;-8.27
368898;172.32;8.34;-7.97
368950;172.55;8.26;-7.62
368998;172.78;7.86;-6.97
369050;173.23;7.03;-5.42
369098;173.52;6.89;-4.76
369150;174.13;6.64;-3.81
369198;175.36;6.12;-3.62
369252;181.36;5.90;-3.24
369298;190.35;5.37;-2.07
369350;212.32;4.86;2.47
369398;234.20;5.09;4.69
369450;231.77;2.71;-0.78
369498;225.13;0.93;-0.81
369548;211.69;0.74;-2.11
369600;195.66;2.38;-2.88
369648;182.00;3.81;-5.16
369700;161.66;3.56;-9.33
369751;146.36;4.70;-16.70
369798;133.40;2.65;-19.35
369850;139.03;1.98;-16.63
369898;150.64;6.46;-14.62
369950;160.96;9.91;-13.04
369998;162.61;9.18;-8.72
370050;163.25;8.74;-7.67
370098;163.49;8.68;-7.39
370150;163.49;8.57;-7.08
370198;163.41;8.50;-6.96
370252;163.39;8.23;-6.53
370298;163.44;8.13;-6.20
370350;163.62;7.97;-5.83
370398;163.91;7.59;-5.31
370450;165.15;6.97;-4.65
370498;168.30;6.72;-5.15
370550;178.57;7.65;-2.86
370598;191.97;8.52;-1.62
370650;218.82;9.27;3.33
370698;225.53;8.96;-0.37
370752;216.35;4.86;0.22
370798;207.50;3.33;-2.21
370850;192.33;3.49;-3.23
370898;180.08;4.32;-4.95
370950;161.12;4.29;-9.14
370998;147.59;5.40;-12.60
371050;127.87;2.97;-16.28
371098;126.18;2.68;-18.41
371150;141.15;7.28;-13.44
371198;148.67;9.86;-11.99
371252;151.95;9.78;-7.58
371298;152.03;9.45;-7.00
371350;151.86;9.23;-6.85
371398;151.74;9.03;-6.73
371450;151.51;8.61;-6.52
371498;151.34;8.27;-6.35
371550;151.47;7.70;-5.74
371598;151.74;7.45;-5.44
371650;152.64;6.49;-4.65
371698;153.88;6.25;-3.82
371752;158.67;5.30;-4.22
371798;168.57;5.35;-2.59
371850;188.70;4.92;1.03
371898;208.30;4.56;4.40
371950;207.91;0.34;1.98
371998;200.51;-1.37;-0.81
372050;187.37;-0.28;-2.95
372098;174.57;2.16;-3.81
372150;155.41;4.69;-6.20
372198;137.19;6.03;-8.67
372252;116.67;5.78;-10.21
372298;112.98;2.44;-14.60
372350;127.05;5.91;-9.10
372398;135.03;8.75;-7.80
372450;142.75;10.99;-5.69
372498;143.26;11.00;-5.02
372550;143.46;11.20;-4.80
372598;143.51;10.91;-4.52
372648;143.63;9.86;-3.71
372700;143.81;9.11;-3.03
372751;143.93;8.26;-2.39
372798;144.33;7.38;-1.62
372850;144.64;6.73;-1.14
372898;145.35;6.19;-1.13
372950;150.17;5.73;-1.11
372998;158.80;4.99;-0.20
373050;179.15;2.61;3.03
373098;200.49;1.06;5.69
373150;202.79;-0.09;0.69
373198;194.95;-0.15;-0.82
373252;181.04;1.75;-4.51
373298;167.34;3.49;-5.57
373350;149.67;4.73;-8.70
373398;136.11;4.20;-12.50
373450;117.37;2.19;-18.83
373498;108.40;-2.29;-20.01
373550;117.61;-0.23;-15.31
373598;128.52;4.14;-12.91
373648;135.14;6.10;-12.68
373700;135.67;5.50;-10.99
373751;135.53;5.45;-10.40
373798;135.42;5.73;-10.34
373850;135.25;5.87;-10.00
373898;135.08;5.92;-9.78
373950;134.98;5.78;-9.17
373998;135.01;5.56;-8.47
374050;135.37;5.50;-7.80
374098;135.75;5.20;-7.03
374150;137.32;4.47;-6.53
374198;140.77;4.13;-6.66
374252;153.19;4.56;-5.28
374298;168.98;5.08;-3.38
374350;195.48;8.28;-3.53
374398;193.84;8.04;-9.00
374450;184.21;5.33;-9.08
374498;174.50;3.48;-11.12
374550;158.58;1.53;-12.19
374598;146.17;0.33;-14.18
374650;129.47;-1.04;-17.92
374698;115.71;-1.75;-21.13
374752;101.43;-6.29;-22.46
374798;106.40;-8.05;-22.27
374850;116.97;-1.22;-18.76
374898;123.91;1.70;-18.26
374950;127.87;2.72;-13.99
374998;128.01;2.93;-13.43
375050;127.89;3.21;-13.17
375098;127.72;3.34;-12.84
375150;127.43;3.54;-12.58
375198;127.24;3.61;-12.28
375252;127.12;3.66;-11.64
375298;127.12;3.65;-11.15
375350;127.61;3.04;-10.27
375398;128.72;2.82;-9.48
375450;131.59;2.16;-8.77
375498;137.67;2.09;-8.26
375548;151.29;3.49;-7.85
375600;177.07;5.59;-2.10
375648;192.15;7.03;-3.64
375700;182.46;3.01;-3.07
375751;174.35;1.80;-4.00
375798;159.99;1.51;-3.44
375850;142.37;2.99;-4.81
375898;129.60;3.82;-7.85
375950;109.67;4.17;-14.11
375998;93.99;3.45;-20.74
376050;93.04;1.24;-19.23
376098;100.23;3.23;-18.37
376150;110.67;8.32;-15.41
376198;114.38;10.17;-13.50
376252;115.02;10.23;-12.31
376298;115.13;10.20;-12.14
376350;115.17;10.16;-11.79
376398;115.02;10.05;-11.63
376450;114.71;9.86;-11.48
376498;114.53;9.77;-11.41
376550;114.46;9.69;-11.10
376598;114.68;9.22;-10.51
376650;116.06;8.33;-9.33
376698;118.32;7.53;-9.43
376753;127.56;7.58;-8.01
376798;140.70;9.21;-6.34
376850;166.68;11.29;0.95
376898;179.85;11.62;1.24
376950;168.47;8.36;-1.36
376998;159.85;6.90;-4.21
377050;142.49;4.30;-5.24
377098;129.75;3.35;-6.74
377150;111.36;1.62;-10.81
377198;95.69;3.16;-15.22
377252;79.16;0.54;-15.16
377298;83.09;2.51;-22.12
377350;99.24;6.61;-15.49
377398;104.00;8.35;-13.43
377450;104.34;8.55;-12.15
377498;104.25;8.60;-12.14
377550;104.09;8.62;-12.02
377598;103.88;8.42;-11.89
377650;103.56;8.05;-11.62
377698;103.22;7.93;-11.60
378029;177.76;6.67;11.03
378077;196.80;2.82;14.64
378129;205.93;-5.82;21.43
378177;198.96;-7.30;15.90
378229;186.62;-7.27;14.81
378277;175.05;-3.11;13.22
378329;157.00;5.62;10.07
378377;144.09;10.92;9.10
378429;123.32;19.24;-0.71
378480;109.12;18.23;-12.51
378527;110.41;13.66;-14.58
378579;124.30;16.14;-1.69
378627;130.02;17.22;-1.36
378679;138.59;19.45;0.77
378727;141.01;19.65;2.49
378779;141.39;19.50;2.19
378827;141.48;19.40;1.83
378879;141.36;18.96;1.44
378927;141.14;18.79;0.94
378981;140.81;18.46;0.37
379027;140.76;17.59;0.43
379079;141.49;15.93;0.84
379127;143.11;14.33;1.88
379179;147.57;12.95;1.07
379227;155.39;12.50;2.42
379279;176.85;11.29;6.88
379327;198.44;9.90;11.86
379379;203.19;7.84;9.04
379427;194.61;4.65;9.64
379481;180.46;2.29;7.89
379527;167.47;3.37;5.88
379579;150.49;5.49;1.63
379627;137.74;6.60;-3.51
379679;117.30;9.74;-14.71
379727;105.13;7.20;-17.72
379779;106.29;3.84;-17.48
379827;116.48;7.46;-13.77
379879;126.64;12.30;-12.79
379927;130.80;13.41;-9.32
379981;131.36;12.81;-7.70
380027;131.42;12.59;-7.54
380079;131.45;12.33;-7.41
380127;131.41;12.15;-7.36
380179;131.50;11.61;-6.82
380227;131.81;11.06;-6.14
380279;132.28;10.55;-5.62
380327;132.90;9.85;-4.95
380379;134.72;8.79;-4.81
380427;138.21;8.28;-4.80
380481;150.43;7.88;-2.25
380527;166.87;7.29;0.43
380579;192.73;8.27;0.70
380627;191.27;6.24;-1.86
380677;184.92;4.36;-2.61
380729;171.09;4.82;-3.42
380777;157.93;7.34;-2.91
380829;138.52;12.15;-4.96
380877;124.54;13.61;-9.37
380929;110.04;11.26;-19.49
380980;100.11;5.51;-25.20
381027;96.42;4.14;-26.96
381079;101.98;6.71;-19.53
381127;111.90;11.00;-14.39
381179;121.38;14.19;-11.77
381227;124.05;14.94;-8.93
381279;124.33;14.18;-7.94
381327;124.25;13.84;-7.79
381379;124.11;13.42;-7.46
381427;123.88;13.05;-7.33
381481;123.73;12.49;-6.79
381527;123.65;11.99;-6.44
381579;123.73;11.45;-5.95
381627;123.92;10.93;-5.62
381679;124.55;10.24;-4.94
381727;125.19;9.83;-4.57
381779;127.61;9.77;-5.80
381827;135.18;10.67;-5.22
381879;146.38;13.01;-9.02
381927;144.92;11.88;-9.03
381981;138.79;10.04;-10.50
382027;132.24;8.35;-12.02
382079;122.53;7.06;-13.36
382127;117.59;7.59;-13.96
382179;113.19;7.79;-14.54
382227;117.15;6.44;-11.56
382279;118.09;7.20;-10.18
382327;118.12;6.97;-9.28
382379;118.03;6.84;-8.37
382427;118.02;6.76;-7.78
382481;117.94;6.57;-7.18
382527;117.89;6.48;-6.73
382577;117.73;6.35;-6.28
382629;117.49;6.24;-5.92
382677;117.26;6.18;-5.68
382729;116.93;5.99;-5.33
382777;116.76;5.88;-5.01
382829;116.49;5.70;-4.60
382877;116.32;5.55;-4.19
382929;116.03;5.38;-3.72
382980;115.76;5.30;-3.45
383027;115.39;5.26;-3.21
383079;115.01;5.10;-2.91
383127;114.75;4.92;-2.68
383179;114.41;4.68;-2.31
383227;114.17;4.48;-2.05
383279;113.84;4.27;-1.66
383327;113.61;4.17;-1.39
383379;113.26;3.97;-1.06
383427;112.98;3.85;-0.86
383481;112.59;3.74;-0.69
383527;112.27;3.49;-0.62
383577;111.95;3.45;-0.53
383629;111.57;3.22;-0.43
383677;111.29;3.17;-0.44
383729;110.89;3.34;-0.49
383777;110.60;3.47;-0.61
383829;110.18;3.35;-0.65
383877;109.88;3.10;-0.54
383929;109.45;3.02;-0.59
383980;109.13;2.93;-0.61
384027;108.77;2.85;-0.67
384079;108.38;2.72;-0.71
384127;108.12;3.15;-0.53
384179;107.72;3.05;-0.73
384227;107.45;2.78;-0.63
384279;107.05;3.08;-0.75
384327;106.75;2.72;-0.75
384379;106.35;2.92;-0.80
384427;106.04;2.88;-0.87
384481;105.63;2.96;-1.01
384527;105.29;2.60;-0.95
384579;104.95;2.81;-0.85
384627;104.66;2.72;-0.93
384679;104.26;2.60;-0.84
384727;103.96;2.86;-1.06
384779;103.56;2.53;-0.92
384827;103.30;2.64;-0.90
384879;102.91;2.60;-0.99
384927;102.63;2.63;-1.06
384981;102.26;2.42;-0.83
385027;101.97;2.72;-1.04
385079;101.57;2.49;-1.08
385127;101.25;2.68;-1.27
385179;100.87;2.56;-1.11
385227;100.60;2.51;-1.08
385279;100.27;2.55;-1.06
385327;99.99;2.63;-1.14
385379;99.63;2.26;-1.03
385427;99.38;2.34;-0.95
385481;99.01;2.57;-1.07
385527;98.71;2.46;-1.06
385579;98.35;2.41;-1.04
385627;98.07;2.35;-1.02
385679;97.68;2.22;-1.07
385727;97.41;2.54;-1.09
385779;97.01;2.53;-1.18
385827;96.76;2.45;-1.06
385879;96.39;2.34;-1.11
385927;96.13;2.22;-1.05
385981;95.76;2.37;-1.11
386027;95.47;2.53;-1.16
386079;95.09;2.23;-1.07
386127;94.81;2.38;-1.15
386179;94.44;2.14;-1.08
386227;94.20;2.17;-1.08
386279;93.86;2.32;-1.14
386327;93.62;2.41;-0.96
386379;93.29;2.30;-1.04
386427;93.04;2.45;-1.06
386481;92.73;2.24;-0.86
386527;92.48;2.51;-1.00
386577;92.20;2.40;-0.95
386629;91.83;2.53;-1.15
386677;91.57;2.47;-0.91
386729;91.19;2.66;-1.15
386777;90.92;2.67;-1.08
386829;90.46;2.56;-1.26
386877;90.16;2.42;-1.16
386929;89.71;2.76;-1.49
386980;89.39;2.69;-1.51
387027;89.07;2.42;-1.32
387079;88.69;2.51;-1.33
387127;88.45;2.68;-1.46
387179;87.98;2.77;-1.68
387227;87.67;2.99;-1.62
387279;87.38;3.03;-1.72
387327;87.12;2.85;-1.69
387379;86.75;2.61;-1.48
387427;86.46;2.16;-1.08
387481;86.30;1.39;-0.45
387527;86.38;1.45;-0.18
387577;86.52;1.39;-0.26
387629;86.86;1.65;0.06
387677;87.20;1.61;0.30
387729;88.20;1.78;0.38
387777;89.62;1.44;-0.42
387829;95.57;0.89;-1.07
387877;104.13;0.86;-1.13
387929;121.67;1.03;-0.26
387980;132.69;2.61;-1.90
388027;130.32;3.20;-0.75
388079;124.86;4.30;-1.98
388127;117.34;4.67;-1.78
388179;105.06;6.20;-1.53
388227;95.06;7.33;-2.21
388279;81.04;8.49;-5.35
388327;71.69;9.08;-9.70
388379;58.37;3.99;-15.52
388427;52.76;0.75;-21.20
388481;55.64;-2.17;-18.13
388527;64.89;1.46;-9.62
388577;73.24;2.63;-8.77
388629;79.14;3.90;-4.21
388677;79.59;4.07;-3.51
388729;79.72;3.96;-2.95
388777;79.87;3.97;-2.65
388829;80.19;4.13;-1.97
388877;80.35;4.23;-1.63
388929;80.68;4.13;-0.88
388980;80.93;4.50;-0.42
389027;81.21;4.71;0.12
389079;81.69;4.77;0.62
389127;82.49;4.38;0.47
389179;85.52;3.68;-0.40
389227;90.62;3.24;0.22
389279;107.29;2.30;0.78
389327;127.25;3.81;1.30
389379;136.97;5.45;-1.26
389427;132.92;4.89;-0.77
389481;122.65;3.44;-4.09
389527;110.69;1.80;-4.63
389579;94.46;0.33;-6.36
389627;80.09;-1.18;-9.56
389679;61.66;0.20;-12.40
389727;48.29;1.52;-10.19
389779;41.76;1.52;-12.82
389827;47.50;-0.49;-12.23
389879;62.28;4.62;-11.54
389927;68.03;6.74;-11.28
389981;71.07;6.51;-6.26
390027;71.64;6.47;-5.48
390079;72.06;6.54;-5.00
390127;72.13;6.47;-4.75
390179;72.10;6.39;-4.43
390227;72.13;5.93;-3.85
390279;72.48;5.35;-2.76
390327;72.90;5.06;-2.06
390379;73.51;4.70;-1.15
390427;74.69;3.91;-1.15
390481;79.29;3.27;-1.54
390527;87.02;3.00;-1.19
390579;104.96;3.56;-0.05
390627;126.13;5.09;1.87
390679;134.77;4.12;-2.30
390727;127.55;0.91;-1.16
390779;115.35;-0.17;-2.52
390827;103.25;0.76;-1.67
390879;85.62;4.33;-1.83
390927;71.28;6.27;-3.32
390982;51.84;7.49;-8.43
391027;38.15;4.43;-13.46
391079;34.93;1.45;-17.05
391127;41.00;1.35;-15.37
391179;56.17;6.16;-11.61
391227;62.64;8.26;-9.77
391279;63.66;7.57;-8.46
391327;63.96;7.45;-7.96
391379;64.10;7.42;-7.60
391427;64.00;7.38;-7.46
391481;63.83;7.19;-7.26
391527;63.79;6.95;-6.96
391579;64.05;6.57;-6.37
391629;64.77;6.08;-5.60
391677;65.85;5.64;-5.04
391729;70.02;5.79;-5.83
391777;76.47;6.11;-5.03
391829;94.99;7.80;-3.30
391877;115.09;9.74;0.92
391929;129.42;10.39;0.17
391980;122.97;6.81;1.22
392027;113.56;3.74;-0.66
392079;96.88;2.29;-0.92
392127;83.97;2.89;-2.69
392179;65.62;3.58;-6.27
392227;51.93;4.16;-10.42
392279;32.64;2.07;-15.53
392327;28.86;0.31;-17.44
392379;41.43;1.96;-15.11
392427;50.93;5.41;-12.92
392481;56.55;7.20;-9.84
392527;57.32;6.78;-8.31
392579;57.80;6.64;-7.53
392627;58.07;6.47;-7.07
392679;58.30;6.14;-6.14
392727;58.43;5.81;-5.38
392779;58.55;5.52;-4.40
392827;58.67;5.42;-3.87
392879;58.93;5.12;-3.00
392927;59.56;4.72;-2.62
392981;62.88;3.98;-2.67
393027;69.93;3.64;-1.72
393079;86.06;1.93;-0.45
393127;104.82;0.64;3.19
393179;119.64;0.02;2.44
393227;114.52;-1.37;4.37
393279;105.26;-0.86;3.75
393327;94.18;0.43;6.17
393379;78.14;5.64;5.69
393427;64.67;9.11;3.38
393481;46.45;11.31;-6.26
393527;31.46;12.48;-17.49
393579;22.28;10.22;-20.88
393627;33.74;13.34;-10.79
393677;45.48;17.49;-9.46
393729;51.33;19.21;-4.70
393777;52.15;18.44;-3.33
393829;52.71;17.71;-2.64
393877;53.29;17.19;-2.01
393929;53.54;16.53;-1.59
393980;53.66;16.13;-1.39
394027;53.51;15.72;-1.34
394079;53.46;15.37;-1.39
394127;53.63;14.99;-1.42
394179;54.71;14.32;-0.98
394227;57.20;13.83;-0.74
394279;67.50;12.69;1.77
394327;81.08;10.19;4.15
394379;107.07;7.63;6.02
394427;106.57;7.30;2.65
394481;98.39;7.06;-0.02
394527;87.31;5.63;-3.83
394579;70.37;3.34;-8.49
394627;56.76;1.03;-13.19
394679;38.09;-3.24;-23.23
394727;28.73;-8.52;-27.90
394779;34.09;-10.38;-28.10
394827;44.06;-7.63;-25.83
394879;48.74;-6.37;-20.52
394927;48.98;-5.92;-19.92
394981;48.57;-5.02;-20.06
395027;48.07;-4.54;-20.07
395079;47.34;-4.17;-19.82
395127;46.73;-3.89;-19.63
395179;45.82;-3.33;-19.54
395227;45.16;-2.86;-19.47
395279;44.46;-2.35;-19.16
395327;44.00;-2.03;-18.81
395379;43.43;-1.78;-17.95
395427;42.80;-1.84;-17.98
395482;42.53;-12.56;-22.12
395527;47.38;-28.92;-29.22
395577;60.86;-49.53;-49.49
395629;100.39;-59.45;-88.93
395677;120.51;-56.49;-106.89
395729;133.94;-51.67;-115.69
395777;141.40;-47.39;-119.23
395829;154.03;-34.14;-135.32
395877;161.89;-23.36;-149.23
395929;162.62;-15.66;-155.78
395980;162.43;-14.20;-159.52
396027;160.30;-12.46;-162.51
396079;156.73;-11.93;-160.84
396127;153.39;-10.82;-156.86
396179;153.18;-11.13;-158.66
396227;153.19;-11.38;-158.97
396279;153.41;-11.74;-159.34
396327;153.59;-11.88;-159.47
396379;153.83;-12.09;-159.71
396427;153.96;-12.29;-159.90
396480;154.03;-12.46;-160.03
396527;154.02;-12.44;-159.97
396579;153.85;-12.12;-159.69
396627;153.50;-11.72;-159.52
396679;152.58;-10.82;-159.37
396727;151.50;-9.62;-159.75
396779;147.28;-8.27;-160.53
396827;141.22;-6.55;-159.86
396879;124.63;-3.36;-158.77
396927;106.73;-0.69;-158.31
396982;93.30;-1.54;-167.63
397027;98.59;1.02;-164.44
397079;108.22;3.59;-166.69
397127;117.84;3.78;-166.38
397179;133.19;-0.63;-166.14
397227;144.71;-4.75;-166.22
397279;159.77;-9.97;-169.84
397327;171.01;-13.00;-177.37
397379;185.69;-11.55;177.34
397427;190.48;-11.17;176.50
397481;180.52;-12.18;-177.00
397527;171.88;-11.59;-175.39
397579;163.42;-11.89;-172.73
397627;163.26;-11.53;-171.27
397679;163.17;-11.61;-170.88
397727;163.24;-11.92;-171.09
397779;163.19;-12.24;-171.40
397827;163.04;-12.36;-171.50
397879;162.84;-12.42;-171.48
397927;162.73;-12.51;-171.49
398258;59.79;-9.85;-162.97
398306;40.72;-8.22;-164.45
398358;47.14;-4.39;-165.17
398406;52.97;-1.11;-166.08
398458;67.86;-0.10;-165.81
398506;80.76;-2.97;-166.95
398558;97.24;-8.25;-168.40
398606;108.53;-12.68;-171.12
398658;122.92;-18.86;-179.01
398709;138.26;-17.97;174.55
398756;145.48;-15.70;167.78
398808;137.82;-15.76;172.85
398856;124.89;-17.35;178.08
398908;115.24;-18.22;-178.61
398956;114.73;-17.49;-176.62
399008;114.48;-17.40;-176.14
399056;114.35;-17.57;-176.20
399108;114.37;-17.80;-176.42
399156;114.43;-17.93;-176.60
399210;114.45;-17.96;-176.58
399256;114.23;-18.03;-176.51
399308;113.72;-17.70;-175.97
399356;113.03;-17.53;-175.57
399408;110.46;-17.21;-175.42
399456;105.41;-17.13;-174.16
399508;90.18;-15.02;-169.95
399556;71.31;-11.74;-162.92
399608;49.50;-6.90;-161.32
399656;55.13;-5.91;-161.28
399710;65.05;-7.72;-164.65
399756;77.09;-10.89;-166.73
399808;94.74;-14.90;-170.83
399856;109.83;-15.82;-175.89
399908;131.39;-17.12;176.57
399956;150.59;-15.98;167.39
400008;155.82;-12.28;161.25
400056;149.54;-12.45;164.86
400108;132.80;-14.91;177.25
400156;125.34;-16.24;177.71
400210;121.17;-16.25;-178.39
400256;121.13;-16.22;-178.39
400308;121.30;-16.49;-178.57
400356;121.36;-16.59;-178.58
400408;121.56;-16.76;-178.84
400456;121.60;-16.70;-178.78
400508;121.41;-16.60;-178.72
400556;120.90;-16.08;-178.26
400608;119.27;-15.45;-177.40
400656;116.48;-15.11;-177.19
400710;105.61;-14.14;-174.49
400756;90.00;-12.54;-170.54
400808;61.08;-8.69;-161.96
400856;56.47;-6.42;-162.00
400908;66.12;-5.93;-162.00
400956;75.80;-6.90;-164.33
401008;92.94;-10.15;-168.32
401056;106.29;-12.28;-172.49
401106;123.77;-13.62;179.25
401158;145.64;-16.43;165.48
401209;158.20;-14.07;165.87
401256;158.86;-15.10;160.91
401308;144.41;-19.10;166.04
401356;135.46;-21.79;170.74
401408;129.38;-22.99;175.18
401456;129.24;-22.99;174.45
401508;129.27;-23.32;174.33
401556;129.26;-23.53;174.31
401608;129.55;-23.76;173.97
401656;129.79;-23.71;173.88
401710;129.85;-23.79;173.81
401756;129.62;-23.76;174.00
401808;128.81;-23.07;174.86
401856;127.33;-22.55;175.78
401908;121.52;-22.46;177.13
401956;111.14;-22.77;-178.86
402006;90.73;-20.03;-170.07
402058;61.45;-13.31;-157.47
402106;64.44;-11.51;-157.72
402158;74.92;-14.46;-163.36
402209;87.18;-17.41;-167.11
402256;104.56;-20.83;-173.55
402308;124.98;-21.49;177.18
402356;141.41;-19.53;169.87
402408;165.52;-12.01;156.89
402456;168.24;-10.95;151.92
402508;156.22;-17.99;158.08
402556;145.72;-21.73;164.35
402608;136.26;-25.64;169.15
402656;135.52;-25.88;169.23
402710;135.49;-26.19;169.06
402756;135.52;-26.40;168.97
402808;135.61;-26.36;169.26
402856;135.65;-26.09;169.52
402908;135.49;-25.81;169.83
402956;135.20;-25.48;170.09
403008;134.32;-25.37;170.41
403056;132.80;-25.44;170.68
403108;124.14;-27.47;173.28
403156;110.96;-28.06;-179.40
403211;80.25;-25.00;-161.33
403256;66.85;-18.97;-153.12
403308;77.17;-18.48;-160.45
403356;86.47;-19.55;-166.04
403408;104.32;-22.49;-175.05
403456;118.60;-23.51;177.07
403508;138.83;-20.89;167.18
403556;155.86;-18.39;157.40
403608;172.93;-10.94;152.10
403656;173.68;-11.52;145.08
403710;157.77;-17.65;156.84
403756;148.22;-21.93;161.65
403808;144.40;-23.25;164.30
403856;144.24;-23.24;164.76
403908;144.49;-23.50;164.43
403956;144.78;-23.67;164.02
404008;145.21;-23.85;163.45
404056;145.37;-23.93;163.24
404108;145.23;-23.94;163.40
404156;144.85;-23.91;163.59
404210;143.25;-23.72;164.74
404256;140.16;-24.26;165.20
404308;129.77;-27.05;169.11
404356;114.12;-28.84;177.56
404408;80.54;-27.07;-162.27
404456;72.72;-23.28;-158.45
404508;84.63;-23.05;-164.28
404556;96.21;-23.64;-171.02
404606;112.95;-25.19;-179.69
404658;134.53;-25.07;169.15
404709;150.77;-21.41;161.14
404756;174.26;-12.75;150.59
404808;184.23;-3.36;145.18
404856;181.99;-5.05;147.18
404908;171.20;-17.44;153.91
404956;164.95;-22.19;153.82
405008;157.35;-27.97;157.08
405056;156.25;-28.79;157.50
405108;155.93;-29.28;157.37
405156;155.78;-29.44;157.34
405211;155.61;-29.57;157.31
405256;155.58;-29.28;157.51
405308;155.37;-28.91;157.80
405356;155.16;-28.76;157.92
405408;153.34;-28.48;159.07
405456;150.05;-28.85;159.83
405506;141.58;-32.28;162.72
405558;117.53;-35.28;176.51
405606;90.53;-34.29;-166.40
405658;77.60;-31.42;-161.45
405709;86.54;-32.75;-164.16
405756;101.92;-34.36;-175.87
405808;124.21;-32.64;171.30
405856;139.04;-29.80;161.90
405908;158.98;-22.08;149.71
405956;174.63;-14.60;139.14
406008;184.69;-3.65;136.39
406056;182.98;-5.02;134.42
406108;170.41;-15.85;144.60
406156;163.47;-21.32;146.74
406210;159.56;-22.51;152.13
406256;159.34;-22.36;152.58
406308;159.53;-22.61;152.19
406356;159.72;-22.74;151.88
406406;159.95;-22.91;151.48
406458;159.93;-22.76;151.65
406506;159.48;-22.60;152.30
406558;158.77;-22.69;152.86
406606;157.93;-22.98;153.29
406658;153.75;-24.73;153.77
406709;145.66;-28.24;157.55
406756;126.26;-33.06;168.27
406808;89.71;-35.17;-168.39
406856;86.00;-34.25;-167.54
406908;98.30;-34.26;-173.50
406956;111.87;-33.65;176.88
407008;134.10;-30.33;164.20
407056;149.78;-26.40;155.05
407108;169.37;-16.22;144.23
407156;182.30;-7.74;136.64
407210;189.53;-0.29;133.62
407256;185.51;-4.95;135.22
407306;177.44;-15.04;138.33
407358;170.31;-20.97;142.64
407406;169.60;-21.14;143.70
407458;169.78;-21.35;143.53
407506;170.17;-21.61;142.79
407558;170.75;-21.82;141.83
407606;171.00;-21.88;141.37
407658;171.09;-21.85;141.22
407709;171.07;-22.11;141.01
407756;170.29;-22.33;141.46
407808;168.43;-23.10;142.06
407856;165.57;-25.45;141.99
407908;155.70;-32.33;146.91
407956;139.12;-40.40;157.23
408008;97.96;-48.39;-172.91
408056;97.13;-46.56;-174.00
408108;112.12;-42.93;173.74
408156;126.17;-38.43;163.08
408211;145.46;-31.04;150.60
408256;159.85;-23.42;142.76
408308;177.54;-10.99;134.41
408356;190.01;-1.76;127.46
408408;196.39;6.95;126.43
408456;192.57;3.23;125.11
408508;188.52;-11.32;125.47
408556;184.59;-18.04;125.66
408608;182.97;-18.02;129.91
408656;182.90;-17.90;130.20
408710;183.03;-17.84;130.14
408756;183.10;-17.81;130.11
408808;182.92;-17.86;130.19
408856;182.70;-17.93;130.42
408908;182.35;-18.24;130.55
408956;181.96;-18.60;130.68
409008;180.73;-19.65;130.87
409056;177.81;-23.25;130.87
409108;167.44;-32.64;136.79
409156;149.63;-42.97;149.37
409211;107.12;-52.50;-176.83
409256;113.14;-51.64;176.84
409308;130.45;-49.35;163.94
409356;145.83;-44.03;153.04
409408;164.76;-33.25;139.22
409456;175.71;-23.72;131.43
409508;189.75;-10.10;122.98
409556;202.35;1.99;117.62
409608;206.66;8.41;117.42
409656;200.33;5.42;117.62
409710;193.66;-6.84;118.91
409756;189.72;-14.86;121.40
409808;189.60;-15.13;121.49
409856;189.70;-15.19;121.31
409908;189.91;-15.36;120.91
409956;190.14;-15.39;120.49
410008;190.26;-15.35;120.13
410056;190.39;-15.38;119.79
410108;190.45;-15.52;119.34
410156;190.12;-15.88;119.23
410211;188.73;-17.45;118.99
410256;186.52;-22.31;118.62
410308;177.50;-35.37;124.13
410356;159.72;-51.16;138.88
410408;123.35;-59.47;173.89
410456;134.87;-54.48;163.26
410508;150.37;-46.55;146.75
410556;163.02;-38.52;136.34
410608;179.13;-25.05;124.25
410656;188.90;-12.02;119.03
410711;202.68;8.30;117.50
410756;207.68;20.35;117.22
410808;206.97;20.30;110.98
410856;202.80;6.50;116.48
410908;200.61;-2.85;113.40
410956;199.80;-7.89;114.26
411008;200.16;-8.59;112.44
411056;200.58;-8.64;111.84
411108;200.91;-8.57;111.40
411156;201.00;-8.50;111.17
411210;201.28;-8.47;110.60
411256;201.21;-8.52;110.37
411308;200.52;-8.82;110.37
411356;199.73;-9.71;110.53
411408;198.17;-13.06;109.52
411456;196.59;-19.45;108.56
411508;189.57;-36.96;112.14
411556;175.91;-56.66;125.43
411608;156.23;-68.84;143.26
411656;166.74;-62.90;135.44
411710;178.05;-49.75;124.01
411756;184.36;-35.99;118.33
411808;191.22;-20.04;112.08
411856;196.67;-6.31;107.67
411908;207.44;14.25;101.94
411956;211.65;26.83;103.73
412008;211.52;24.15;99.47
412056;209.00;11.37;100.69
412108;207.85;-1.26;101.56
412156;207.03;-3.03;104.37
412210;207.06;-2.91;104.34
412256;207.45;-2.85;103.88
412308;207.86;-2.68;103.22
412356;208.07;-2.49;102.79
412408;208.50;-2.20;102.17
412456;208.81;-2.13;101.81
412508;209.13;-2.27;101.37
412556;208.29;-3.31;101.63
412608;206.96;-7.47;100.92
412656;206.02;-14.17;99.57
412711;203.75;-33.66;100.34
412756;200.44;-56.80;102.72
412808;195.85;-66.95;108.44
412856;194.93;-59.19;111.81
412908;193.81;-43.04;112.46
412956;195.97;-30.06;110.89
413008;202.66;-11.48;105.72
413056;207.73;1.33;101.78
413108;216.79;20.45;97.85
413156;218.29;33.47;96.06
413211;212.66;26.18;94.19
413256;213.22;13.57;96.37
413308;212.71;5.18;96.62
413356;212.10;5.69;98.38
413408;211.94;5.93;98.23
413456;211.91;5.99;97.98
413508;211.72;6.04;98.05
413556;211.70;5.96;97.94
413606;211.52;5.69;98.23
413658;211.45;5.14;98.24
413709;211.27;4.72;98.13
413756;210.87;3.68;97.71
413808;209.96;-1.72;97.04
413856;208.00;-11.05;97.69
413908;202.32;-33.76;102.27
413956;196.29;-55.94;108.44
414008;198.68;-51.87;108.21
414056;203.43;-45.58;102.92
414108;207.45;-29.72;98.57
414156;209.42;-16.53;95.93
414211;209.88;2.25;91.92
414256;210.74;18.35;87.54
414308;214.24;38.80;83.71
414356;209.73;45.52;83.46
414408;206.90;37.48;80.97
414456;209.89;25.91;81.82
414506;212.40;16.96;82.11
414558;211.86;14.47;85.81
414606;211.57;14.38;85.80
414658;211.61;14.44;85.39
414709;211.58;14.50;85.16
414756;211.64;14.55;84.71
414808;211.43;14.30;84.76
414856;211.36;13.83;84.75
414908;211.26;12.91;84.80
414956;211.01;11.35;84.24
415008;211.74;4.11;83.26
415056;212.59;-6.85;83.62
415108;215.22;-34.26;86.70
415156;220.58;-53.25;82.65
415211;216.59;-43.74;85.31
415256;215.34;-33.48;83.09
415308;211.65;-16.48;84.26
415356;209.63;-3.20;82.66
415408;205.11;17.29;77.84
415456;201.83;33.84;71.33
415508;193.84;50.72;64.97
415556;193.22;52.79;61.01
415608;202.75;36.52;71.43
415656;207.39;27.96;73.71
415710;209.84;22.75;76.43
415756;209.43;22.27;77.03
415808;209.30;22.30;76.76
415856;209.21;22.36;76.49
415908;208.98;22.47;76.12
415956;208.65;22.38;76.03
416008;208.33;22.03;76.05
416056;208.30;21.53;75.99
416108;208.09;20.42;76.11
416156;208.41;18.79;75.73
416211;210.64;11.55;75.49
416256;213.02;-0.88;75.88
416308;219.06;-26.54;78.35
416356;226.30;-42.91;73.06
416406;221.60;-34.80;76.66
416458;218.68;-23.21;75.83
416506;215.34;-10.89;77.18
416558;211.42;7.53;75.91
416606;207.26;21.54;73.18
416658;200.28;42.56;63.61
416709;190.63;54.38;54.19
416756;187.55;56.93;48.72
416808;201.79;42.58;64.07
416856;207.11;34.82;66.49
416908;209.45;30.90;69.26
416956;209.17;30.68;69.35
417008;209.29;30.82;68.67
417056;209.32;30.98;68.18
417108;209.35;31.30;67.44
417156;209.00;31.39;67.14
417211;208.47;31.44;66.83
417256;208.40;31.28;66.57
417308;207.87;29.90;66.54
417356;207.94;28.54;66.39
417408;209.63;23.01;65.16
417456;213.74;14.33;66.45
417508;223.24;-5.43;68.32
417556;234.44;-22.80;64.67
417608;232.43;-23.10;64.29
417656;227.22;-17.58;67.33
417710;220.20;-5.24;67.88
417756;214.70;6.88;66.40
417808;205.88;22.24;61.29
417856;197.66;34.41;54.35
417908;182.66;52.37;38.83
417956;167.20;57.99;24.93
418008;175.13;52.42;30.83
418056;192.37;45.43;46.21
418108;201.42;38.88;52.15
418156;201.17;37.91;53.93
418487;199.39;34.40;54.25
418535;199.47;33.56;54.31
418585;199.99;32.12;54.22
418637;204.15;27.44;54.82
418685;209.64;19.31;57.45
418737;221.53;-1.70;61.91
418785;233.77;-19.91;60.80
418837;230.39;-14.65;62.83
418885;227.46;-7.66;62.10
418939;219.25;6.19;61.30
418985;211.49;18.08;58.43
419037;197.86;32.77;49.28
419085;184.16;44.33;37.83
419137;155.25;57.21;12.10
419185;146.81;56.01;4.94
419237;172.33;50.36;27.29
419285;184.56;45.64;37.15
419337;191.14;42.17;44.20
419385;190.78;41.67;44.39
419440;190.53;41.59;43.76
419485;190.47;41.58;43.22
419535;190.40;41.66;42.60
419587;190.03;41.54;41.91
419635;189.69;41.23;41.72
419687;189.66;40.80;41.50
419735;189.90;40.24;41.56
419787;191.51;38.57;41.68
419835;195.85;35.47;43.09
419887;207.19;25.45;49.69
419938;219.43;11.26;55.24
419985;236.67;-8.64;55.01
420037;231.79;-5.39;54.07
420085;226.38;0.37;53.30
420137;215.64;12.26;51.53
420185;206.24;22.48;48.02
420237;189.42;35.68;37.14
420285;173.24;44.70;24.34
420337;140.43;54.09;-6.95
420385;130.25;53.60;-17.73
420439;156.82;50.71;6.51
420485;173.44;47.58;22.40
420537;179.88;46.13;28.37
420585;179.82;45.76;28.51
420637;179.36;45.81;27.49
420685;179.07;45.86;26.77
420737;178.55;45.94;25.75
420785;178.03;45.86;24.99
420837;177.38;45.54;24.27
420885;177.34;45.28;24.07
420939;177.79;44.31;24.41
420985;179.54;42.95;25.79
421037;186.27;39.93;28.06
421085;196.53;34.60;34.57
421137;218.26;19.25;45.37
421185;234.22;4.63;49.14
421237;229.26;5.97;48.52
421285;222.93;10.92;45.12
421337;209.26;21.80;40.23
421385;197.22;30.67;33.62
421438;178.30;39.03;21.44
421485;152.89;43.93;3.94
421537;120.79;42.07;-23.04
421585;116.54;38.26;-27.86
421637;122.77;41.32;-19.85
421685;144.89;45.49;-1.81
421737;163.15;46.15;11.50
421785;166.53;45.77;15.91
421837;166.59;45.36;16.07
421885;166.51;45.20;15.82
421940;166.27;44.86;15.42
421985;165.89;44.53;15.04
422037;165.61;43.48;15.33
422085;165.70;42.44;15.59
422137;166.41;40.94;16.26
422185;167.59;39.64;17.15
422237;174.37;37.35;20.18
422285;185.03;33.20;26.58
422337;207.43;19.27;39.55
422385;227.11;5.13;44.25
422439;222.44;7.32;43.53
422485;215.97;13.28;40.49
422537;202.12;23.35;34.72
422585;188.93;30.68;28.19
422637;165.39;38.32;11.91
422685;144.29;40.97;-3.10
422737;117.47;36.96;-21.91
422785;112.86;33.77;-30.21
422837;128.97;36.22;-12.69
422885;142.34;38.79;0.92
422939;155.82;41.00;6.87
422985;158.56;41.22;10.36
423037;158.67;41.11;10.06
423085;158.72;40.84;9.96
423137;158.76;40.20;9.98
423185;158.51;39.75;9.77
423237;158.21;39.32;9.51
423285;158.18;38.61;9.67
423335;159.03;37.29;10.13
423387;161.56;35.94;10.67
423438;168.26;34.27;13.58
423485;184.98;28.55;23.28
423537;213.34;14.20;37.14
423585;221.97;8.42;38.41
423637;212.26;14.24;35.97
423685;202.49;20.17;30.11
423737;183.84;27.98;21.77
423785;168.68;32.21;12.56
423837;143.17;33.80;-4.22
423885;124.14;33.22;-19.62
423939;109.30;26.30;-30.27
423985;114.60;26.23;-30.20
424037;130.42;31.84;-14.90
424085;141.46;35.27;-9.90
424137;146.74;35.07;-2.11
424185;147.05;34.31;-1.41
424237;147.15;33.89;-1.40
424285;147.07;33.59;-1.68
424337;146.85;33.19;-2.04
424385;146.80;32.76;-2.00
424439;147.09;31.97;-1.42
424485;147.90;31.28;-0.68
424537;150.02;30.38;0.45
424585;154.41;29.90;1.53
424637;168.90;27.93;9.29
424685;187.58;24.82;18.18
424737;217.51;16.12;28.81
424785;211.24;17.60;28.04
424837;200.54;20.98;23.64
424885;188.91;23.76;18.44
424939;170.23;27.09;9.20
424985;154.52;28.15;-0.25
425037;131.93;26.81;-12.97
425085;114.19;24.19;-25.03
425137;103.18;18.11;-33.25
425185;111.47;18.42;-28.03
425235;128.91;25.36;-18.69
425287;139.77;29.68;-12.32
425335;140.23;29.08;-11.07
425387;140.16;28.59;-10.89
425438;140.16;28.38;-10.96
425485;140.09;28.02;-11.05
425537;139.95;27.59;-11.23
425585;139.93;27.22;-11.18
425637;140.18;26.62;-10.75
425685;140.75;26.08;-10.12
425737;142.71;25.02;-8.53
425785;145.93;24.53;-7.37
425837;157.39;24.27;-2.12
425885;172.83;23.50;3.79
425939;205.30;19.22;17.19
425985;209.47;17.16;17.24
426037;199.42;18.08;15.72
426085;188.67;19.87;11.18
426135;172.17;21.44;5.84
426187;152.65;22.36;-3.45
426235;136.62;21.27;-12.16
426287;111.82;17.95;-24.83
426335;101.70;13.32;-28.95
426387;107.01;10.56;-31.51
426438;120.67;17.82;-22.28
426485;131.47;22.53;-18.20
426537;137.40;23.00;-10.85
426585;137.80;22.44;-9.94
426637;137.91;22.28;-9.96
426685;137.95;22.07;-9.92
426737;137.97;21.76;-9.92
426785;137.99;21.42;-9.79
426837;138.18;20.88;-9.32
426885;138.70;20.49;-8.67
426939;140.39;19.83;-7.39
426985;143.22;19.42;-7.05
427037;153.63;19.90;-3.73
427085;169.26;19.85;1.35
427137;203.30;16.18;14.81
427185;206.47;13.18;14.61
427237;195.11;13.55;9.98
427285;182.98;15.30;4.65
427337;161.31;17.45;-3.09
427385;144.72;17.15;-10.19
427440;119.74;13.20;-21.43
427485;102.08;9.53;-29.17
427537;96.02;1.32;-28.79
427585;101.78;2.12;-28.67
427637;115.28;9.53;-26.39
427685;123.41;14.28;-24.02
427737;126.16;14.91;-19.37
427785;126.67;14.59;-18.34
427837;126.87;14.49;-17.75
427885;126.91;14.37;-17.61
427939;126.89;14.07;-17.44
427985;127.10;13.69;-16.91
428035;127.65;13.30;-16.00
428087;128.75;12.84;-14.56
428135;129.62;12.54;-13.81
428187;133.34;12.81;-13.59
428235;139.80;14.18;-12.18
428287;157.89;16.38;-7.15
428335;179.02;16.84;3.19
428387;194.41;15.63;9.74
428438;187.33;16.45;8.86
428485;177.47;17.61;4.74
428537;159.99;17.03;-0.43
428585;146.71;15.37;-5.77
428637;128.11;11.63;-13.70
428685;112.97;10.48;-19.01
428737;94.13;7.62;-23.97
428785;90.84;7.14;-25.94
428837;102.64;10.98;-24.94
428885;113.38;15.24;-19.86
428939;121.56;19.00;-16.34
428985;123.55;18.78;-12.44
429037;124.06;18.25;-11.35
429085;124.27;18.00;-10.92
429137;124.63;17.47;-10.10
429185;124.69;17.19;-9.84
429237;124.66;16.87;-9.60
429285;124.79;16.51;-9.05
429337;125.24;15.97;-8.40
429385;125.94;15.45;-7.74
429439;128.09;14.69;-7.27
429485;133.65;14.30;-6.46
429537;148.40;15.13;-1.74
429585;168.36;15.78;4.84
429637;186.57;16.19;6.06
429685;179.43;15.70;6.21
429737;168.14;15.68;2.28
429785;156.62;15.56;-0.29
429837;137.66;15.47;-5.81
429885;123.43;13.88;-10.34
429938;107.12;10.81;-15.43
429985;91.32;7.98;-24.57
430037;84.21;4.04;-29.33
430085;91.52;3.36;-23.84
430137;102.54;8.46;-22.96
430185;108.33;11.81;-21.87
430237;114.20;13.56;-16.71
430285;114.68;13.27;-15.61
430337;114.91;13.43;-15.26
430385;115.09;13.36;-14.85
430439;115.64;13.21;-14.01
430485;116.00;13.09;-13.38
430537;116.70;12.79;-12.20
430585;117.45;12.49;-11.20
430637;119.18;12.31;-10.39
430685;122.60;12.66;-10.01
430737;134.90;13.89;-6.62
430785;152.50;15.87;-2.24
430835;181.63;18.26;5.31
430887;177.07;15.51;3.68
430938;168.45;14.35;0.05
430985;151.64;13.72;-3.39
431037;129.37;13.45;-9.11
431085;112.76;11.28;-14.51
431137;89.65;6.19;-23.34
431185;78.44;0.03;-27.28
431237;76.49;-0.76;-28.13
431285;79.62;0.97;-24.34
431337;103.40;11.84;-19.44
431385;108.05;13.79;-17.63
431439;109.10;13.57;-15.74
431485;109.39;13.38;-15.14
431537;109.43;13.48;-15.20
431585;109.34;13.43;-15.23
431637;109.33;12.96;-14.77
431685;109.53;12.71;-14.16
431737;110.17;12.24;-13.29
431785;111.32;11.78;-12.17
431837;116.18;12.23;-12.41
431885;124.70;13.94;-10.51
431939;146.61;17.71;-4.46
431985;170.96;20.09;4.22
432037;174.36;19.65;4.26
432085;166.75;19.03;1.40
432137;150.52;16.61;-5.93
432185;136.69;13.68;-10.23
432237;117.68;8.83;-16.26
432285;102.94;4.33;-20.31
432337;79.46;-0.28;-26.17
432385;72.57;-4.88;-25.27
432439;79.12;-5.02;-27.05
432485;91.29;3.25;-28.09
432537;99.64;10.66;-27.01
432585;101.42;11.07;-23.74
432637;102.02;10.76;-22.22
432685;102.16;10.64;-21.64
432735;102.17;10.51;-21.23
432787;102.18;10.27;-20.88
432835;102.38;10.00;-20.23
432887;103.26;9.61;-18.92
432938;104.45;9.50;-17.76
432985;106.81;9.60;-16.15
433037;112.84;11.35;-16.01
433085;123.11;13.50;-13.19
433137;148.50;19.02;-4.31
433185;171.18;21.85;4.07
433237;164.73;19.57;-0.25
433285;158.45;16.81;-2.43
433337;143.04;12.17;-8.09
433385;130.12;9.43;-12.36
433439;110.48;4.70;-16.82
433485;95.36;1.32;-19.67
433537;73.49;-0.89;-24.11
433585;62.05;-5.83;-23.75
433637;63.81;-6.07;-29.75
433685;66.90;-6.14;-27.89
433737;80.85;0.34;-19.33
433785;85.15;3.64;-21.74
433837;86.95;4.39;-18.65
433885;86.83;4.64;-18.27
433939;86.71;4.86;-17.87
433985;86.77;4.81;-17.44
434037;86.76;4.65;-16.86
434085;86.80;4.59;-16.46
434137;87.19;4.38;-15.48
434185;87.84;4.08;-14.67
434237;89.59;3.44;-13.68
434285;92.07;3.24;-13.38
434337;100.12;5.01;-13.46
434385;113.75;7.90;-11.34
434439;143.57;14.65;-4.29
434485;154.90;13.81;-0.67
434537;145.87;9.35;-5.22
434585;136.34;5.75;-7.34
434635;121.04;3.67;-9.31
434687;101.26;1.65;-11.73
434735;85.56;-0.10;-13.19
434787;60.09;-1.02;-12.72
434835;50.08;-5.49;-13.45
434887;57.70;-5.12;-15.60
434938;71.21;0.66;-11.25
434985;79.05;4.57;-12.13
435037;80.75;5.43;-9.77
435085;80.87;5.32;-9.23
435137;80.89;5.03;-8.31
435185;80.79;4.94;-7.92
435237;80.72;4.49;-7.02
435285;80.86;4.25;-6.26
435337;81.02;3.97;-5.60
435385;81.38;3.94;-5.43
435440;82.94;3.90;-4.71
435485;86.89;4.40;-5.30
435537;98.81;5.34;-4.43
435585;115.40;5.80;-2.20
435635;142.08;8.13;3.37
435687;141.43;6.67;4.38
435735;133.97;6.85;3.41
435787;119.30;5.94;1.93
435835;106.20;5.52;0.50
435887;86.91;4.89;-3.82
435938;71.01;3.45;-7.97
435985;49.73;2.77;-14.77
436037;38.49;-1.16;-17.97
436085;43.68;-2.57;-19.61
436137;58.73;2.91;-10.80
436185;68.06;6.20;-10.86
436237;70.77;5.72;-5.25
436285;71.04;5.59;-4.27
436337;71.02;5.35;-3.90
436385;70.99;5.05;-3.63
436439;70.93;4.59;-3.30
436485;71.06;4.06;-2.63
436537;71.49;3.61;-1.80
436585;72.11;2.91;-1.20
436635;73.27;2.81;-0.83
436687;78.64;2.03;-1.75
436735;88.24;2.05;-0.31
436787;112.47;2.11;2.06
436835;135.63;4.21;4.59
436887;130.71;2.82;5.02
436938;123.39;2.69;3.78
436985;109.92;2.43;1.56
437037;91.39;2.72;-0.38
437085;77.36;2.53;-3.41
437137;55.51;2.21;-8.44
437185;38.39;2.05;-13.60
437237;29.36;-1.85;-17.28
437285;35.74;-4.58;-15.52
437337;53.16;2.85;-13.53
437385;60.87;6.51;-14.99
437440;61.89;5.89;-11.36
437485;61.99;5.69;-10.50
437537;62.06;5.81;-10.25
437585;62.02;5.73;-9.86
437635;61.87;5.60;-9.55
437687;61.93;5.22;-8.62
437735;62.11;5.08;-8.08
437787;62.88;4.51;-7.30
437835;64.11;4.32;-6.34
437887;70.15;4.31;-6.98
437938;81.13;4.78;-4.82
437985;102.54;5.04;-2.70
438037;130.26;7.19;2.89
438085;124.46;6.73;3.11
438137;113.24;6.98;0.94
438185;100.98;6.50;-0.10
438237;81.95;6.50;-2.74
438285;67.66;5.77;-5.95
438337;45.57;3.95;-12.32
438385;30.87;2.37;-18.12
438716;23.21;-0.70;-17.67
438764;23.25;-0.50;-17.11
438816;23.25;-0.41;-16.22
438864;23.31;-0.37;-15.63
438914;23.44;-0.27;-14.87
438966;23.80;-0.00;-14.28
439014;24.34;-0.12;-13.71
439066;28.63;-0.77;-12.89
439114;37.40;0.19;-11.88
439168;58.47;3.50;-10.70
439214;81.54;8.93;-6.50
439266;83.92;9.27;-8.00
439314;77.40;8.80;-8.94
439366;61.70;7.46;-13.78
439414;48.57;5.45;-14.93
439466;31.58;1.61;-16.89
439514;19.15;-2.43;-19.82
439566;359.47;-6.84;-25.03
439614;349.05;-11.47;-21.94
439669;353.81;-12.65;-24.05
439714;10.09;-7.32;-22.77
439766;20.01;-1.35;-21.65
439814;21.49;-1.11;-18.96
439866;21.56;-0.95;-18.11
439914;21.56;-0.58;-17.96
439966;21.36;-0.15;-17.84
440014;21.28;-0.01;-17.47
440066;21.26;-0.04;-16.50
440114;21.40;-0.08;-15.80
440168;21.93;0.12;-15.04
440214;23.10;0.36;-14.91
440266;29.97;1.72;-14.56
440314;41.74;4.95;-13.40
440366;70.62;14.02;-7.28
440414;86.81;18.63;-5.65
440466;76.06;14.62;-5.36
440514;65.99;12.84;-10.00
440566;47.38;8.75;-12.31
440614;33.29;6.08;-14.99
440668;11.63;-0.09;-18.24
440714;352.04;-2.75;-20.10
440766;337.66;-7.45;-18.74
440814;339.07;-7.93;-21.26
440864;353.00;-1.01;-17.56
440916;2.68;5.61;-19.57
440964;4.73;7.03;-17.74
441016;4.78;6.95;-17.15
441064;4.77;6.88;-16.77
441116;4.72;6.59;-16.34
441167;4.92;6.29;-15.75
441214;5.16;6.24;-15.32
441266;5.74;6.02;-14.71
441314;6.79;5.75;-14.14
441366;9.97;5.85;-13.55
441414;15.89;7.08;-13.80
441466;33.03;10.72;-10.29
441514;54.74;16.19;-4.56
441566;75.84;20.99;0.07
441614;70.11;18.99;-1.45
441668;57.23;12.32;-5.84
441714;45.52;7.09;-9.61
441766;26.02;3.19;-14.92
441814;9.83;0.30;-17.49
441864;349.15;-2.60;-16.51
441916;328.09;-8.80;-16.25
441964;326.85;-11.74;-19.43
442016;335.67;-6.95;-20.46
442064;347.58;-2.58;-15.68
442116;355.60;2.58;-16.38
442167;356.50;2.90;-14.82
442214;356.52;2.97;-14.29
442266;356.62;3.20;-13.98
442314;356.63;3.23;-13.64
442366;356.71;2.82;-12.91
442414;356.90;2.65;-12.32
442466;357.47;2.37;-11.57
442514;358.34;2.44;-11.08
442566;1.37;2.35;-10.63
442614;7.66;3.89;-11.29
442668;26.35;7.70;-7.33
442714;50.14;12.37;-1.14
442766;66.60;15.04;2.91
442814;57.62;13.67;2.22
442866;43.58;12.29;-2.73
442914;29.60;9.69;-4.39
442966;9.43;5.95;-8.76
443014;354.58;1.94;-11.10
443066;330.17;-1.97;-14.00
443114;319.32;-6.18;-13.31
443168;321.56;-7.40;-15.84
443214;334.91;-1.69;-15.25
443266;344.02;5.42;-18.34
443314;349.00;9.10;-16.10
443366;349.69;9.27;-15.79
443414;350.00;9.18;-15.11
443466;350.31;8.91;-13.98
443514;350.40;8.70;-13.45
443566;350.65;7.99;-12.34
443614;350.94;7.36;-11.40
443668;351.64;6.92;-10.80
443714;353.11;6.70;-10.25
443764;357.71;7.48;-9.95
443816;11.27;9.97;-7.39
443864;29.73;12.91;-4.16
443916;59.90;18.44;3.24
443964;55.87;16.51;2.18
444016;43.49;14.09;-1.41
444064;30.67;10.81;-3.57
444116;10.92;7.43;-6.75
444167;356.46;4.72;-9.73
444214;336.52;0.52;-13.77
444266;316.38;-5.23;-20.75
444314;311.68;-7.56;-24.97
444366;323.78;-1.64;-19.45
444414;334.85;4.25;-16.91
444466;342.93;8.55;-13.42
444514;343.59;8.01;-12.14
444566;343.70;7.65;-11.14
444614;343.73;7.66;-10.95
444668;343.94;7.46;-10.23
444714;344.04;7.22;-9.65
444766;344.27;6.97;-8.89
444814;344.59;6.92;-8.65
444866;345.38;6.91;-8.14
444914;347.49;6.92;-7.85
444966;357.16;7.76;-5.79
445014;10.60;9.09;-3.13
445066;40.67;13.03;3.54
445114;53.39;13.78;4.91
445168;42.86;12.04;4.42
445214;31.37;11.53;-0.34
445266;12.48;8.85;-2.73
445314;358.14;7.11;-5.72
445366;337.18;2.42;-10.87
445414;320.97;-0.23;-15.34
445466;306.08;-5.65;-17.25
445514;309.08;-6.61;-21.67
445566;328.03;-1.40;-16.53
445614;337.59;3.67;-16.06
445668;341.54;4.37;-10.18
445714;341.99;4.12;-8.68
445766;342.26;4.43;-7.96
445814;342.30;4.66;-7.69
445866;342.20;4.89;-7.39
445914;342.09;4.95;-7.08
445966;342.16;4.92;-6.29
446014;342.52;4.95;-5.67
446066;343.74;4.98;-4.85
446114;346.51;4.84;-4.65
446168;356.38;5.57;-3.28
446214;11.70;7.68;-1.31
446266;42.68;13.03;5.31
446314;48.33;13.45;5.12
446366;36.43;11.90;3.29
446414;24.58;9.71;-0.29
446466;5.29;6.89;-2.51
446514;350.19;5.26;-5.58
446566;327.61;1.86;-9.32
446614;310.48;-0.04;-16.05
446668;299.31;-5.42;-17.83
446714;306.15;-6.55;-16.25
446766;322.07;0.44;-12.15
446814;330.12;4.76;-13.79
446866;331.72;3.94;-7.47
446914;331.80;3.55;-6.49
446966;331.89;3.61;-6.38
447014;331.87;3.67;-6.43
447066;331.76;3.45;-6.27
447114;331.83;3.11;-5.63
447168;332.22;3.01;-5.03
447214;332.84;2.72;-4.61
447266;334.78;2.01;-4.33
447314;339.82;1.83;-4.70
447366;354.70;3.77;-2.56
447414;12.41;6.73;-0.66
447466;40.71;15.17;3.33
447514;36.90;13.62;4.32
447566;27.21;11.08;1.52
447614;16.20;7.89;-0.90
447667;0.07;4.62;-4.65
447714;343.68;0.26;-8.04
447766;320.95;-3.70;-11.53
447814;302.14;-4.47;-13.17
447866;293.12;-8.97;-9.78
447914;302.89;-7.73;-9.58
447966;317.39;-1.32;-11.56
448014;323.21;2.51;-11.86
448066;326.62;3.66;-9.50
448114;327.20;3.21;-7.89
448168;327.34;3.13;-6.52
448214;327.35;2.97;-5.81
448266;327.57;2.89;-5.08
448314;327.82;2.75;-4.63
448366;328.43;2.92;-3.89
448414;329.22;3.11;-3.27
448466;330.76;3.40;-2.59
448514;333.97;3.87;-2.19
448566;345.37;4.11;-0.07
448614;1.44;5.46;0.63
448667;29.21;11.10;7.17
448714;31.29;10.92;6.79
448766;21.09;9.05;6.33
448814;10.41;7.63;4.06
448866;351.49;5.84;1.77
448914;337.99;4.54;-0.51
448966;318.26;2.10;-4.96
449014;300.87;0.58;-10.50
449066;287.54;-4.19;-11.94
449114;289.56;-3.95;-15.61
449168;302.85;2.06;-11.18
449214;310.78;7.45;-9.66
449266;313.57;8.97;-6.31
449314;313.96;8.72;-5.71
449366;314.44;8.31;-5.15
449414;314.62;8.02;-5.01
449466;314.86;7.28;-4.29
449514;315.10;6.65;-3.60
449566;315.73;5.83;-2.71
449614;316.10;5.33;-2.09
449667;317.39;4.98;-2.43
449714;321.08;4.98;-2.38
449766;330.28;5.61;0.22
449814;341.66;6.52;2.24
449866;8.36;10.78;7.79
449914;28.05;14.52;9.00
449966;20.10;11.14;3.39
450014;13.47;7.67;0.89
450066;359.59;5.40;-2.37
450114;346.85;4.98;-4.19
450168;328.95;4.01;-6.25
450214;315.20;2.84;-8.01
450266;295.86;0.44;-12.38
450314;283.49;-5.50;-12.49
450366;281.24;-10.46;-14.20
450414;289.75;-8.04;-9.39
450466;302.85;-1.86;-9.52
450514;308.03;-0.20;-6.45
450566;308.99;0.45;-5.19
450614;309.07;0.99;-4.90
450669;308.87;1.70;-5.08
450714;308.69;1.96;-5.06
450766;308.40;2.17;-4.74
450814;308.32;2.37;-4.41
450866;308.47;2.58;-4.01
450914;309.08;2.24;-3.27
450966;310.84;1.88;-2.81
451014;314.99;2.29;-3.11
451066;327.43;4.78;-1.87
451114;343.25;9.43;-0.50
451168;14.52;18.13;5.41
451214;14.46;16.68;1.92
451266;5.22;12.84;1.19
451314;354.22;11.39;-1.47
451366;334.48;10.48;-4.26
451414;319.37;9.03;-6.18
451466;301.64;5.92;-8.71
451514;284.88;2.21;-13.88
451566;271.61;-5.06;-15.28
451614;270.89;-6.65;-16.98
451668;282.26;-1.57;-12.35
451714;289.00;2.68;-12.78
451766;295.69;6.01;-10.57
451814;298.58;6.92;-7.53
451866;299.16;6.43;-5.85
451914;299.43;6.13;-4.92
451966;299.66;5.68;-3.91
452014;299.79;5.53;-3.20
452066;299.72;5.21;-2.60
452114;299.68;5.15;-2.38
452168;299.92;5.28;-2.25
452214;300.28;5.00;-2.11
452266;301.31;5.10;-1.28
452314;304.67;4.70;-1.17
452366;318.21;4.49;0.74
452414;334.69;5.90;3.30
452466;4.30;11.07;7.47
452514;2.63;10.21;3.29
452566;354.44;8.36;1.64
452614;343.43;7.69;0.69
452668;326.50;8.27;-0.49
452714;313.01;8.16;-2.21
452766;296.13;6.83;-6.06
452814;283.91;5.90;-10.76
452866;265.73;-0.92;-15.00
452914;263.59;-2.26;-17.48
452966;269.66;-1.52;-10.50
453014;282.02;5.07;-9.04
453066;290.61;10.45;-9.43
453114;292.01;10.69;-6.76
453168;292.65;10.28;-5.60
453214;293.01;10.03;-5.02
453266;293.10;9.86;-4.67
453314;293.04;9.71;-4.58
453366;293.03;9.25;-3.98
453414;292.96;8.91;-3.63
453466;292.99;8.58;-3.24
453514;293.04;7.96;-3.10
453564;293.96;7.73;-2.08
453616;298.55;7.86;-2.54
453667;306.94;8.71;-1.27
453714;324.95;11.53;1.03
453766;353.54;16.71;6.22
453814;355.64;15.69;2.06
453866;347.07;11.95;0.79
453914;337.62;10.49;0.05
453966;320.17;10.99;0.20
454014;306.12;12.28;-1.29
454066;285.91;13.12;-4.83
454114;269.02;10.30;-4.65
454168;252.51;-0.30;-15.88
454214;253.74;-3.26;-20.61
454266;264.42;4.34;-13.51
454314;272.27;8.02;-11.47
454366;277.12;12.26;-10.17
454414;277.64;12.02;-10.24
454466;278.00;11.88;-9.43
454514;278.05;11.80;-9.15
454566;277.71;11.39;-8.92
454614;277.50;10.96;-8.45
454668;277.17;10.82;-8.51
454714;277.03;10.54;-8.58
454766;277.93;9.88;-7.87
454814;279.68;9.45;-7.01
454866;285.50;10.26;-7.05
454914;293.64;11.73;-6.19
454966;314.86;17.20;-1.87
455014;337.03;24.53;3.73
455066;340.78;23.50;2.70
455114;334.98;20.87;0.29
455168;321.03;15.66;-5.03
455214;307.61;11.77;-7.31
455266;289.31;7.09;-10.72
455314;274.07;1.82;-13.55
455366;254.06;-4.13;-21.79
455414;244.58;-9.71;-17.95
455464;246.27;-7.60;-15.88
455516;256.20;-2.92;-15.71
455564;264.80;2.19;-16.23
455616;266.88;2.11;-10.29
455667;267.16;2.24;-9.21
455714;267.20;2.58;-8.89
455766;267.04;2.71;-8.36
455814;266.95;2.76;-7.94
455866;266.80;2.70;-7.06
455914;266.79;2.73;-6.39
455966;266.80;3.00;-5.90
456014;266.76;3.16;-5.55
456066;266.64;3.43;-5.55
456114;266.68;3.76;-5.50
456168;266.83;3.58;-6.50
456214;272.44;4.59;-7.88
456266;288.28;10.08;-9.20
456314;297.63;15.06;-14.09
456366;298.58;11.05;-15.20
456414;294.58;6.44;-16.99
456464;284.99;0.05;-18.07
456516;271.94;-3.53;-15.96
456564;262.61;-2.16;-14.45
456616;262.71;-8.48;-9.84
456667;262.90;-8.16;-6.46
456714;263.50;-6.98;-5.47
456766;263.56;-6.31;-4.61
456814;263.35;-5.84;-4.35
456866;263.00;-5.16;-4.16
456914;262.57;-4.76;-3.96
456966;262.21;-4.10;-3.70
457014;261.92;-3.64;-3.47
457066;261.41;-3.01;-3.24
457114;261.00;-2.58;-3.05
457168;260.24;-2.41;-2.49
457214;260.00;-1.94;-2.24
457266;259.57;-1.39;-1.92
457314;259.25;-0.92;-1.74
457364;258.78;-0.41;-1.48
457416;258.26;0.15;-1.18
457464;257.97;0.35;-0.86
457516;257.57;0.92;-0.54
457564;257.30;1.26;-0.20
457616;256.88;1.57;-0.09
457667;256.61;1.61;0.05
457714;256.25;1.67;-0.01
457766;255.87;1.35;0.05
457814;255.65;1.21;0.03
457864;255.34;1.49;0.06
457916;255.04;1.30;0.03
457964;254.84;1.78;0.23
458016;254.50;1.69;0.17
458064;254.26;1.91;0.20
458116;253.88;1.77;0.11
458167;253.62;1.56;0.19
458214;253.29;1.64;0.26
458266;252.91;1.73;0.21
458314;252.60;1.80;0.09
458366;252.06;1.87;-0.03
458414;251.78;1.60;0.12
458466;251.42;1.19;0.19
458514;251.18;1.29;0.02
458566;250.85;1.61;0.04
458614;250.59;1.28;0.04
458945;248.16;-0.04;-0.57
458993;247.86;0.42;-0.38
459045;247.41;1.10;-0.21
459093;247.04;0.92;-0.09
459145;246.66;1.21;-0.06
459193;246.36;1.04;-0.02
459245;245.93;1.08;0.01
459293;245.66;1.24;-0.02
459345;245.27;0.97;-0.10
459396;244.98;1.26;-0.04
459443;244.60;1.09;-0.02
459495;244.18;0.95;0.03
459543;243.88;0.87;-0.25
459595;243.47;0.85;0.11
459643;243.17;0.85;-0.34
459693;242.77;1.06;-0.20
459745;242.42;0.77;-0.09
459793;242.18;0.65;-0.11
459845;241.80;0.75;-0.25
459896;241.50;0.81;-0.32
459943;241.18;0.47;-0.08
459995;240.83;0.46;0.00
460043;240.57;0.71;-0.06
460095;240.22;0.66;-0.09
460143;239.96;0.80;-0.21
460195;239.61;0.85;-0.00
460243;239.34;0.57;-0.22
460295;238.98;0.69;-0.23
460343;238.72;0.75;-0.11
460397;238.34;0.70;-0.22
460443;238.06;1.08;-0.14
460495;237.70;0.70;-0.29
460543;237.44;0.72;-0.19
460595;237.09;0.97;-0.19
460643;236.82;0.67;-0.16
460695;236.46;0.84;-0.19
460743;236.20;0.71;-0.12
460795;235.84;0.71;-0.23
460843;235.58;0.89;-0.14
460898;235.23;0.76;-0.06
460943;234.96;1.12;-0.07
460995;234.62;0.89;-0.21
461043;234.35;0.85;-0.15
461095;233.99;0.66;-0.19
461143;233.74;0.77;-0.20
461195;233.45;0.71;-0.15
461243;233.24;1.03;-0.24
461295;232.89;1.05;-0.16
461343;232.63;1.06;-0.04
461397;232.27;0.91;-0.10
461443;232.00;0.83;-0.09
461495;231.67;0.92;-0.15
461543;231.42;0.93;-0.02
461595;231.04;0.84;-0.06
461643;230.80;0.78;-0.17
461695;230.51;1.19;-0.09
461743;230.28;1.22;-0.03
461795;229.96;1.11;-0.16
461843;229.74;1.30;-0.11
461898;229.41;1.44;0.03
461943;229.17;1.28;-0.08
461995;228.89;1.03;-0.11
462043;228.69;1.30;-0.08
462095;228.43;1.48;-0.02
462143;228.21;1.41;-0.04
462195;227.87;1.47;0.02
462243;227.64;1.47;0.18
462295;227.27;1.31;0.10
462343;227.04;1.25;0.02
462397;226.69;1.67;0.14
462443;226.42;1.51;0.06
462495;226.03;1.76;0.18
462543;225.75;1.63;0.11
462595;225.31;1.53;-0.06
462643;225.02;1.36;0.16
462695;224.63;1.31;0.11
462743;224.31;1.51;0.05
462795;223.85;1.30;-0.02
462843;223.49;1.50;0.10
462897;222.90;1.45;-0.33
462943;222.52;1.33;-0.24
462995;222.01;1.27;-0.32
463043;221.62;1.17;-0.55
463095;221.14;0.81;-0.63
463143;220.84;0.49;-0.80
463195;220.51;0.75;-0.58
463243;220.27;0.67;-0.90
463295;220.16;0.46;-0.89
463343;220.52;0.35;-0.69
463397;223.10;1.08;-1.71
463443;230.17;1.12;1.16
463495;236.03;1.79;1.54
463543;235.86;4.37;3.82
463595;231.63;9.29;3.73
463643;225.39;10.24;1.81
463695;218.46;7.22;-0.84
463743;215.13;5.88;-2.73
463795;206.69;5.58;-5.46
463843;200.30;4.33;-4.52
463897;198.52;1.71;-3.21
463943;206.54;1.13;-3.03
463995;214.57;2.39;-0.22
464043;216.49;3.23;1.24
464095;216.64;4.09;1.08
464143;216.34;3.90;0.63
464195;215.89;3.45;0.39
464243;215.63;2.99;0.67
464295;215.50;2.55;1.06
464343;215.49;2.40;1.10
464397;215.33;2.56;1.22
464443;215.23;2.59;1.22
464495;215.10;2.52;1.47
464543;215.04;2.31;1.37
464595;215.14;2.28;1.06
464643;215.55;2.31;0.94
464695;218.15;1.69;0.52
464743;224.74;1.61;1.19
464795;240.37;3.92;0.72
464843;256.10;8.14;1.09
464897;267.10;15.62;-0.74
464943;266.55;18.03;3.34
464995;262.31;14.85;0.91
465043;255.83;10.78;-0.98
465095;243.08;10.39;-0.46
465143;232.78;10.36;0.47
465195;218.74;10.42;-0.72
465243;208.58;11.59;-3.56
465295;197.75;12.98;-8.43
465343;189.39;12.12;-12.21
465397;179.74;8.46;-15.93
465443;177.53;6.65;-15.69
465495;180.94;6.25;-9.56
465543;193.62;9.04;-6.69
465595;204.00;12.08;-5.91
465643;206.94;13.07;-3.77
465695;207.13;13.03;-3.26
465743;207.06;12.74;-3.00
465795;206.68;12.27;-3.01
465843;206.51;11.88;-2.85
465898;206.25;11.15;-2.30
465943;206.05;10.57;-1.94
465995;205.85;10.08;-1.96
466043;205.74;9.90;-2.22
466095;205.75;9.33;-2.15
466143;205.86;8.94;-2.06
466195;206.33;8.41;-2.04
466243;206.93;8.28;-1.79
466295;211.54;8.74;-0.99
466343;220.88;8.12;0.76
466397;242.86;9.07;4.95
466443;263.76;11.54;7.77
466495;265.35;11.65;3.80
466543;260.38;11.72;1.85
466593;250.17;11.88;-1.16
466645;234.13;10.70;-5.43
466693;223.27;8.59;-7.58
466745;209.10;3.96;-11.26
466793;198.72;1.93;-15.68
466845;182.06;-4.61;-16.91
466896;180.99;-11.64;-14.66
466943;186.33;-14.25;-21.79
466995;199.15;-9.73;-18.07
467043;205.62;-5.07;-17.18
467095;208.68;-3.93;-12.60
467143;208.89;-4.06;-11.55
467195;208.96;-3.56;-11.00
467243;208.90;-3.04;-10.86
467295;208.71;-2.34;-10.71
467343;208.58;-1.89;-10.53
467397;208.37;-1.32;-10.23
467443;208.28;-0.86;-9.94
467495;208.19;-0.28;-9.65
467543;208.19;0.26;-9.42
467595;208.16;0.91;-9.22
467643;208.56;1.31;-9.23
467695;210.95;2.22;-9.76
467743;214.67;3.08;-10.29
467795;224.05;6.10;-9.29
467843;234.89;11.99;-10.10
467898;257.50;29.17;-15.25
467943;258.24;35.75;-25.08
467995;251.38;34.13;-26.59
468043;245.92;25.82;-33.46
468095;236.33;12.54;-38.48
468143;228.01;2.35;-40.43
468195;214.72;-12.44;-41.74
468243;203.11;-23.89;-37.72
468295;186.05;-43.77;-31.08
468343;186.16;-50.91;-36.35
468397;199.37;-45.39;-36.15
468443;206.22;-38.82;-39.26
468495;211.64;-30.91;-42.92
468543;212.16;-30.15;-41.15
468595;212.09;-29.77;-40.31
468643;211.65;-29.51;-40.10
468695;211.28;-29.21;-39.49
468743;211.06;-28.99;-39.05
468795;210.94;-28.63;-38.23
468843;211.04;-28.48;-37.51
468897;210.88;-28.16;-36.96
468943;210.81;-27.99;-36.44
468995;210.92;-27.37;-36.14
469043;212.79;-26.43;-36.63
469095;220.48;-21.04;-39.38
469143;227.22;-12.20;-43.26
469195;238.01;11.18;-43.08
469243;243.48;27.12;-46.12
469295;242.08;18.48;-48.79
469343;240.22;11.87;-52.49
469397;235.40;-1.49;-52.74
469443;229.68;-11.81;-53.66
469495;221.32;-27.43;-52.03
469543;211.51;-38.70;-48.40
469595;188.74;-52.89;-32.20
469643;179.90;-62.74;-25.49
469695;194.80;-61.24;-42.00
469743;205.48;-50.81;-47.65
469795;211.18;-39.70;-52.12
469843;212.24;-37.70;-50.39
469898;212.10;-37.04;-50.02
469943;211.74;-36.62;-49.77
469995;211.18;-36.44;-49.29
470043;210.84;-36.50;-48.85
470095;210.24;-36.45;-48.16
470143;209.78;-36.35;-47.85
470195;209.67;-36.18;-47.48
470243;209.94;-35.43;-47.68
470295;211.83;-33.25;-48.75
470343;215.36;-28.77;-50.78
470398;222.70;-14.42;-53.55
470443;229.19;3.96;-53.68
470495;232.88;23.35;-64.58
470543;234.67;17.83;-64.94
470595;236.17;8.46;-64.50
470643;234.40;-1.71;-63.17
470695;227.37;-16.28;-59.71
470743;220.05;-27.27;-55.61
470795;208.93;-40.34;-49.02
470843;200.03;-47.91;-44.64
470898;177.24;-62.10;-33.60
470943;176.21;-64.77;-33.21
470995;185.24;-57.62;-34.01
471043;198.15;-45.64;-44.86
471095;201.74;-38.97;-46.14
471145;202.71;-38.28;-44.98
471193;202.89;-37.80;-44.53
471245;202.86;-37.27;-44.04
471293;202.65;-37.05;-43.69
471345;202.48;-36.89;-42.97
471396;202.29;-36.76;-42.40
471443;201.77;-36.28;-42.20
471495;201.55;-35.67;-41.88
471543;201.78;-34.69;-41.86
471595;205.28;-30.41;-43.65
471643;211.57;-23.27;-45.85
471695;224.68;-4.58;-47.96
471743;233.52;15.43;-47.69
471795;235.49;15.50;-53.16
471843;234.39;9.67;-53.11
471897;228.67;-1.84;-53.24
471943;221.08;-12.32;-50.76
471993;210.98;-23.21;-46.68
472045;196.67;-36.18;-39.49
472093;182.89;-44.34;-34.87
472145;158.29;-57.25;-19.57
472193;156.25;-59.89;-19.09
472245;171.12;-55.37;-24.91
472293;182.57;-45.15;-33.15
472345;189.49;-38.62;-36.72
472396;190.32;-38.11;-35.85
472443;190.19;-37.70;-35.46
472495;189.75;-37.16;-35.25
472543;189.25;-36.75;-35.07
472595;188.92;-36.56;-34.45
472643;188.67;-36.36;-33.99
472695;188.16;-35.83;-33.71
472743;187.95;-35.61;-33.40
472795;187.89;-34.69;-33.41
472843;189.69;-32.92;-34.59
472896;195.93;-27.35;-36.97
472943;207.21;-14.34;-42.06
472995;223.38;10.16;-39.25
473043;230.84;17.22;-41.05
473095;229.79;7.72;-45.52
473143;226.57;0.44;-46.54
473195;214.36;-11.51;-44.50
473243;202.48;-20.60;-39.83
473295;183.11;-33.53;-31.51
473343;163.32;-42.76;-21.43
473397;139.56;-51.28;-6.92
473443;137.60;-50.95;-10.22
473495;160.97;-44.59;-17.45
473543;167.93;-38.52;-23.51
473595;173.89;-32.18;-26.47
473643;174.25;-31.10;-26.23
473695;173.73;-30.44;-25.81
473743;173.38;-29.96;-25.66
473793;172.84;-29.59;-25.22
473845;172.28;-29.32;-24.51
473896;172.07;-29.17;-23.80
473943;171.83;-28.70;-23.62
473995;172.20;-28.39;-23.08
474043;173.05;-27.61;-23.32
474095;177.46;-25.00;-26.07
474143;184.08;-20.58;-28.95
474195;198.93;-6.51;-33.34
474243;211.79;11.63;-34.63
474295;218.10;17.86;-42.55
474343;216.63;10.11;-40.87
474397;209.54;-1.92;-41.05
474443;200.13;-12.01;-37.40
474495;184.50;-21.36;-31.00
474543;170.48;-28.03;-23.42
474595;149.12;-34.74;-16.02
474643;135.36;-41.51;-9.60
474693;130.74;-43.42;-12.76
474745;153.85;-36.85;-19.16
474793;162.04;-30.62;-23.86
474845;166.84;-27.23;-24.05
474896;167.20;-26.98;-23.09
474943;166.91;-26.59;-22.70
474995;166.46;-26.17;-22.22
475043;166.20;-25.99;-21.60
475095;165.93;-25.75;-20.86
475143;165.70;-25.45;-20.46
475195;165.26;-24.81;-20.12
475243;165.03;-24.30;-20.13
475295;165.36;-23.28;-20.08
475343;167.34;-21.41;-21.09
475397;177.73;-15.49;-23.80
475443;191.90;-5.75;-27.30
475495;214.05;12.44;-22.85
475543;217.65;8.74;-22.46
475593;214.09;1.67;-28.37
475645;203.60;-5.13;-29.11
475693;191.03;-10.39;-26.94
475745;170.58;-16.97;-20.50
475793;153.86;-22.54;-13.07
475845;127.42;-31.91;-0.91
475896;116.37;-36.68;-0.09
475943;121.40;-35.42;0.30
475995;145.24;-27.42;-13.01
476043;152.27;-21.86;-19.97
476095;157.57;-16.22;-20.52
476143;157.77;-15.28;-20.18
476195;157.55;-14.46;-19.94
476243;157.53;-14.09;-19.52
476295;157.35;-13.74;-18.76
476343;157.20;-13.59;-18.16
476397;157.12;-13.58;-16.35
476443;156.48;-13.08;-16.42
476495;156.50;-12.68;-15.96
476543;157.14;-11.83;-16.20
476595;161.11;-9.72;-16.96
476643;168.54;-6.17;-17.96
476695;188.56;4.81;-19.24
476743;206.98;18.18;-17.62
476795;207.58;16.99;-17.95
476843;201.05;12.92;-20.20
476897;188.78;3.71;-19.39
476943;176.91;-3.14;-17.90
476995;160.93;-11.41;-14.56
477043;148.18;-15.40;-12.49
477095;130.37;-18.72;-10.67
477143;117.31;-22.46;-7.21
477195;135.13;-18.52;-11.71
477243;143.96;-12.96;-13.56
477295;148.74;-8.91;-13.34
477343;149.22;-8.37;-12.34
477396;149.15;-7.81;-12.01
477443;149.05;-7.14;-11.96
477495;148.82;-6.45;-11.95
477543;148.78;-6.16;-11.60
477595;148.82;-5.65;-11.17
477643;148.89;-5.22;-10.84
477695;149.30;-4.62;-10.41
477743;150.15;-4.09;-10.39
477795;154.53;-2.90;-10.28
477843;162.04;-0.55;-10.30
477898;181.86;7.59;-9.30
477943;201.74;22.24;-7.50
477995;203.46;22.13;-12.61
478043;198.74;16.83;-12.32
478095;187.19;8.11;-16.23
478143;176.60;1.88;-16.27
478195;160.23;-5.12;-15.89
478243;146.10;-10.65;-15.49
478293;127.29;-14.49;-13.66
478345;112.88;-19.63;-11.71
478396;114.56;-19.42;-14.53
478443;128.09;-12.85;-11.81
478495;139.64;-6.49;-14.49
478543;141.26;-6.56;-10.24
478595;141.54;-6.24;-9.41
478643;141.48;-5.70;-9.27
478695;141.34;-5.10;-8.97
478743;141.18;-4.81;-8.59
478795;140.91;-4.46;-7.88
478843;140.67;-4.05;-7.55
479174;251.06;6.31;23.29
479222;255.70;5.65;18.46
479274;247.20;3.76;19.45
479322;237.71;4.56;18.15
479374;221.03;7.67;17.89
479422;208.84;10.89;16.57
479474;188.94;13.41;11.67
479522;175.78;14.81;4.34
479574;157.43;10.76;-1.91
479625;155.28;9.50;-2.85
479672;162.10;9.51;2.05
479724;179.16;13.22;6.72
479772;185.74;15.28;7.50
479824;186.55;15.14;8.11
479872;186.44;14.81;7.94
479924;186.28;14.61;7.12
479972;186.05;14.46;6.52
480024;185.65;14.24;5.67
480072;185.32;14.03;5.17
480126;184.91;13.92;4.32
480172;184.76;13.92;3.49
480224;185.24;13.45;3.50
480272;187.06;13.08;3.61
480324;193.83;12.83;3.58
480372;204.76;13.51;4.44
480424;231.66;16.77;11.32
480472;250.19;14.28;19.97
480524;243.26;10.66;15.34
480572;236.96;9.74;11.69
480626;219.32;10.52;8.87
480672;204.00;11.44;6.84
480724;183.11;11.46;1.78
480772;163.54;10.60;-1.55
480824;143.04;3.01;-6.16
480872;144.13;-0.57;-11.57
480924;153.12;7.25;-9.26
480972;167.40;12.63;-4.46
481024;174.33;17.73;-6.06
481072;175.87;17.52;-4.59
481127;176.79;16.70;-2.39
481172;177.00;16.33;-1.83
481224;176.98;15.87;-1.59
481272;176.87;15.38;-1.42
481324;176.63;14.77;-1.19
481372;176.56;14.37;-1.30
481424;177.21;13.50;-0.95
481474;179.29;12.55;-0.51
481522;183.42;12.41;-0.63
481574;196.53;13.13;1.17
481625;214.12;16.30;4.03
481672;240.39;25.04;9.40
481724;237.16;22.49;9.10
481772;229.86;18.80;5.55
481824;215.16;12.77;1.52
481872;201.91;10.28;0.00
481924;183.36;8.06;-1.96
481972;169.43;6.53;-4.54
482024;147.53;1.30;-12.15
482072;139.99;-4.48;-13.03
482126;145.74;-4.70;-12.27
482172;157.32;2.30;-10.50
482224;168.91;9.67;-12.56
482272;172.23;10.41;-8.47
482324;172.96;10.07;-6.72
482372;173.13;10.02;-6.32
482422;173.17;9.90;-5.88
482474;173.06;9.62;-5.48
482522;172.94;9.33;-4.80
482574;172.83;9.09;-4.24
482625;172.86;8.86;-3.84
482672;173.27;8.48;-3.11
482724;175.44;8.31;-2.58
482772;181.11;8.22;-1.72
482824;198.90;10.09;-0.16
482872;219.16;14.03;5.59
482924;239.35;18.87;6.06
482972;231.98;16.73;6.09
483024;221.29;15.69;2.49
483072;209.05;13.70;1.17
483126;190.50;12.42;-1.04
483172;175.97;10.31;-3.31
483224;156.79;6.24;-7.55
483272;143.01;2.66;-13.30
483324;136.66;-1.14;-14.69
483372;144.10;0.43;-11.33
483424;157.62;8.10;-9.15
483472;164.03;12.31;-8.19
483524;165.31;12.60;-6.21
483572;165.37;12.48;-5.92
483626;165.31;12.34;-5.93
483672;165.23;12.23;-5.96
483724;165.15;11.90;-5.75
483772;165.16;11.64;-5.42
483824;165.30;11.51;-5.24
483872;165.64;11.09;-4.70
483924;167.56;10.71;-4.30
483972;171.85;11.08;-4.14
484024;185.56;12.77;-2.72
484072;203.30;16.96;1.40
484126;232.92;24.30;9.43
484172;228.29;22.45;5.82
484224;218.13;17.88;2.12
484272;207.50;13.61;-0.68
484322;192.67;9.72;-3.30
484374;174.94;5.29;-5.88
484422;162.49;2.02;-7.88
484474;140.07;-3.29;-13.36
484522;130.11;-5.61;-14.63
484574;136.95;-3.46;-13.29
484625;148.48;0.48;-13.91
484672;159.47;8.06;-12.47
484724;162.01;8.46;-9.46
484772;162.16;8.32;-8.69
484824;162.09;8.41;-8.27
484872;161.86;8.44;-8.25
484924;161.70;8.10;-7.71
484972;161.72;7.87;-7.08
485024;161.89;7.57;-6.22
485072;161.99;7.30;-5.69
485126;162.96;7.18;-4.97
485172;166.55;7.58;-5.16
485224;177.42;9.67;-4.20
485272;192.48;12.39;-2.36
485322;219.31;18.99;9.36
485374;224.90;17.34;6.23
485422;218.73;14.60;4.06
485474;204.76;11.89;-0.81
485522;191.99;10.55;-1.94
485574;173.38;9.27;-3.23
485625;158.64;7.54;-4.97
485672;136.61;4.60;-5.17
485724;122.93;-3.44;-9.45
485772;127.01;-4.97;-13.54
485824;141.61;1.06;-12.66
485872;149.96;8.19;-13.39
485924;151.45;8.63;-9.36
485972;151.76;8.69;-8.92
486024;151.96;8.97;-8.61
486072;151.90;9.05;-8.43
486126;151.69;8.82;-7.98
486172;151.41;8.68;-7.69
486224;151.36;8.71;-7.23
486272;151.20;8.44;-6.86
486324;151.83;8.16;-6.40
486372;153.93;8.02;-6.23
486424;163.04;9.33;-5.44
486472;177.01;11.93;-3.86
486524;207.49;17.86;6.20
486572;215.30;13.23;15.15
486626;207.18;8.45;5.89
486672;199.96;7.11;0.99
486724;182.79;4.78;-1.92
486772;168.61;3.83;-3.14
486824;144.27;0.97;-5.78
486872;125.07;-2.05;-6.52
486924;112.41;-10.37;-10.57
486972;116.81;-9.89;-12.61
487024;132.55;-3.03;-6.35
487072;135.82;1.98;-11.96
487126;140.78;8.02;-11.35
487172;141.33;8.81;-11.17
487222;141.51;8.96;-10.25
487274;141.66;8.97;-9.37
487322;141.57;8.84;-8.76
487374;141.41;8.31;-7.73
487422;141.41;7.87;-7.01
487474;141.61;7.44;-6.42
487522;142.39;7.07;-5.59
487574;145.22;7.22;-5.21
487625;151.24;7.60;-5.08
487672;167.01;10.04;-2.77
487724;195.88;18.81;5.05
487772;209.13;21.39;5.99
487824;199.05;18.41;3.61
487872;189.81;16.49;-0.29
487924;172.14;12.16;-1.87
487972;158.77;9.38;-3.40
488024;138.06;2.69;-6.12
488072;120.83;-1.63;-8.07
488126;107.46;-7.38;-3.00
488172;106.05;-6.08;-10.81
488222;120.45;-2.76;-11.47
488274;131.27;4.67;-10.24
488322;134.80;6.12;-8.51
488374;135.12;6.37;-7.37
488422;135.18;6.52;-7.09
488474;135.21;6.67;-6.73
488522;135.13;6.75;-6.49
488574;135.11;6.42;-5.44
488625;135.15;6.26;-4.43
488672;135.18;5.96;-3.85
488724;135.81;5.80;-2.64
488772;137.57;5.75;-2.62
488824;147.93;5.75;-2.43
488872;163.29;7.58;-1.27
488924;193.95;18.21;5.63
488972;200.18;19.90;1.88
489024;187.95;15.00;-0.11
489072;177.27;11.82;-2.64
489126;159.36;7.04;-2.47
489172;146.68;4.81;-3.33
489224;126.72;0.85;-5.30
489272;108.43;-0.91;-9.21
489324;95.88;-7.24;-11.45
489372;100.73;-9.88;-12.56
489424;116.46;-1.87;-5.41
489472;125.72;3.73;-7.79
489524;126.20;4.93;-3.84
489572;126.27;5.34;-3.55
489626;126.26;5.64;-3.06
489672;126.00;5.68;-2.94
489724;125.89;5.15;-2.17
489772;125.81;5.06;-1.59
489824;125.58;4.91;-1.27
489872;125.62;4.82;-1.05
489924;126.76;4.55;-1.30
489972;129.55;4.78;-2.07
490024;138.69;6.19;-1.15
490072;152.20;9.38;-0.49
490126;181.42;16.96;3.27
490172;187.82;17.26;-0.30
490224;179.95;12.90;-1.76
490272;170.92;9.81;-3.16
490324;154.34;5.59;-2.79
490372;141.61;3.04;-3.28
490424;122.56;-2.18;-3.92
490472;107.17;-4.40;-7.52
490524;91.37;-11.52;-6.56
490572;90.71;-11.37;-10.47
490626;102.39;-9.29;-6.86
490672;109.57;-4.68;-6.25
490724;115.65;-1.32;-5.74
490772;116.53;-0.68;-4.79
490824;116.91;0.22;-4.50
490872;116.94;0.92;-4.60
490924;116.67;1.60;-4.53
490972;116.42;1.79;-4.22
491024;116.27;2.18;-3.59
491072;116.13;2.70;-3.61
491125;116.23;2.44;-3.06
491172;117.43;2.53;-2.72
491224;122.74;3.71;-3.09
491272;132.15;5.45;-2.72
491324;155.91;11.92;0.96
491372;176.73;16.56;5.93
491424;173.59;12.95;3.22
491472;168.06;10.84;0.07
491524;152.84;7.92;-2.09
491572;139.47;6.04;-2.62
491626;121.73;3.49;-2.44
491672;108.73;0.65;-4.43
491724;89.78;-5.87;-10.19
491772;80.89;-12.07;-9.49
491824;91.75;-11.79;-6.13
491872;103.50;-7.14;-11.58
491924;109.86;-1.95;-9.76
491972;109.83;-1.19;-8.80
492024;109.47;-0.75;-8.43
492072;109.17;-0.22;-8.36
492126;108.63;0.35;-8.45
492172;108.27;0.59;-8.34
492224;107.97;0.81;-7.92
492272;107.97;0.99;-7.45
492324;108.09;1.26;-6.94
492372;108.71;1.38;-6.41
492424;111.06;1.88;-6.26
492472;115.59;3.12;-6.43
492524;129.54;7.23;-6.17
492572;147.63;13.83;-2.48
492626;170.18;23.35;-3.02
492672;166.49;20.39;-4.61
492724;157.49;15.21;-7.96
492772;146.95;10.21;-9.19
492824;129.81;2.82;-11.38
492872;117.18;-3.69;-13.93
492924;95.40;-14.14;-16.59
492972;81.29;-20.52;-15.58
493024;75.93;-29.09;-15.87
493072;86.65;-29.44;-18.36
493126;102.74;-21.10;-18.29
493172;108.65;-16.81;-19.66
493224;109.71;-16.27;-17.62
493272;109.81;-15.82;-17.15
493324;109.74;-14.74;-17.35
493372;109.64;-13.98;-17.40
493424;109.54;-13.51;-16.93
493472;109.41;-13.24;-16.45
493524;109.10;-12.84;-15.97
493572;108.93;-12.24;-15.95
493626;109.73;-11.75;-17.12
493672;111.59;-11.22;-18.55
493724;118.00;-8.79;-20.18
493772;125.79;-3.00;-22.21
493824;142.26;16.69;-24.89
493872;154.50;31.57;-28.63
493922;153.13;23.95;-35.66
493974;150.80;16.11;-42.39
494022;142.86;6.57;-46.98
494074;129.57;-7.97;-46.53
494125;119.94;-19.04;-43.95
494172;105.71;-31.73;-37.27
494224;84.12;-46.37;-22.47
494272;80.35;-56.39;-19.43
494324;102.47;-53.32;-35.29
494372;116.86;-44.71;-40.48
494424;119.31;-38.67;-43.10
494472;119.23;-37.94;-42.30
494524;118.44;-37.64;-41.69
494572;117.68;-37.43;-41.51
494626;116.68;-37.15;-41.22
494672;115.96;-37.11;-40.93
494724;115.00;-37.04;-40.41
494772;114.19;-36.81;-40.09
494822;113.38;-36.47;-39.71
494874;114.09;-35.51;-39.93
494922;116.00;-33.90;-40.65
494974;119.95;-28.92;-44.03
495022;125.01;-21.46;-45.39
495074;133.52;-0.16;-49.48
495125;135.68;17.41;-59.11
495172;134.06;14.04;-54.82
495224;133.37;7.05;-54.32
495272;132.85;-3.11;-54.50
495324;128.36;-18.85;-53.04
495372;121.71;-30.50;-49.89
495424;105.28;-47.34;-38.54
495472;86.17;-56.34;-25.67
495524;64.69;-67.09;-11.99
495572;82.36;-68.40;-30.26
495626;105.43;-55.33;-44.10
495672;109.62;-46.68;-47.73
495722;113.17;-43.71;-46.71
495774;113.61;-42.98;-45.42
495822;113.16;-42.74;-44.95
495874;112.27;-42.55;-44.35
495922;111.52;-42.42;-43.99
495974;110.51;-42.26;-43.43
496022;109.97;-42.17;-42.91
496074;109.55;-41.91;-42.15
496125;109.47;-41.57;-42.15
496172;110.58;-40.52;-42.53
496224;113.50;-37.49;-44.06
496272;118.64;-32.02;-47.33
496324;128.78;-15.42;-50.95
496372;135.75;4.70;-52.64
496424;140.20;15.40;-54.98
496472;139.08;13.27;-53.63
496524;134.94;5.19;-50.45
496572;129.09;-3.26;-48.79
496625;120.34;-15.52;-45.32
496672;109.30;-26.90;-39.17
496724;95.34;-35.98;-31.92
496772;78.36;-40.63;-19.02
496824;59.64;-42.46;-3.17
496872;52.25;-46.52;4.04
496924;63.16;-46.78;-4.85
496972;80.65;-41.16;-25.41
497024;87.22;-35.63;-32.96
497072;92.25;-32.49;-34.70
497127;95.74;-31.05;-32.47
497172;97.63;-30.24;-30.62
497224;97.24;-29.79;-29.77
497272;96.66;-29.34;-29.49
497324;95.94;-29.02;-28.91
497372;95.36;-28.67;-28.63
497424;95.40;-28.35;-27.82
497472;95.79;-28.37;-26.90
497524;96.94;-27.53;-26.30
497572;98.04;-27.00;-26.01
497626;98.95;-26.80;-25.11
497672;98.86;-26.40;-24.85
497724;99.93;-26.23;-24.44
497772;101.75;-25.66;-24.55
497824;107.42;-23.57;-26.82
497872;113.41;-20.30;-28.09
497924;124.01;-7.16;-34.47
497972;133.85;10.15;-41.00
498024;140.98;21.25;-35.83
498072;141.78;17.88;-31.34
498126;137.36;4.54;-31.73
498172;128.03;-2.66;-30.68
498224;110.17;-8.06;-23.39
498272;97.55;-11.05;-18.18
498324;79.22;-17.59;-14.49
498372;66.25;-23.06;-13.31
498424;52.22;-32.84;-17.36
498472;51.67;-34.66;-14.83
498524;66.94;-26.48;-8.01
498572;73.80;-21.42;-15.62
498626;79.33;-19.35;-10.54
498672;79.57;-18.99;-9.89
498724;79.41;-18.09;-9.95
498772;79.09;-17.45;-9.95
498824;78.75;-16.82;-9.71
498872;78.55;-16.41;-9.37
498924;78.55;-15.54;-9.10
498972;78.80;-14.90;-8.93
499024;79.66;-13.87;-8.83
499072;81.51;-12.65;-9.50
499403;23.56;-29.87;4.03
499451;9.10;-30.02;12.31
499503;347.91;-27.51;21.33
499551;331.72;-24.02;27.33
499603;311.78;-13.55;32.07
499651;301.10;-12.89;37.92
499701;299.78;-14.90;32.28
499753;314.16;-23.04;29.44
499801;321.74;-23.48;25.32
499856;326.43;-23.23;24.53
499901;326.77;-22.93;24.75
499953;327.03;-22.19;23.94
500001;326.97;-21.39;23.08
500053;326.85;-20.39;21.94
500101;326.75;-19.81;21.41
500153;326.78;-19.10;20.81
500201;326.91;-18.43;19.90
500253;327.95;-18.19;19.08
500301;329.54;-18.03;18.53
500355;335.02;-18.18;14.54
500401;343.18;-18.05;12.50
500453;4.49;-16.19;5.66
500501;25.45;-8.79;-1.44
500553;29.65;-9.94;-6.08
500601;24.93;-15.94;-3.32
500653;12.29;-22.93;2.94
500701;359.04;-25.47;10.04
500753;338.49;-23.28;20.00
500801;322.96;-17.78;24.67
500855;302.41;-5.99;25.57
500901;293.14;1.18;22.17
500953;295.82;3.82;20.68
501001;307.10;4.71;24.52
501053;315.98;6.51;21.08
501101;320.36;6.19;23.33
501153;320.97;6.19;23.84
501201;320.94;6.30;23.26
501253;320.83;6.40;22.51
501301;320.61;6.45;22.04
501356;320.22;6.66;21.09
501401;320.04;6.83;20.47
501453;319.89;7.34;19.22
501501;320.00;7.32;18.62
501551;321.18;6.93;18.32
501603;324.45;6.27;17.82
501651;329.73;4.94;18.07
501703;346.08;1.70;19.45
501751;4.81;-0.19;19.45
501803;23.17;-0.45;23.65
501854;19.27;-1.02;27.62
501901;11.78;-4.35;30.56
501953;355.80;-4.85;38.60
502001;343.77;-0.07;42.94
502053;329.01;14.30;43.64
502101;320.59;28.00;39.52
502153;306.45;49.14;35.15
502201;294.93;58.08;28.05
502253;289.51;65.37;19.47
502301;323.88;68.33;50.03
502354;342.81;63.99;65.19
502401;353.72;59.24;73.49
502453;354.12;57.95;75.84
502501;353.57;57.45;76.01
502551;352.81;57.22;75.81
502603;352.06;57.03;75.37
502651;351.41;57.02;74.92
502703;350.80;57.22;74.15
502751;350.52;57.25;73.82
502803;350.16;57.04;73.29
502854;350.30;56.72;72.93
502901;350.49;55.72;73.41
502953;352.40;52.65;74.52
503001;354.56;46.68;75.49
503053;359.18;30.56;79.37
503101;2.14;14.05;85.75
503153;5.13;0.33;95.68
503201;7.00;3.49;102.50
503253;7.22;9.71;107.83
503301;6.69;18.97;110.94
503356;9.24;34.34;114.59
503401;15.82;47.46;118.89
503453;38.08;63.40;135.32
503501;75.74;67.77;166.96
503553;107.05;62.85;-166.33
503601;107.64;62.68;-167.68
503653;73.68;59.14;170.00
503701;63.22;54.84;159.63
503753;56.67;51.11;155.95
503801;55.99;51.06;156.21
503856;55.98;50.99;156.12
503901;55.89;51.18;156.18
503953;55.57;51.66;156.61
504001;55.42;51.88;156.68
504053;55.29;52.13;156.78
504101;55.55;52.17;156.76
504153;55.92;52.02;156.41
504201;55.76;51.81;155.76
504253;54.31;51.45;154.37
504301;51.21;50.03;150.61
504356;41.28;44.76;142.95
504401;30.86;35.07;135.13
504451;23.04;16.16;121.67
504503;25.71;11.03;121.99
504551;27.72;9.80;124.57
504603;24.32;15.68;120.90
504651;22.38;23.96;120.44
504703;27.08;36.75;125.35
504751;37.73;47.13;135.31
504803;64.47;58.70;161.79
504854;101.04;61.87;-160.68
504901;127.65;56.93;-140.00
504953;121.54;50.53;-146.99
505001;107.42;43.73;-156.07
505053;94.38;40.03;-167.40
505101;86.90;38.72;-173.95
505153;81.87;36.31;-176.58
505201;82.31;35.58;-176.75
505253;82.83;34.58;-177.36
505301;82.89;34.34;-177.49
505354;82.78;34.95;-176.74
505401;83.03;35.45;-176.19
505453;83.29;35.96;-175.47
505501;83.47;36.20;-175.14
505553;83.76;36.30;-175.10
505601;83.66;36.41;-175.17
505653;82.43;36.57;-176.10
505701;80.05;36.42;-178.03
505753;72.61;35.42;176.84
505801;61.19;33.40;170.79
505856;39.31;25.40;161.00
505901;27.65;16.79;157.85
505953;30.22;18.49;168.14
506001;32.55;21.33;174.42
506053;42.61;27.62;-171.46
506101;53.67;30.07;-157.81
506153;69.86;26.09;-143.61
506201;78.77;18.56;-137.95
506253;86.64;5.64;-137.34
506301;91.19;-3.84;-138.51
506356;95.63;-21.88;-148.87
506401;91.62;-28.90;-142.96
506453;72.78;-30.61;-123.87
506501;60.76;-28.73;-114.12
506553;57.64;-27.05;-117.06
506601;56.88;-27.17;-116.08
506653;56.51;-27.66;-115.88
506701;56.16;-27.94;-115.86
506753;56.00;-28.24;-115.67
506801;55.92;-28.46;-115.57
506855;55.85;-28.75;-115.44
506901;55.77;-28.98;-115.31
506953;55.66;-29.27;-115.14
507001;55.60;-29.55;-115.09
507053;55.52;-30.13;-115.19
507101;55.38;-30.63;-115.39
507153;55.22;-31.25;-115.44
507201;55.14;-31.58;-115.38
507253;55.07;-31.57;-115.28
507301;54.95;-31.01;-114.99
507356;54.88;-28.58;-116.69
507401;54.77;-24.14;-115.98
507453;54.44;-16.54;-117.77
507501;54.52;-8.75;-116.95
507553;54.57;-6.11;-114.48
507601;52.29;-9.42;-113.58
507653;48.95;-17.64;-110.14
507701;47.22;-24.55;-109.44
507753;47.44;-32.94;-109.67
507801;47.93;-38.09;-111.29
507856;49.47;-42.95;-111.71
507901;50.81;-44.80;-111.52
507953;48.50;-42.42;-107.49
508001;45.59;-41.17;-99.01
508051;44.72;-41.57;-100.88
508103;43.43;-42.82;-101.04
508151;43.13;-43.06;-100.58
508203;42.63;-43.64;-100.30
508251;42.26;-44.06;-100.12
508303;41.76;-44.62;-99.91
508354;41.45;-44.94;-99.67
508401;41.11;-45.33;-99.36
508453;40.64;-45.83;-99.05
508501;40.30;-46.18;-98.81
508553;39.88;-46.60;-98.44
508601;39.56;-46.90;-98.18
508653;39.07;-47.33;-97.82
508701;38.62;-47.71;-97.55
508753;37.87;-48.39;-97.19
508801;37.34;-48.84;-96.93
508856;36.64;-49.42;-96.60
508901;36.22;-49.76;-96.30
508953;35.74;-50.10;-95.90
509001;35.34;-50.38;-95.60
509053;34.89;-50.68;-95.16
509101;34.49;-50.95;-94.86
509153;33.98;-51.29;-94.41
509201;33.55;-51.58;-94.08
509253;32.85;-52.03;-93.63
509301;32.31;-52.49;-93.31
509356;31.57;-53.17;-92.81
509401;31.12;-53.57;-92.38
509453;31.09;-53.90;-91.73
509501;31.35;-53.87;-91.29
509553;32.11;-53.06;-90.76
509601;32.14;-52.93;-89.92
509653;32.86;-53.73;-89.95
509701;32.98;-53.77;-89.42
509753;34.11;-54.32;-89.00
509801;34.22;-55.01;-88.52
509856;33.57;-55.49;-88.17
509901;32.70;-55.69;-88.12
509953;30.99;-56.08;-87.94
510001;29.59;-55.92;-87.41
510053;28.43;-55.82;-86.66
510101;27.73;-56.01;-86.18
510153;26.63;-56.28;-85.46
510201;26.14;-56.48;-84.95
510253;25.43;-56.78;-84.13
510301;24.83;-57.01;-83.57
510356;24.02;-57.32;-82.77
510401;23.37;-57.57;-82.17
510453;22.58;-57.86;-81.43
510501;21.86;-58.06;-80.82
510553;20.92;-58.32;-79.97
510601;20.18;-58.51;-79.31
510653;19.04;-58.76;-78.39
510701;18.15;-58.95;-77.66
510753;16.89;-59.20;-76.63
510801;15.98;-59.39;-75.84
510856;14.79;-59.63;-74.84
510901;13.83;-59.81;-74.04
510953;12.56;-60.05;-73.02
511001;11.65;-60.21;-72.25
511053;10.38;-60.43;-71.19
511101;9.34;-60.58;-70.35
511153;7.72;-60.83;-69.15
511201;6.56;-60.98;-68.26
511253;5.04;-61.19;-67.07
511301;4.01;-61.32;-66.24
511356;2.76;-61.46;-65.18
511401;1.96;-61.55;-64.43
511453;0.70;-61.66;-63.35
511501;359.82;-61.74;-62.56
511553;358.62;-61.84;-61.48
511601;357.74;-61.91;-60.68
511653;356.41;-62.00;-59.53
511701;355.44;-62.06;-58.69
511751;354.19;-62.13;-57.65
511803;352.78;-62.19;-56.44
511854;351.81;-62.22;-55.59
511901;350.73;-62.24;-54.61
511953;349.42;-62.25;-53.45
512001;348.49;-62.25;-52.63
512053;347.19;-62.23;-51.47
512101;346.24;-62.21;-50.63
512153;344.92;-62.18;-49.47
512201;343.97;-62.14;-48.64
512253;342.68;-62.07;-47.49
512301;341.74;-62.01;-46.66
512356;340.48;-61.92;-45.54
512401;339.50;-61.84;-44.67
512453;338.32;-61.73;-43.60
512501;337.38;-61.64;-42.78
512553;336.15;-61.50;-41.68
512601;335.20;-61.39;-40.85
512653;334.03;-61.24;-39.81
512701;333.16;-61.11;-39.03
512753;331.99;-60.93;-37.99
512801;331.14;-60.80;-37.23
512856;329.95;-60.60;-36.19
512901;329.09;-60.44;-35.42
512953;327.98;-60.22;-34.44
513001;327.15;-60.05;-33.71
513053;326.00;-59.80;-32.71
513101;325.16;-59.61;-32.00
513153;324.02;-59.33;-31.06
513201;323.20;-59.13;-30.38
513253;322.10;-58.83;-29.47
513301;321.32;-58.61;-28.81
513356;320.25;-58.30;-27.92
513401;319.43;-58.05;-27.24
513453;318.41;-57.73;-26.39
513501;317.61;-57.47;-25.73
513553;316.57;-57.12;-24.89
513601;315.82;-56.85;-24.27
513653;314.79;-56.47;-23.44
513701;314.12;-56.19;-22.88
513753;313.20;-55.79;-22.11
513801;312.54;-55.51;-21.55
513855;311.57;-55.08;-20.78
513901;310.85;-54.76;-20.20
513953;309.96;-54.35;-19.47
514001;309.29;-54.03;-18.96
514053;308.36;-53.56;-18.27
514101;307.65;-53.19;-17.79
514153;306.69;-52.67;-17.16
514201;305.99;-52.28;-16.71
514253;305.14;-51.71;-16.16
514301;304.59;-51.36;-15.73
514356;303.75;-50.81;-15.18
514401;303.14;-50.40;-14.73
514453;302.45;-49.93;-14.22
514501;301.92;-49.56;-13.83
514553;301.13;-49.04;-13.28
514601;300.59;-48.67;-12.89
514653;299.84;-48.14;-12.37
514701;299.32;-47.77;-12.00
514753;298.59;-47.24;-11.50
514801;298.08;-46.86;-11.16
514856;297.44;-46.34;-10.69
514901;296.97;-45.94;-10.34
514953;296.33;-45.41;-9.91
515001;295.81;-44.99;-9.60
515053;295.13;-44.42;-9.17
515101;294.63;-43.99;-8.88
515153;294.01;-43.42;-8.48
515201;293.58;-43.01;-8.19
515251;293.09;-42.53;-7.83
515303;292.49;-41.95;-7.45
515354;292.10;-41.53;-7.18
515401;291.62;-41.02;-6.86
515453;291.02;-40.41;-6.56
515501;290.57;-39.96;-6.36
515553;289.81;-39.28;-6.17
515601;289.19;-38.79;-6.06
515653;288.57;-38.13;-5.86
515701;288.30;-37.71;-5.63
515753;287.69;-37.03;-5.44
515801;287.25;-36.55;-5.28
515856;286.40;-35.87;-5.18
515901;285.85;-35.38;-5.07
515953;284.75;-34.75;-5.09
516001;284.16;-34.19;-5.05
516053;283.79;-33.48;-4.90
516101;283.70;-32.93;-4.81
516153;283.00;-31.95;-4.82
516201;282.24;-31.21;-4.82
516253;281.38;-30.35;-4.79
516301;280.70;-29.82;-4.76
516355;279.70;-29.16;-4.64
516401;279.14;-28.65;-4.52
516453;278.74;-28.08;-4.27
516501;278.70;-27.75;-4.00
516553;278.48;-27.19;-3.78
516601;278.46;-26.82;-3.57
516653;278.91;-26.31;-3.13
516701;279.45;-26.06;-2.66
516753;280.10;-25.73;-2.23
516801;280.83;-25.44;-2.24
516855;282.88;-27.07;-5.94
516901;284.93;-27.20;-5.64
516953;287.53;-24.48;-4.63
517001;285.72;-22.10;-2.78
517053;285.52;-19.25;-2.26
517101;285.25;-19.54;-4.63
517153;282.70;-21.74;-7.59
517201;280.47;-23.92;-7.47
517253;278.36;-25.29;-4.60
517301;277.66;-25.09;-4.14
517355;277.13;-24.08;-4.18
517401;276.66;-23.26;-4.24
517453;276.00;-22.69;-3.85
517501;275.53;-22.17;-3.68
517553;274.77;-21.26;-3.67
517601;274.07;-20.58;-3.82
517653;272.30;-19.32;-4.79
517701;271.21;-18.71;-5.06
517753;270.49;-17.86;-5.13
517801;270.18;-17.30;-5.05
517855;270.18;-16.47;-4.92
517901;269.88;-15.90;-4.83
517953;269.35;-15.07;-4.90
518001;268.96;-14.43;-4.90
518053;268.75;-13.76;-4.66
518101;268.68;-13.22;-4.44
518153;268.74;-12.60;-4.01
518201;268.51;-12.07;-3.92
518253;268.30;-11.50;-3.59
518301;268.11;-11.01;-3.44
518355;267.85;-10.31;-3.25
518401;267.62;-9.74;-3.19
518453;267.23;-9.00;-3.12
518501;267.00;-8.43;-3.08
518553;266.70;-7.67;-3.07
518601;266.67;-7.08;-2.99
518653;266.65;-6.09;-2.66
518701;266.88;-5.17;-2.48
518753;267.08;-4.42;-1.88
518801;267.39;-4.00;-1.43
518855;267.53;-3.27;-1.20
518901;267.91;-2.85;-0.88
518951;268.22;-2.62;-0.72
519003;268.04;-2.48;-0.67
519051;268.05;-3.51;-1.19
519103;267.84;-4.86;-3.29
519151;267.22;-4.84;-5.28
519203;267.17;-3.95;-4.63
519251;266.19;-4.53;-5.36
519303;265.41;-5.37;-7.61
519632;261.31;0.63;-10.05
519680;260.97;1.04;-10.14
519732;260.86;1.81;-9.94
519780;260.50;2.05;-10.05
519832;260.65;1.10;-6.04
519880;259.92;3.97;-9.31
519932;257.19;8.05;-10.54
519980;257.43;7.54;-6.52
520032;258.96;5.64;1.03
520083;257.05;7.25;-2.74
520130;257.21;6.77;-0.75
520180;256.98;6.63;-0.14
520232;256.76;6.10;0.09
520280;256.49;5.72;0.09
520332;256.09;5.21;0.01
520380;255.84;4.87;0.06
520432;255.50;4.39;0.13
520480;255.24;4.06;0.22
520532;254.90;3.64;0.32
520583;254.66;3.44;0.48
520630;254.37;3.46;0.57
520682;254.04;3.58;0.54
520730;253.80;3.46;0.60
520782;253.45;3.49;0.57
520830;253.19;3.58;0.49
520882;252.82;3.47;0.52
520930;252.55;3.50;0.48
520982;252.17;3.49;0.46
521030;251.90;3.44;0.47
521084;251.51;3.44;0.53
521130;251.24;3.49;0.47
521182;250.89;3.47;0.54
521230;250.61;3.49;0.37
521282;250.27;3.31;0.49
521330;250.02;3.44;0.46
521382;249.67;3.46;0.52
521430;249.41;3.55;0.53
521482;249.06;3.40;0.52
521530;248.81;3.30;0.53
521585;248.46;3.46;0.55
521630;248.19;3.42;0.57
521682;247.84;3.45;0.45
521730;247.60;3.66;0.58
521782;247.25;3.46;0.57
521830;246.99;3.36;0.50
521882;246.64;3.50;0.46
521930;246.39;3.47;0.54
521982;246.04;3.42;0.58
522030;245.78;3.55;0.44
522084;245.43;3.51;0.53
522130;245.16;3.47;0.55
522182;244.82;3.42;0.54
522230;244.55;3.49;0.54
522282;244.21;3.37;0.59
522330;243.95;3.48;0.57
522382;243.59;3.52;0.45
522430;243.33;3.47;0.47
522482;242.97;3.37;0.51
522530;242.71;3.43;0.45
522584;242.37;3.44;0.59
522630;242.10;3.41;0.54
522682;241.76;3.43;0.48
522730;241.50;3.45;0.55
522782;241.15;3.50;0.60
522830;240.90;3.48;0.59
522882;240.54;3.50;0.48
522930;240.29;3.38;0.60
522982;239.93;3.55;0.63
523030;239.67;3.40;0.53
523084;239.32;3.56;0.57
523130;239.05;3.46;0.59
523182;238.70;3.53;0.49
523230;238.45;3.43;0.61
523280;238.14;3.49;0.57
523332;237.77;3.41;0.44
523380;237.52;3.45;0.45
523432;237.17;3.48;0.53
523480;236.91;3.38;0.56
523532;236.56;3.35;0.52
523583;236.30;3.52;0.54
523630;235.99;3.63;0.53
523682;235.64;3.33;0.47
523730;235.38;3.50;0.48
523782;235.03;3.50;0.60
523830;234.76;3.43;0.54
523882;234.39;3.37;0.36
523930;234.14;3.38;0.54
523982;233.80;3.53;0.41
524030;233.56;3.47;0.38
524084;233.26;3.58;0.43
524130;233.03;3.71;0.41
524182;232.70;3.92;0.32
524230;232.45;3.83;0.42
524280;232.16;3.63;0.44
524332;231.82;3.59;0.33
524380;231.57;3.79;0.47
524432;231.29;3.69;0.73
524480;231.07;3.73;0.69
524532;230.72;3.77;0.63
524583;230.47;3.76;0.68
524630;230.17;3.79;0.73
524682;229.81;3.62;0.67
524730;229.56;3.63;0.59
524782;229.22;3.70;0.65
524830;228.96;3.75;0.64
524882;228.61;3.79;0.63
524930;228.35;3.78;0.67
524982;227.99;3.74;0.52
525030;227.74;3.82;0.67
525084;227.40;3.81;0.74
525130;227.14;3.73;0.72
525182;226.79;3.56;0.68
525230;226.55;3.65;0.76
525282;226.20;3.72;0.78
525332;225.89;3.83;0.73
525380;225.62;3.71;0.65
525432;225.26;3.84;0.59
525480;225.01;3.69;0.76
525532;224.64;3.73;0.73
525583;224.38;3.80;0.68
525630;224.06;3.69;0.59
525682;223.71;3.68;0.63
525730;223.47;3.76;0.85
525782;223.11;3.81;0.73
525830;222.85;3.70;0.74
525882;222.49;3.78;0.69
525930;222.24;3.66;0.69
525982;221.88;3.74;0.73
526030;221.62;3.59;0.69
526084;221.27;3.70;0.74
526130;221.00;3.69;0.74
526182;220.66;3.55;0.75
526230;220.40;3.70;0.74
526282;220.05;3.81;0.76
526330;219.78;3.77;0.77
526382;219.43;3.71;0.66
526430;219.18;3.73;0.73
526482;218.83;3.71;0.83
526530;218.56;3.71;0.67
526584;218.21;3.83;0.65
526630;217.94;3.75;0.70
526682;217.60;3.72;0.80
526730;217.34;3.66;0.72
526782;216.99;3.62;0.74
526830;216.73;3.75;0.70
526882;216.37;3.73;0.65
526930;216.12;3.66;0.73
526982;215.77;3.66;0.69
527030;215.52;3.70;0.78
527084;215.16;3.57;0.64
527130;214.89;3.74;0.69
527182;214.55;3.80;0.72
527230;214.29;3.67;0.66
527282;213.94;3.78;0.72
527330;213.66;3.92;0.76
527382;213.33;3.83;0.71
527430;213.08;3.72;0.72
527482;212.72;3.72;0.72
527530;212.47;3.86;0.73
527584;212.11;3.67;0.72
527630;211.85;3.68;0.78
527682;211.49;3.81;0.64
527730;211.23;3.68;0.54
527782;210.89;3.67;0.75
527830;210.63;3.66;0.66
527882;210.28;3.72;0.80
527930;210.02;3.78;0.69
527982;209.67;3.74;0.78
528030;209.41;3.75;0.67
528084;209.05;3.69;0.68
528130;208.78;3.84;0.70
528182;208.44;3.81;0.72
528230;208.17;3.66;0.61
528282;207.81;3.82;0.51
528330;207.55;3.72;0.41
528380;207.24;3.74;0.61
528432;206.86;3.83;0.66
528480;206.58;3.66;0.73
528532;206.18;3.61;0.66
528583;205.90;3.64;0.52
528630;205.58;3.89;0.38
528682;205.19;3.94;0.47
528730;204.92;4.00;0.34
528782;204.58;3.76;0.42
528830;204.33;3.61;0.59
528882;203.98;3.74;0.66
528930;203.72;3.54;0.59
528982;203.36;3.64;0.63
529030;203.10;3.59;0.52
529084;202.75;3.61;0.63
529130;202.48;3.59;0.61
529182;202.14;3.44;0.64
529230;201.88;3.52;0.61
529282;201.52;3.64;0.62
529330;201.26;3.63;0.56
529380;200.95;3.59;0.63
529432;200.59;3.57;0.58
529480;200.34;3.55;0.68
529532;199.98;3.59;0.55
529583;199.73;3.53;0.69
529630;199.41;3.55;0.61
529682;199.06;3.57;0.60
529730;198.79;3.54;0.47
529782;198.44;3.58;0.55
529830;198.19;3.50;0.59
529882;197.84;3.52;0.63
529930;197.58;3.45;0.66
529982;197.23;3.54;0.61
530030;196.97;3.45;0.57
530084;196.62;3.56;0.68
530130;196.34;3.62;0.53
530182;196.01;3.60;0.72
530230;195.74;3.56;0.62
530282;195.39;3.54;0.67
530330;195.13;3.56;0.59
530382;194.78;3.68;0.71
530430;194.51;3.47;0.71
530482;194.16;3.55;0.54
530530;193.90;3.44;0.49
530584;193.55;3.61;0.51
530630;193.27;3.54;0.48
530682;192.94;3.66;0.63
530730;192.67;3.63;0.50
530782;192.32;3.50;0.58
530830;192.07;3.66;0.57
530882;191.72;3.64;0.68
530930;191.46;3.52;0.71
530982;191.10;3.53;0.54
531030;190.84;3.54;0.54
531084;190.49;3.59;0.57
531130;190.22;3.49;0.61
531182;189.88;3.54;0.62
531230;189.62;3.62;0.55
531282;189.26;3.62;0.55
531330;189.00;3.72;0.57
531382;188.64;3.49;0.49
531430;188.38;3.56;0.60
531482;188.04;3.60;0.65
531530;187.78;3.52;0.61
531584;187.43;3.45;0.61
531630;187.15;3.61;0.51
531682;186.81;3.55;0.49
531730;186.55;3.62;0.56
531782;186.20;3.61;0.63
531830;185.94;3.64;0.62
531882;185.59;3.65;0.67
531930;185.33;3.49;0.62
531982;184.98;3.47;0.65
532030;184.71;3.61;0.56
532084;184.36;3.55;0.50
532130;184.09;3.59;0.58
532182;183.75;3.60;0.49
532230;183.49;3.58;0.59
532282;183.14;3.61;0.62
532330;182.88;3.53;0.61
532382;182.52;3.71;0.59
532430;182.26;3.58;0.56
532480;181.95;3.64;0.50
532532;181.60;3.62;0.54
532583;181.35;3.46;0.66
532630;181.04;3.52;0.55
532682;180.69;3.64;0.61
532730;180.44;3.59;0.67
532782;180.08;3.65;0.63
532830;179.82;3.51;0.63
532882;179.47;3.56;0.61
532930;179.21;3.61;0.53
532982;178.86;3.51;0.59
533030;178.60;3.60;0.60
533084;178.25;3.50;0.67
533130;177.98;3.58;0.62
533182;177.64;3.67;0.66
533230;177.38;3.49;0.52
533282;177.02;3.56;0.54
533330;176.77;3.60;0.57
533382;176.41;3.51;0.54
533430;176.16;3.60;0.57
533480;175.86;3.54;0.70
533532;175.49;3.54;0.54
533583;175.24;3.52;0.57
533630;174.93;3.51;0.58
533682;174.58;3.59;0.67
533730;174.31;3.55;0.49
533782;173.96;3.54;0.56
533830;173.71;3.58;0.54
533882;173.36;3.53;0.65
533930;173.09;3.58;0.57
533982;172.74;3.55;0.61
534030;172.49;3.53;0.66
534084;172.13;3.61;0.51
534130;171.87;3.52;0.64
534182;171.52;3.58;0.68
534230;171.26;3.62;0.59
534282;170.90;3.49;0.56
534330;170.64;3.54;0.48
534382;170.29;3.66;0.58
534430;170.03;3.67;0.53
534482;169.68;3.45;0.61
534530;169.41;3.62;0.58
534584;169.07;3.63;0.60
534630;168.79;3.50;0.58
534682;168.45;3.59;0.58
534730;168.19;3.53;0.58
534782;167.84;3.61;0.65
534830;167.58;3.50;0.52
534882;167.22;3.62;0.47
534930;166.97;3.68;0.57
534982;166.62;3.57;0.62
535030;166.36;3.60;0.67
535084;166.00;3.66;0.55
535130;165.74;3.58;0.68
535182;165.39;3.56;0.60
535230;165.14;3.58;0.64
535282;164.78;3.56;0.64
535330;164.52;3.59;0.53
535382;164.17;3.48;0.58
535430;163.92;3.55;0.67
535482;163.57;3.63;0.69
535530;163.29;3.49;0.66
535584;162.95;3.57;0.60
535630;162.68;3.60;0.68
535682;162.34;3.49;0.61
535730;162.07;3.53;0.54
535782;161.72;3.53;0.57
535830;161.47;3.50;0.62
535882;161.11;3.56;0.55
535930;160.86;3.65;0.59
535982;160.50;3.65;0.57
536030;160.25;3.65;0.67
536084;159.89;3.58;0.56
536130;159.62;3.51;0.60
536182;159.28;3.63;0.63
536230;159.02;3.52;0.62
536282;158.66;3.57;0.51
536330;158.41;3.57;0.64
536382;158.04;3.56;0.51
536430;157.80;3.68;0.67
536482;157.43;3.57;0.49
536530;157.18;3.59;0.59
536583;156.88;3.60;0.65
536630;156.57;3.48;0.61
536682;156.22;3.69;0.71
536730;155.95;3.54;0.46
536782;155.61;3.61;0.72
536830;155.35;3.51;0.58
536882;155.00;3.61;0.65
536930;154.73;3.64;0.57
536982;154.38;3.63;0.64
537030;154.13;3.52;0.63
537084;153.77;3.57;0.64
537130;153.49;3.64;0.45
537182;153.16;3.62;0.68
537230;152.90;3.57;0.53
537282;152.55;3.46;0.63
537330;152.29;3.48;0.63
537382;151.95;3.62;0.72
537430;151.69;3.55;0.68
537482;151.33;3.62;0.64
537530;151.07;3.50;0.56
537583;150.76;3.62;0.62
537630;150.45;3.62;0.52
537682;150.11;3.63;0.65
537730;149.84;3.54;0.48
537782;149.49;3.57;0.53
537830;149.23;3.52;0.58
537882;148.89;3.48;0.64
537930;148.63;3.68;0.63
537982;148.27;3.47;0.59
538030;148.01;3.65;0.58
538084;147.65;3.61;0.55
538130;147.37;3.53;0.47
538182;147.04;3.65;0.55
538230;146.79;3.59;0.67
538282;146.43;3.54;0.64
538330;146.17;3.67;0.49
538382;145.81;3.63;0.53
538430;145.56;3.61;0.67
538482;145.20;3.49;0.48
538530;144.95;3.64;0.59
538584;144.59;3.58;0.61
538630;144.30;3.62;0.61
538682;143.98;3.61;0.68
538730;143.72;3.54;0.56
538782;143.36;3.63;0.59
538830;143.11;3.64;0.65
538882;142.75;3.64;0.61
538930;142.50;3.64;0.70
538982;142.14;3.61;0.63
539030;141.88;3.47;0.59
539084;141.53;3.49;0.53
539130;141.26;3.58;0.57
539182;140.91;3.56;0.51
539230;140.65;3.57;0.60
539282;140.30;3.55;0.63
539330;140.04;3.65;0.59
539382;139.69;3.60;0.59
539430;139.43;3.52;0.61
539482;139.07;3.52;0.53
539530;138.82;3.52;0.60
539861;136.84;4.13;2.21
539909;136.53;4.07;1.62
539961;136.14;3.86;0.94
540009;135.87;3.57;0.62
540061;135.51;3.60;0.51
540109;135.26;3.61;0.77
540161;134.90;3.61;0.64
540209;134.64;3.65;0.62
540261;134.29;3.63;0.62
540312;134.02;3.56;0.50
540359;133.71;3.55;0.51
540411;133.37;3.70;0.62
540459;133.11;3.47;0.60
540511;132.75;3.56;0.51
540559;132.49;3.57;0.56
540611;132.14;3.62;0.51
540659;131.89;3.62;0.61
540711;131.52;3.61;0.54
540759;131.27;3.70;0.56
540813;130.91;3.49;0.54
540859;130.65;3.48;0.62
540911;130.30;3.67;0.54
540959;130.04;3.57;0.67
541011;129.70;3.70;0.64
541059;129.44;3.63;0.65
541111;129.08;3.51;0.56
541159;128.82;3.55;0.54
541211;128.47;3.64;0.57
541259;128.21;3.66;0.61
541313;127.86;3.66;0.58
541359;127.59;3.62;0.61
541411;127.24;3.56;0.59
541459;126.98;3.56;0.47
541511;126.62;3.54;0.51
541559;126.37;3.64;0.57
541611;126.02;3.45;0.64
541659;125.76;3.65;0.62
541711;125.40;3.52;0.46
541759;125.15;3.58;0.66
541814;124.80;3.54;0.61
541859;124.53;3.57;0.61
541911;124.18;3.61;0.56
541959;123.91;3.45;0.59
542011;123.56;3.69;0.55
542059;123.31;3.75;0.64
542111;122.96;3.59;0.64
542159;122.71;3.62;0.61
542211;122.35;3.55;0.66
542259;122.10;3.48;0.62
542313;121.74;3.69;0.61
542359;121.47;3.58;0.66
542411;121.12;3.62;0.47
542459;120.87;3.53;0.56
542511;120.52;3.57;0.62
542559;120.26;3.69;0.57
542611;119.90;3.59;0.54
542659;119.65;3.69;0.66
542711;119.29;3.60;0.58
542759;119.03;3.56;0.56
542813;118.68;3.64;0.60
542859;118.41;3.49;0.62
542911;118.07;3.54;0.60
542959;117.80;3.65;0.51
543009;117.50;3.57;0.50
543061;117.16;3.59;0.75
543109;116.90;3.67;0.67
543161;116.54;3.61;0.67
543209;116.28;3.53;0.61
543261;115.92;3.53;0.62
543312;115.66;3.52;0.56
543359;115.36;3.49;0.61
543411;115.00;3.57;0.61
543459;114.74;3.62;0.54
543511;114.40;3.70;0.67
543559;114.13;3.76;0.55
543611;113.78;3.57;0.65
543659;113.53;3.59;0.67
543711;113.17;3.59;0.68
543759;112.92;3.55;0.70
543814;112.56;3.70;0.63
543859;112.29;3.50;0.66
543911;111.95;3.63;0.68
543959;111.69;3.53;0.67
544009;111.38;3.60;0.60
544061;111.03;3.61;0.63
544109;110.76;3.68;0.41
544161;110.42;3.59;0.60
544209;110.16;3.50;0.63
544261;109.81;3.51;0.59
544312;109.55;3.50;0.56
544359;109.24;3.63;0.55
544411;108.89;3.63;0.65
544459;108.62;3.61;0.55
544511;108.28;3.52;0.72
544559;108.02;3.59;0.56
544611;107.66;3.56;0.62
544659;107.40;3.66;0.59
544711;107.06;3.53;0.74
544759;106.79;3.48;0.50
544813;106.44;3.63;0.57
544859;106.16;3.55;0.46
544911;105.83;3.56;0.67
544959;105.57;3.65;0.54
545011;105.21;3.62;0.50
545059;104.95;3.61;0.55
545111;104.60;3.52;0.52
545159;104.35;3.60;0.66
545211;104.00;3.51;0.57
545259;103.74;3.67;0.52
545313;103.39;3.55;0.60
545359;103.12;3.62;0.60
545411;102.77;3.63;0.53
545459;102.52;3.69;0.68
545511;102.17;3.61;0.64
545559;101.91;3.64;0.56
545611;101.55;3.70;0.59
545659;101.30;3.72;0.62
545711;100.94;3.51;0.55
545759;100.68;3.67;0.59
545814;100.32;3.56;0.51
545859;100.06;3.55;0.68
545911;99.72;3.69;0.69
545959;99.45;3.60;0.49
546011;99.11;3.63;0.66
546059;98.84;3.52;0.66
546111;98.49;3.75;0.58
546159;98.23;3.53;0.53
546211;97.88;3.53;0.54
546259;97.63;3.67;0.58
546313;97.27;3.68;0.63
546359;97.00;3.56;0.63
546411;96.66;3.57;0.68
546459;96.40;3.48;0.57
546511;96.05;3.50;0.58
546559;95.76;3.53;0.58
546611;95.43;3.67;0.59
546659;95.18;3.66;0.69
546711;94.83;3.46;0.63
546759;94.58;3.73;0.75
546814;94.21;3.52;0.55
546859;93.94;3.63;0.61
546911;93.60;3.58;0.61
546959;93.34;3.63;0.62
547011;92.99;3.60;0.54
547059;92.74;3.68;0.64
547111;92.38;3.59;0.60
547159;92.12;3.62;0.67
547211;91.77;3.69;0.56
547259;91.51;3.54;0.53
547313;91.15;3.66;0.56
547359;90.88;3.57;0.51
547411;90.53;3.59;0.51
547459;90.29;3.51;0.68
547511;89.93;3.74;0.69
547559;89.67;3.55;0.65
547611;89.32;3.62;0.68
547659;89.06;3.71;0.58
547711;88.70;3.68;0.62
547759;88.45;3.66;0.65
547813;88.09;3.66;0.63
547859;87.82;3.66;0.64
547911;87.47;3.53;0.55
547959;87.22;3.63;0.64
548011;86.86;3.65;0.55
548059;86.61;3.60;0.65
548111;86.26;3.62;0.60
548159;86.00;3.48;0.62
548209;85.70;3.59;0.68
548261;85.34;3.52;0.55
548312;85.08;3.58;0.56
548359;84.78;3.60;0.66
548411;84.43;3.51;0.61
548459;84.17;3.61;0.68
548511;83.81;3.64;0.62
548559;83.55;3.79;0.53
548611;83.21;3.62;0.69
548659;82.94;3.49;0.52
548711;82.59;3.55;0.57
548759;82.34;3.70;0.68
548814;81.98;3.52;0.62
548859;81.70;3.70;0.53
548911;81.36;3.69;0.51
548959;81.11;3.68;0.55
549011;80.76;3.67;0.67
549059;80.50;3.58;0.61
549111;80.15;3.63;0.61
549159;79.89;3.62;0.62
549211;79.53;3.55;0.56
549259;79.26;3.62;0.57
549313;78.92;3.49;0.59
549359;78.64;3.56;0.48
549411;78.30;3.57;0.54
549459;78.05;3.58;0.61
549511;77.69;3.58;0.61
549559;77.44;3.67;0.64
549611;77.08;3.56;0.58
549659;76.82;3.62;0.54
549711;76.48;3.59;0.68
549759;76.22;3.65;0.73
549814;75.86;3.60;0.66
549859;75.60;3.63;0.70
549911;75.25;3.52;0.58
549959;74.99;3.51;0.66
550011;74.64;3.54;0.66
550059;74.38;3.59;0.66
550111;74.03;3.69;0.65
550159;73.77;3.54;0.65
550211;73.42;3.58;0.62
550259;73.16;3.46;0.63
550313;72.81;3.72;0.67
550359;72.52;3.56;0.57
550411;72.19;3.61;0.59
550459;71.94;3.65;0.54
550511;71.59;3.65;0.62
550559;71.33;3.63;0.56
550611;70.97;3.67;0.59
550659;70.72;3.69;0.67
550711;70.36;3.60;0.51
550759;70.10;3.58;0.59
550813;69.74;3.73;0.47
550859;69.48;3.62;0.61
550911;69.14;3.58;0.64
550959;68.89;3.54;0.64
551011;68.53;3.63;0.69
551059;68.27;3.55;0.61
551111;67.92;3.68;0.63
551159;67.67;3.62;0.67
551211;67.30;3.74;0.55
551259;67.05;3.60;0.60
551313;66.70;3.63;0.64
551359;66.43;3.60;0.61
551409;66.13;3.63;0.47
551461;65.78;3.62;0.65
551509;65.52;3.69;0.61
551561;65.17;3.58;0.63
551609;64.92;3.58;0.64
551661;64.56;3.60;0.60
551709;64.30;3.60;0.59
551761;63.95;3.53;0.62
551812;63.69;3.57;0.65
551859;63.39;3.61;0.62
551911;63.02;3.59;0.49
551959;62.77;3.67;0.61
552011;62.42;3.62;0.57
552059;62.15;3.72;0.46
552111;61.81;3.60;0.59
552159;61.55;3.62;0.59
552211;61.19;3.70;0.59
552259;60.94;3.58;0.62
552313;60.58;3.55;0.65
552359;60.31;3.68;0.59
552411;59.96;3.53;0.56
552459;59.71;3.51;0.67
552511;59.35;3.67;0.68
552559;59.09;3.55;0.61
552611;58.73;3.59;0.65
552659;58.48;3.67;0.64
552711;58.12;3.50;0.61
552759;57.87;3.63;0.61
552813;57.51;3.70;0.63
552859;57.25;3.66;0.69
552911;56.90;3.58;0.59
552959;56.64;3.64;0.58
553011;56.28;3.53;0.58
553059;56.03;3.62;0.58
553111;55.67;3.53;0.55
553159;55.41;3.62;0.50
553211;55.06;3.66;0.60
553259;54.79;3.63;0.48
553313;54.45;3.61;0.59
553359;54.18;3.51;0.64
553411;53.83;3.66;0.57
553459;53.58;3.53;0.74
553511;53.22;3.61;0.62
553559;52.95;3.68;0.64
553611;52.60;3.55;0.49
553659;52.35;3.60;0.53
553711;52.00;3.61;0.63
553759;51.74;3.59;0.61
553814;51.38;3.62;0.60
553859;51.12;3.57;0.62
553911;50.77;3.64;0.61
553959;50.51;3.46;0.56
554011;50.15;3.53;0.54
554059;49.90;3.58;0.64
554111;49.55;3.52;0.63
554159;49.29;3.66;0.59
554211;48.94;3.65;0.67
554259;48.67;3.59;0.52
554314;48.32;3.65;0.68
554359;48.05;3.55;0.63
554411;47.71;3.58;0.63
554459;47.45;3.62;0.65
554511;47.09;3.57;0.58
554559;46.85;3.53;0.71
554609;46.54;3.55;0.60
554661;46.19;3.59;0.68
554709;45.93;3.59;0.69
554761;45.58;3.57;0.62
554812;45.32;3.75;0.64
554859;45.00;3.55;0.56
554911;44.66;3.64;0.60
554959;44.40;3.51;0.64
555011;44.05;3.61;0.64
555059;43.78;3.62;0.52
555111;43.43;3.56;0.61
555159;43.17;3.57;0.48
555211;42.82;3.75;0.60
555259;42.56;3.63;0.63
555313;42.21;3.71;0.66
555359;41.93;3.66;0.56
555411;41.58;3.57;0.53
555459;41.33;3.60;0.53
555511;40.98;3.50;0.61
555559;40.72;3.50;0.56
555611;40.37;3.70;0.68
555659;40.10;3.57;0.73
555711;39.75;3.67;0.56
555759;39.49;3.61;0.53
555814;39.14;3.66;0.60
555859;38.87;3.60;0.64
555911;38.52;3.54;0.52
555959;38.27;3.57;0.56
556011;37.92;3.56;0.64
556059;37.65;3.66;0.56
556111;37.31;3.56;0.61
556159;37.05;3.59;0.58
556211;36.69;3.65;0.59
556259;36.43;3.52;0.56
556313;36.07;3.74;0.52
556359;35.81;3.63;0.61
556411;35.47;3.49;0.60
556459;35.20;3.63;0.54
556511;34.86;3.58;0.68
556559;34.59;3.48;0.49
556611;34.25;3.55;0.70
556659;33.98;3.62;0.54
556711;33.62;3.53;0.51
556759;33.36;3.60;0.56
556814;33.01;3.63;0.56
556859;32.75;3.59;0.64
556911;32.40;3.66;0.55
556959;32.15;3.61;0.61
557011;31.80;3.66;0.69
557059;31.54;3.59;0.64
557111;31.18;3.71;0.59
557159;30.93;3.55;0.69
557211;30.58;3.68;0.69
557259;30.31;3.52;0.55
557313;29.96;3.71;0.63
557359;29.69;3.65;0.53
557411;29.36;3.64;0.68
557459;29.09;3.56;0.61
557511;28.74;3.51;0.67
557559;28.48;3.57;0.59
557611;28.13;3.59;0.63
557659;27.87;3.63;0.70
557711;27.51;3.58;0.60
557759;27.25;3.57;0.54
557812;26.95;3.56;0.56
557859;26.65;3.56;0.67
557911;26.29;3.58;0.60
557959;26.03;3.58;0.54
558011;25.68;3.53;0.69
558059;25.42;3.70;0.56
558111;25.07;3.48;0.67
558159;24.81;3.71;0.61
558211;24.46;3.51;0.70
558259;24.19;3.57;0.53
558313;23.84;3.59;0.51
558359;23.57;3.66;0.61
558411;23.23;3.50;0.66
558459;22.97;3.57;0.63
558511;22.62;3.61;0.66
558559;22.36;3.68;0.59
558611;22.02;3.56;0.76
558659;21.75;3.46;0.55
558711;21.40;3.60;0.66
558759;21.14;3.57;0.63
558813;20.79;3.55;0.69
558859;20.50;3.59;0.64
558911;20.18;3.69;0.64
558959;19.91;3.77;0.54
559011;19.56;3.56;0.57
559059;19.31;3.71;0.65
559111;18.95;3.59;0.63
559159;18.69;3.51;0.56
559211;18.34;3.54;0.63
559259;18.08;3.64;0.61
559313;17.73;3.61;0.64
559359;17.46;3.72;0.68
559411;17.12;3.63;0.68
559459;16.86;3.69;0.59
559511;16.50;3.54;0.54
559559;16.24;3.54;0.58
559611;15.89;3.63;0.61
559659;15.63;3.67;0.62
559711;15.28;3.64;0.66
559759;15.02;3.60;0.67
560090;13.02;3.36;1.95
560138;12.72;3.54;1.36
560190;12.32;3.59;0.58
560238;12.06;3.56;0.69
560290;11.72;3.52;0.70
560338;11.45;3.62;0.56
560390;11.10;3.66;0.64
560438;10.84;3.62;0.64
560490;10.48;3.54;0.58
560541;10.22;3.60;0.56
560588;9.92;3.45;0.58
560640;9.57;3.56;0.74
560688;9.30;3.52;0.52
560740;8.96;3.68;0.69
560788;8.70;3.66;0.60
560840;8.35;3.61;0.66
560888;8.09;3.54;0.64
560940;7.73;3.60;0.63
560988;7.47;3.73;0.57
561042;7.11;3.73;0.59
561088;6.85;3.61;0.66
561140;6.50;3.62;0.58
561188;6.25;3.58;0.64
561240;5.89;3.50;0.63
561288;5.63;3.52;0.64
561340;5.29;3.59;0.70
561388;5.03;3.56;0.60
561440;4.67;3.70;0.59
561488;4.42;3.54;0.70
561542;4.07;3.51;0.69
561588;3.79;3.67;0.57
561640;3.45;3.71;0.59
561688;3.20;3.62;0.60
561740;2.84;3.54;0.56
561788;2.58;3.51;0.65
561840;2.23;3.59;0.71
561888;1.97;3.61;0.69
561940;1.60;3.57;0.46
561988;1.35;3.68;0.63
562042;1.00;3.64;0.62
562088;0.73;3.64;0.60
562140;0.38;3.55;0.61
562188;0.12;3.69;0.55
562240;359.77;3.61;0.63
562288;359.52;3.55;0.67
562340;359.16;3.55;0.54
562388;358.89;3.49;0.62
562440;358.54;3.59;0.52
562488;358.28;3.53;0.57
562542;357.93;3.57;0.68
562588;357.66;3.55;0.62
562640;357.31;3.63;0.52
562688;357.06;3.61;0.60
562740;356.70;3.65;0.67
562788;356.44;3.70;0.61
562840;356.09;3.68;0.66
562888;355.83;3.67;0.61
562940;355.47;3.60;0.57
562988;355.22;3.64;0.63
563042;354.87;3.57;0.61
563088;354.60;3.71;0.63
563140;354.26;3.68;0.64
563188;354.00;3.60;0.60
563240;353.64;3.49;0.53
563288;353.39;3.60;0.59
563340;353.03;3.64;0.52
563388;352.77;3.61;0.59
563438;352.47;3.67;0.59
563490;352.12;3.50;0.70
563541;351.85;3.48;0.62
563588;351.55;3.67;0.58
563640;351.19;3.69;0.61
563688;350.93;3.68;0.67
563740;350.57;3.60;0.54
563788;350.32;3.63;0.67
563840;349.97;3.68;0.62
563888;349.71;3.50;0.59
563940;349.36;3.61;0.74
563988;349.10;3.70;0.61
564042;348.74;3.68;0.67
564088;348.47;3.67;0.63
564140;348.13;3.63;0.67
564188;347.87;3.53;0.65
564240;347.52;3.55;0.60
564288;347.26;3.56;0.67
564340;346.90;3.55;0.64
564388;346.64;3.69;0.53
564438;346.34;3.65;0.56
564490;345.99;3.68;0.63
564541;345.72;3.56;0.58
564588;345.41;3.67;0.62
564640;345.05;3.67;0.54
564688;344.81;3.62;0.61
564740;344.44;3.66;0.58
564788;344.19;3.72;0.69
564840;343.84;3.69;0.68
564888;343.58;3.76;0.58
564940;343.23;3.65;0.63
564988;342.97;3.64;0.59
565042;342.61;3.71;0.56
565088;342.36;3.63;0.74
565140;342.01;3.53;0.75
565188;341.75;3.55;0.61
565240;341.38;3.68;0.51
565288;341.14;3.60;0.63
565340;340.78;3.52;0.53
565388;340.52;3.62;0.63
565440;340.17;3.52;0.67
565488;339.90;3.63;0.59
565542;339.55;3.68;0.57
565588;339.28;3.68;0.56
565640;338.94;3.64;0.59
565688;338.68;3.60;0.58
565740;338.32;3.70;0.56
565788;338.06;3.47;0.53
565840;337.71;3.70;0.64
565888;337.44;3.64;0.52
565940;337.10;3.63;0.67
565988;336.83;3.54;0.60
566043;336.48;3.57;0.62
566088;336.22;3.68;0.75
566140;335.86;3.51;0.57
566188;335.60;3.66;0.51
566240;335.26;3.61;0.65
566288;334.99;3.64;0.49
566340;334.64;3.55;0.63
566388;334.39;3.57;0.66
566440;334.04;3.65;0.71
566488;333.76;3.51;0.64
566542;333.42;3.70;0.63
566588;333.15;3.54;0.63
566640;332.81;3.62;0.63
566688;332.56;3.53;0.64
566740;332.19;3.52;0.50
566788;331.94;3.52;0.62
566840;331.58;3.51;0.53
566888;331.32;3.70;0.61
566940;330.97;3.59;0.61
566988;330.71;3.70;0.65
567043;330.35;3.61;0.54
567088;330.09;3.59;0.68
567140;329.74;3.63;0.63
567188;329.47;3.67;0.52
567240;329.13;3.60;0.76
567288;328.87;3.64;0.63
567340;328.51;3.62;0.62
567388;328.25;3.56;0.56
567440;327.90;3.54;0.58
567488;327.63;3.54;0.50
567541;327.34;3.64;0.60
567588;327.03;3.51;0.69
567640;326.67;3.69;0.61
567688;326.42;3.56;0.61
567740;326.07;3.56;0.70
567788;325.80;3.65;0.52
567840;325.45;3.50;0.57
567888;325.20;3.58;0.61
567940;324.84;3.58;0.70
567988;324.58;3.65;0.56
568042;324.23;3.57;0.70
568088;323.95;3.52;0.57
568140;323.61;3.56;0.55
568188;323.36;3.66;0.69
568240;322.99;3.62;0.56
568288;322.74;3.63;0.63
568340;322.38;3.64;0.66
568388;322.12;3.57;0.65
568440;321.76;3.71;0.49
568488;321.51;3.58;0.59
568541;321.20;3.57;0.60
568588;320.90;3.47;0.58
568638;320.56;3.60;0.55
568690;320.24;3.58;0.65
568738;319.98;3.61;0.63
568790;319.62;3.61;0.66
568838;319.36;3.59;0.52
568890;319.00;3.61;0.56
568938;318.75;3.57;0.60
568990;318.39;3.54;0.56
569041;318.14;3.60;0.65
569088;317.82;3.60;0.56
569140;317.47;3.60;0.64
569188;317.21;3.64;0.65
569240;316.85;3.61;0.52
569288;316.60;3.58;0.66
569340;316.24;3.63;0.64
569388;315.98;3.59;0.58
569440;315.62;3.58;0.53
569488;315.37;3.47;0.68
569542;315.01;3.62;0.54
569588;314.73;3.67;0.68
569640;314.40;3.63;0.63
569688;314.14;3.58;0.67
569740;313.78;3.70;0.60
569788;313.53;3.60;0.63
569840;313.17;3.59;0.68
569888;312.91;3.61;0.60
569940;312.56;3.62;0.62
569988;312.31;3.58;0.68
570043;311.96;3.66;0.75
570088;311.68;3.61;0.64
570140;311.34;3.63;0.64
570188;311.08;3.60;0.62
570240;310.72;3.63;0.58
570288;310.46;3.68;0.54
570340;310.12;3.68;0.66
570388;309.86;3.72;0.60
570440;309.50;3.67;0.64
570488;309.24;3.53;0.60
570542;308.89;3.62;0.58
570588;308.60;3.74;0.61
570640;308.28;3.56;0.68
570688;308.02;3.49;0.60
570740;307.67;3.66;0.69
570788;307.40;3.64;0.48
570840;307.05;3.62;0.62
570888;306.80;3.74;0.69
570940;306.45;3.70;0.69
570988;306.19;3.58;0.60
571043;305.83;3.57;0.63
571088;305.55;3.55;0.46
571140;305.22;3.55;0.66
571188;304.96;3.70;0.61
571240;304.61;3.52;0.66
571288;304.35;3.59;0.66
571340;303.99;3.69;0.60
571388;303.73;3.54;0.60
571440;303.38;3.76;0.64
571488;303.13;3.65;0.64
571542;302.77;3.72;0.65
571588;302.50;3.60;0.59
571638;302.21;3.59;0.69
571690;301.86;3.57;0.68
571738;301.60;3.63;0.61
571790;301.24;3.58;0.65
571838;300.98;3.54;0.64
571890;300.63;3.66;0.73
571938;300.37;3.62;0.63
571990;300.02;3.60;0.71
572041;299.75;3.57;0.50
572088;299.45;3.66;0.67
572140;299.10;3.56;0.69
572188;298.84;3.62;0.57
572240;298.48;3.53;0.63
572288;298.23;3.68;0.60
572340;297.87;3.70;0.65
572388;297.62;3.62;0.69
572440;297.26;3.70;0.56
572488;297.00;3.67;0.59
572542;296.65;3.70;0.58
572588;296.38;3.60;0.56
572638;296.09;3.57;0.65
572690;295.74;3.63;0.66
572738;295.48;3.57;0.56
572790;295.13;3.66;0.63
572838;294.87;3.53;0.63
572890;294.51;3.60;0.58
572938;294.25;3.57;0.50
572990;293.90;3.75;0.60
573041;293.64;3.52;0.65
573088;293.33;3.63;0.61
573140;292.98;3.64;0.60
573188;292.73;3.63;0.73
573240;292.38;3.64;0.77
573288;292.12;3.53;0.75
573340;291.76;3.68;0.69
573388;291.50;3.63;0.60
573440;291.15;3.68;0.71
573488;290.90;3.73;0.75
573542;290.54;3.55;0.77
573588;290.26;3.63;0.63
573640;289.92;3.63;0.66
573688;289.65;3.68;0.61
573740;289.31;3.58;0.66
573788;289.05;3.73;0.58
573840;288.70;3.61;0.69
573888;288.43;3.56;0.61
573940;288.08;3.64;0.50
573988;287.83;3.63;0.70
574043;287.48;3.58;0.73
574088;287.21;3.60;0.69
574140;286.86;3.68;0.61
574188;286.61;3.69;0.66
574240;286.25;3.70;0.64
574288;285.99;3.61;0.62
574340;285.63;3.54;0.56
574388;285.38;3.67;0.65
574440;285.02;3.57;0.59
574488;284.77;3.59;0.65
574542;284.40;3.52;0.54
574588;284.14;3.47;0.67
574640;283.80;3.69;0.68
574688;283.52;3.65;0.61
574740;283.17;3.63;0.55
574788;282.92;3.63;0.69
574840;282.57;3.66;0.66
574888;282.30;3.63;0.57
574940;281.95;3.57;0.49
574988;281.69;3.66;0.57
575043;281.34;3.70;0.62
575088;281.07;3.67;0.68
575140;280.72;3.65;0.58
575188;280.47;3.64;0.67
575240;280.11;3.65;0.61
575288;279.85;3.56;0.65
575340;279.50;3.63;0.65
575388;279.25;3.57;0.66
575440;278.89;3.56;0.70
575488;278.63;3.60;0.59
575542;278.27;3.54;0.64
575588;278.00;3.50;0.65
575640;277.66;3.60;0.61
575688;277.40;3.70;0.57
575738;277.11;3.67;0.67
575790;276.75;3.62;0.61
575838;276.49;3.52;0.69
575890;276.13;3.68;0.65
575938;275.88;3.62;0.70
575990;275.53;3.60;0.64
576041;275.27;3.69;0.56
576088;274.95;3.59;0.61
576140;274.60;3.60;0.50
576188;274.34;3.57;0.50
576240;273.99;3.60;0.62
576288;273.73;3.55;0.59
576340;273.37;3.61;0.47
576388;273.12;3.53;0.56
576440;272.76;3.61;0.56
576488;272.51;3.60;0.63
576542;272.16;3.62;0.69
576588;271.89;3.63;0.67
576640;271.53;3.58;0.58
576688;271.29;3.54;0.70
576738;270.98;3.60;0.67
576790;270.62;3.69;0.56
576838;270.36;3.64;0.58
576890;270.01;3.67;0.62
576938;269.75;3.64;0.67
576990;269.40;3.63;0.63
577041;269.14;3.61;0.66
577088;268.84;3.61;0.70
577140;268.48;3.62;0.61
577188;268.21;3.52;0.52
577240;267.86;3.57;0.65
577288;267.61;3.64;0.66
577340;267.25;3.74;0.63
577388;267.00;3.69;0.73
577440;266.63;3.65;0.60
577488;266.37;3.60;0.41
577542;266.03;3.63;0.63
577588;265.76;3.57;0.73
577640;265.41;3.68;0.65
577688;265.16;3.53;0.66
577740;264.79;3.55;0.56
577788;264.52;3.73;0.55
577840;264.19;3.57;0.67
577888;263.93;3.72;0.70
577940;263.57;3.68;0.59
577988;263.31;3.64;0.61
578042;262.96;3.59;0.62
578088;262.69;3.64;0.64
578140;262.34;3.60;0.59
578188;262.08;3.66;0.59
578240;261.73;3.68;0.58
578288;261.47;3.79;0.58
578340;261.13;3.57;0.67
578388;260.87;3.58;0.63
578440;260.51;3.62;0.65
578488;260.24;3.70;0.56
578542;259.89;3.66;0.58
578588;259.62;3.70;0.57
578640;259.29;3.62;0.70
578688;259.03;3.69;0.69
578740;258.67;3.56;0.58
578788;258.40;3.65;0.60
578840;258.05;3.62;0.55
578888;257.80;3.48;0.66
578940;257.45;3.70;0.70
578988;257.18;3.64;0.52
579042;256.82;3.50;0.57
579088;256.55;3.51;0.59
579140;256.21;3.69;0.65
579188;255.96;3.53;0.64
579240;255.60;3.75;0.66
579288;255.34;3.59;0.61
579340;254.99;3.58;0.65
579388;254.73;3.54;0.61
579440;254.37;3.72;0.70
579488;254.11;3.69;0.57
579542;253.75;3.52;0.58
579588;253.49;3.66;0.68
579640;253.15;3.61;0.72
579688;252.88;3.77;0.58
579740;252.53;3.60;0.65
579788;252.27;3.66;0.60
579838;251.97;3.55;0.75
579890;251.60;3.51;0.50
579938;251.35;3.47;0.60
579990;251.00;3.71;0.62
580319;249.09;4.24;2.20
580367;248.80;4.15;1.65
580419;248.40;3.92;0.95
580467;248.13;3.65;0.64
580519;247.77;3.69;0.67
580567;247.52;3.46;0.71
580619;247.16;3.60;0.56
580667;246.89;3.67;0.51
580719;246.54;3.57;0.59
580770;246.30;3.53;0.78
580817;245.98;3.58;0.66
580869;245.62;3.54;0.61
580917;245.37;3.66;0.64
580969;245.01;3.62;0.58
581017;244.76;3.67;0.67
581069;244.40;3.72;0.66
581117;244.13;3.73;0.63
581169;243.79;3.64;0.51
581217;243.53;3.55;0.56
581271;243.18;3.60;0.61
581317;242.92;3.62;0.67
581369;242.58;3.52;0.73
581417;242.31;3.69;0.63
581469;241.96;3.69;0.61
581517;241.70;3.61;0.63
581569;241.35;3.58;0.64
581617;241.09;3.61;0.59
581669;240.73;3.65;0.54
581717;240.48;3.66;0.60
581771;240.12;3.57;0.63
581817;239.85;3.53;0.63
581869;239.50;3.53;0.52
581917;239.25;3.53;0.68
581969;238.90;3.67;0.74
582017;238.63;3.56;0.56
582069;238.28;3.67;0.52
582117;238.02;3.60;0.60
582167;237.72;3.52;0.62
582219;237.36;3.52;0.60
582270;237.11;3.63;0.66
582317;236.80;3.65;0.66
582369;236.44;3.61;0.67
582417;236.18;3.56;0.66
582469;235.82;3.60;0.53
582517;235.57;3.69;0.68
582569;235.22;3.62;0.66
582617;234.96;3.59;0.66
582669;234.60;3.54;0.65
582717;234.35;3.65;0.61
582771;233.99;3.63;0.60
582817;233.73;3.61;0.72
582869;233.38;3.63;0.61
582917;233.13;3.59;0.66
582969;232.77;3.57;0.69
583017;232.51;3.65;0.66
583069;232.16;3.48;0.64
583117;231.90;3.60;0.58
583167;231.59;3.58;0.61
583219;231.24;3.57;0.65
583270;230.98;3.57;0.64
583317;230.68;3.64;0.68
583369;230.32;3.55;0.58
583417;230.07;3.67;0.64
583469;229.71;3.64;0.63
583517;229.46;3.64;0.66
583569;229.11;3.65;0.68
583617;228.84;3.64;0.56
583669;228.49;3.60;0.68
583717;228.23;3.71;0.55
583771;227.87;3.64;0.55
583817;227.61;3.61;0.71
583869;227.26;3.58;0.53
583917;227.00;3.62;0.61
583969;226.65;3.61;0.67
584017;226.39;3.60;0.61
584069;226.03;3.59;0.64
584117;225.77;3.71;0.57
584169;225.42;3.60;0.62
584217;225.15;3.64;0.57
584271;224.81;3.70;0.63
584317;224.54;3.76;0.67
584369;224.20;3.70;0.65
584417;223.95;3.68;0.69
584469;223.59;3.56;0.68
584517;223.32;3.61;0.57
584569;222.97;3.67;0.60
584617;222.71;3.67;0.62
584669;222.36;3.57;0.69
584717;222.10;3.67;0.56
584771;221.75;3.63;0.60
584817;221.48;3.72;0.62
584869;221.13;3.60;0.52
584917;220.89;3.62;0.71
584969;220.53;3.60;0.68
585017;220.27;3.72;0.54
585069;219.92;3.54;0.69
585117;219.65;3.71;0.58
585169;219.31;3.71;0.67
585217;219.03;3.68;0.58
585271;218.69;3.66;0.67
585317;218.42;3.62;0.64
585369;218.08;3.68;0.66
585417;217.82;3.61;0.73
585469;217.46;3.68;0.58
585517;217.20;3.57;0.59
585569;216.85;3.71;0.62
585617;216.59;3.57;0.66
585669;216.23;3.72;0.57
585717;215.98;3.57;0.65
585771;215.62;3.62;0.61
585817;215.35;3.56;0.62
585869;215.01;3.57;0.64
585917;214.75;3.64;0.72
585969;214.39;3.53;0.66
586017;214.13;3.67;0.60
586069;213.78;3.59;0.59
586117;213.52;3.71;0.60
586169;213.17;3.67;0.65
586217;212.92;3.59;0.69
586270;212.58;3.60;0.68
586317;212.29;3.70;0.50
586369;211.94;3.69;0.52
586417;211.69;3.65;0.65
586469;211.33;3.71;0.49
586517;211.08;3.70;0.59
586569;210.72;3.65;0.65
586617;210.46;3.62;0.61
586669;210.12;3.66;0.70
586717;209.85;3.61;0.62
586771;209.49;3.72;0.48
586817;209.23;3.54;0.59
586869;208.88;3.74;0.56
586917;208.64;3.74;0.69
586969;208.28;3.67;0.62
587017;208.02;3.58;0.57
587069;207.67;3.58;0.71
587117;207.41;3.69;0.59
587169;207.06;3.52;0.63
587217;206.80;3.60;0.67
587270;206.50;3.68;0.66
587317;206.18;3.71;0.54
587369;205.84;3.60;0.70
587417;205.58;3.68;0.73
587469;205.22;3.49;0.66
587517;204.96;3.65;0.57
587569;204.61;3.64;0.61
587617;204.35;3.70;0.57
587669;203.99;3.68;0.53
587717;203.73;3.50;0.45
587771;203.39;3.67;0.62
587817;203.12;3.61;0.63
587869;202.78;3.66;0.60
587917;202.52;3.63;0.67
587969;202.17;3.65;0.69
588017;201.91;3.73;0.64
588069;201.55;3.59;0.62
588117;201.30;3.57;0.71
588169;200.94;3.63;0.66
588217;200.69;3.61;0.75
588270;200.37;3.61;0.64
588317;200.06;3.58;0.61
588369;199.71;3.59;0.56
588417;199.46;3.62;0.67
588469;199.10;3.53;0.67
588517;198.84;3.57;0.60
588569;198.50;3.58;0.73
588617;198.24;3.68;0.65
588669;197.88;3.66;0.61
588717;197.62;3.64;0.50
588771;197.27;3.61;0.68
588817;197.00;3.60;0.65
588869;196.66;3.66;0.70
588917;196.39;3.63;0.61
588969;196.04;3.73;0.66
589017;195.79;3.56;0.69
589069;195.42;3.65;0.46
589117;195.18;3.63;0.69
589169;194.82;3.73;0.64
589217;194.56;3.70;0.68
589272;194.20;3.69;0.56
589317;193.92;3.72;0.63
589369;193.59;3.53;0.56
589417;193.34;3.58;0.67
589469;192.99;3.64;0.70
589517;192.72;3.60;0.56
589569;192.36;3.65;0.52
589617;192.11;3.61;0.61
589669;191.76;3.70;0.67
589717;191.49;3.62;0.57
589771;191.14;3.56;0.56
589817;190.87;3.53;0.56
589869;190.53;3.63;0.64
589917;190.28;3.68;0.75
589969;189.92;3.70;0.67
590017;189.66;3.59;0.58
590069;189.31;3.76;0.67
590117;189.05;3.67;0.70
590169;188.68;3.65;0.54
590217;188.43;3.49;0.55
590271;188.07;3.68;0.55
590317;187.80;3.66;0.70
590369;187.47;3.72;0.56
590417;187.21;3.60;0.63
590469;186.85;3.59;0.51
590517;186.60;3.49;0.67
590569;186.24;3.60;0.58
590617;185.99;3.69;0.62
590669;185.63;3.57;0.58
590717;185.38;3.76;0.65
590770;185.03;3.70;0.53
590817;184.76;3.62;0.69
590869;184.40;3.58;0.61
590917;184.14;3.72;0.60
590969;183.79;3.74;0.63
591017;183.53;3.71;0.64
591069;183.18;3.63;0.60
591117;182.92;3.67;0.63
591169;182.57;3.69;0.67
591217;182.30;3.58;0.60
591271;181.94;3.60;0.47
591317;181.68;3.63;0.66
591367;181.38;3.57;0.57
591419;181.03;3.68;0.60
591467;180.77;3.57;0.62
591519;180.42;3.66;0.64
591567;180.17;3.57;0.68
591619;179.80;3.49;0.54
591667;179.55;3.68;0.64
591719;179.19;3.60;0.57
591770;178.94;3.60;0.64
591817;178.63;3.67;0.56
591869;178.28;3.60;0.63
591917;178.02;3.58;0.58
591969;177.67;3.52;0.69
592017;177.41;3.67;0.68
592069;177.05;3.65;0.69
592117;176.78;3.57;0.54
592169;176.44;3.69;0.62
592217;176.18;3.61;0.63
592271;175.82;3.59;0.61
592317;175.56;3.60;0.69
592367;175.26;3.65;0.63
592419;174.91;3.61;0.62
592467;174.65;3.62;0.61
592519;174.29;3.58;0.59
592567;174.04;3.65;0.60
592619;173.67;3.59;0.50
592667;173.42;3.75;0.55
592719;173.07;3.63;0.70
592770;172.82;3.58;0.69
592817;172.51;3.72;0.64
592869;172.16;3.77;0.70
592917;171.89;3.64;0.55
592969;171.54;3.57;0.54
593017;171.30;3.56;0.78
593069;170.93;3.71;0.60
593117;170.67;3.58;0.53
593169;170.32;3.63;0.63
593217;170.06;3.71;0.62
593271;169.70;3.62;0.61
593317;169.43;3.56;0.57
593369;169.09;3.65;0.58
593417;168.83;3.67;0.67
593469;168.48;3.57;0.58
593517;168.23;3.69;0.67
593569;167.87;3.63;0.61
593617;167.61;3.65;0.51
593669;167.26;3.74;0.61
593717;167.01;3.67;0.64
593771;166.64;3.68;0.51
593817;166.38;3.65;0.61
593869;166.03;3.58;0.55
593917;165.79;3.63;0.73
593969;165.42;3.60;0.62
594017;165.17;3.57;0.72
594069;164.81;3.56;0.61
594117;164.56;3.49;0.64
594169;164.20;3.68;0.54
594217;163.94;3.64;0.61
594271;163.59;3.58;0.63
594317;163.32;3.55;0.60
594369;162.99;3.70;0.72
594417;162.72;3.61;0.70
594469;162.38;3.75;0.69
594517;162.12;3.66;0.75
594569;161.76;3.52;0.64
594617;161.50;3.63;0.56
594669;161.14;3.50;0.65
594717;160.88;3.62;0.59
594771;160.53;3.71;0.63
594817;160.26;3.58;0.61
594869;159.92;3.74;0.59
594917;159.66;3.65;0.57
594969;159.30;3.53;0.58
595017;159.04;3.64;0.51
595069;158.69;3.61;0.53
595117;158.45;3.66;0.77
595169;158.08;3.55;0.55
595217;157.83;3.63;0.65
595271;157.47;3.70;0.56
595317;157.20;3.69;0.63
595369;156.86;3.52;0.67
595417;156.61;3.64;0.67
595467;156.30;3.56;0.66
595519;155.94;3.69;0.56
595567;155.68;3.54;0.62
595619;155.33;3.53;0.63
595667;155.07;3.68;0.59
595719;154.72;3.66;0.61
595770;154.47;3.67;0.63
595817;154.15;3.62;0.59
595869;153.79;3.66;0.48
595917;153.54;3.58;0.65
595969;153.18;3.61;0.61
596017;152.92;3.59;0.50
596069;152.57;3.58;0.65
596117;152.32;3.64;0.61
596169;151.96;3.68;0.62
596217;151.70;3.61;0.59
596271;151.35;3.65;0.58
596317;151.09;3.62;0.69
596369;150.74;3.61;0.60
596417;150.49;3.60;0.71
596467;150.18;3.67;0.69
596519;149.83;3.61;0.70
596567;149.57;3.60;0.74
596619;149.21;3.60;0.67
596667;148.95;3.61;0.65
596719;148.60;3.61;0.64
596770;148.34;3.49;0.58
596817;148.03;3.70;0.62
596869;147.68;3.61;0.68
596917;147.43;3.63;0.64
596969;147.07;3.70;0.57
597017;146.81;3.63;0.58
597069;146.45;3.70;0.54
597117;146.21;3.58;0.70
597169;145.85;3.64;0.62
597217;145.59;3.65;0.68
597271;145.24;3.66;0.64
597317;144.96;3.53;0.55
597369;144.62;3.72;0.71
597417;144.36;3.66;0.60
597469;144.00;3.70;0.49
597517;143.74;3.64;0.60
597569;143.40;3.59;0.64
597617;143.14;3.56;0.61
597669;142.78;3.73;0.61
597717;142.53;3.50;0.66
597771;142.18;3.59;0.72
597817;141.90;3.65;0.60
597869;141.56;3.52;0.65
597917;141.30;3.55;0.67
597969;140.95;3.63;0.64
598017;140.68;3.67;0.52
598069;140.34;3.61;0.65
598117;140.07;3.53;0.55
598169;139.72;3.67;0.66
598217;139.47;3.65;0.69
598271;139.10;3.53;0.52
598317;138.84;3.67;0.60
598369;138.49;3.58;0.60
598417;138.24;3.69;0.63
598469;137.88;3.63;0.59
598517;137.61;3.63;0.61
598569;137.27;3.70;0.69
598617;137.01;3.63;0.59
598669;136.66;3.69;0.68
598717;136.40;3.71;0.71
598771;136.04;3.60;0.58
598817;135.77;3.62;0.63
598869;135.42;3.58;0.58
598917;135.17;3.72;0.60
598969;134.81;3.76;0.52
599017;134.56;3.66;0.55
599069;134.21;3.67;0.76
599117;133.95;3.59;0.62
599169;133.59;3.64;0.55
599217;133.34;3.68;0.71
599272;132.98;3.60;0.70
599317;132.70;3.62;0.55
599369;132.38;3.60;0.76
599417;132.11;3.53;0.68
599469;131.75;3.66;0.59
599517;131.49;3.63;0.58
599567;131.19;3.58;0.65
599619;130.83;3.59;0.62
599667;130.58;3.66;0.66
599719;130.21;3.66;0.59
599770;129.96;3.61;0.70
599817;129.64;3.63;0.58
599869;129.29;3.61;0.66
599917;129.04;3.56;0.70
599969;128.68;3.52;0.64
600017;128.43;3.63;0.72
600069;128.06;3.63;0.55
600117;127.81;3.65;0.71
600169;127.45;3.60;0.61
600217;127.19;3.59;0.61
600548;125.19;3.12;1.84
600596;124.90;3.40;1.27
600648;124.50;3.54;0.56
600696;124.25;3.53;0.65
600748;123.89;3.57;0.57
600796;123.63;3.67;0.58
600846;123.33;3.57;0.68
600898;122.97;3.70;0.63
600946;122.72;3.71;0.66
601000;122.36;3.65;0.56
601046;122.09;3.73;0.63
601098;121.76;3.71;0.68
601146;121.49;3.60;0.61
601198;121.14;3.57;0.66
601246;120.88;3.70;0.62
601298;120.52;3.68;0.59
601346;120.27;3.65;0.61
601398;119.91;3.46;0.56
601446;119.66;3.59;0.72
601500;119.30;3.52;0.66
601546;119.03;3.59;0.68
601598;118.68;3.70;0.61
601646;118.42;3.60;0.52
601698;118.07;3.59;0.50
601746;117.82;3.61;0.77
601798;117.46;3.64;0.64
601846;117.20;3.68;0.56
601896;116.90;3.67;0.68
601948;116.54;3.58;0.68
601999;116.29;3.53;0.68
602046;115.98;3.64;0.64
602098;115.62;3.63;0.58
602146;115.36;3.61;0.60
602198;115.00;3.61;0.53
602246;114.75;3.63;0.60
602298;114.40;3.62;0.59
602346;114.15;3.53;0.72
602398;113.78;3.67;0.58
602446;113.53;3.64;0.71
602500;113.17;3.61;0.61
602546;112.90;3.63;0.59
602598;112.55;3.48;0.56
602646;112.30;3.63;0.57
602698;111.95;3.72;0.64
602746;111.69;3.65;0.61
602798;111.34;3.56;0.63
602846;111.08;3.52;0.69
602896;110.77;3.61;0.61
602948;110.42;3.60;0.65
602999;110.16;3.54;0.63
603046;109.86;3.62;0.74
603098;109.50;3.71;0.66
603146;109.24;3.71;0.57
603198;108.89;3.59;0.58
603246;108.63;3.77;0.62
603298;108.27;3.63;0.52
603346;108.02;3.64;0.61
603398;107.66;3.69;0.59
603446;107.41;3.54;0.64
603500;107.05;3.64;0.62
603546;106.78;3.78;0.66
603598;106.44;3.54;0.61
603646;106.19;3.60;0.70
603698;105.83;3.66;0.65
603746;105.57;3.59;0.67
603798;105.21;3.68;0.66
603846;104.96;3.66;0.67
603898;104.61;3.66;0.70
603946;104.33;3.67;0.62
604000;103.99;3.57;0.58
604046;103.72;3.70;0.68
604098;103.38;3.62;0.69
604146;103.12;3.63;0.62
604198;102.76;3.64;0.55
604246;102.51;3.62;0.57
604298;102.15;3.62;0.65
604346;101.89;3.59;0.56
604398;101.55;3.61;0.76
604446;101.29;3.65;0.58
604500;100.94;3.59;0.68
604546;100.67;3.63;0.70
604598;100.32;3.64;0.67
604646;100.06;3.64;0.56
604698;99.70;3.61;0.57
604746;99.44;3.53;0.57
604798;99.09;3.51;0.66
604846;98.83;3.65;0.63
604898;98.48;3.59;0.64
604946;98.21;3.65;0.64
605000;97.87;3.66;0.65
605046;97.60;3.63;0.66
605098;97.26;3.59;0.67
605146;97.00;3.65;0.63
605198;96.64;3.71;0.63
605246;96.39;3.65;0.68
605298;96.02;3.64;0.60
605346;95.77;3.70;0.61
605398;95.41;3.54;0.62
605446;95.16;3.57;0.67
605500;94.81;3.60;0.69
605546;94.54;3.55;0.73
605598;94.20;3.65;0.72
605646;93.93;3.71;0.57
605698;93.58;3.71;0.68
605746;93.32;3.56;0.62
605798;92.97;3.58;0.67
605846;92.71;3.73;0.62
605898;92.35;3.73;0.58
605946;92.09;3.62;0.53
606000;91.74;3.65;0.69
606046;91.45;3.60;0.61
606098;91.13;3.59;0.61
606146;90.87;3.63;0.64
606198;90.51;3.63;0.58
606246;90.26;3.47;0.56
606298;89.91;3.70;0.69
606346;89.64;3.66;0.63
606398;89.29;3.51;0.61
606446;89.03;3.47;0.56
606500;88.68;3.59;0.65
606546;88.41;3.78;0.63
606598;88.07;3.59;0.65
606646;87.81;3.62;0.62
606698;87.45;3.75;0.57
606746;87.20;3.67;0.65
606798;86.84;3.69;0.61
606846;86.58;3.57;0.67
606898;86.23;3.58;0.62
606946;85.97;3.60;0.66
607000;85.61;3.54;0.59
607046;85.35;3.53;0.64
607096;85.05;3.53;0.59
607148;84.70;3.60;0.59
607196;84.44;3.64;0.63
607248;84.08;3.64;0.59
607296;83.83;3.57;0.62
607348;83.48;3.63;0.69
607396;83.22;3.57;0.71
607448;82.86;3.62;0.62
607499;82.61;3.70;0.60
607546;82.30;3.70;0.66
607598;81.94;3.72;0.54
607646;81.69;3.66;0.62
607698;81.34;3.55;0.65
607746;81.08;3.53;0.57
607798;80.72;3.64;0.56
607846;80.48;3.67;0.70
607898;80.11;3.61;0.54
607946;79.86;3.40;0.63
608000;79.50;3.69;0.58
608046;79.23;3.72;0.61
608098;78.90;3.58;0.70
608146;78.62;3.55;0.68
608198;78.27;3.60;0.55
608246;78.02;3.56;0.59
608298;77.67;3.60;0.70
608346;77.41;3.65;0.57
608398;77.06;3.59;0.59
608446;76.80;3.69;0.59
608500;76.44;3.62;0.60
608546;76.17;3.68;0.54
608598;75.82;3.68;0.55
608646;75.57;3.70;0.63
608698;75.21;3.64;0.59
608746;74.96;3.71;0.73
608798;74.60;3.58;0.67
608846;74.35;3.55;0.70
608898;73.98;3.66;0.54
608946;73.73;3.54;0.56
609000;73.37;3.53;0.59
609046;73.11;3.63;0.64
609098;72.76;3.56;0.65
609146;72.51;3.77;0.64
609198;72.15;3.64;0.61
609246;71.88;3.55;0.61
609298;71.54;3.65;0.66
609346;71.29;3.58;0.70
609398;70.92;3.77;0.58
609446;70.67;3.61;0.59
609500;70.31;3.69;0.62
609546;70.04;3.66;0.69
609598;69.69;3.64;0.59
609646;69.44;3.67;0.60
609698;69.08;3.65;0.59
609746;68.83;3.59;0.65
609798;68.47;3.55;0.55
609846;68.22;3.68;0.62
609898;67.87;3.68;0.75
609946;67.60;3.54;0.57
610000;67.25;3.68;0.64
610046;66.97;3.63;0.53
610098;66.64;3.66;0.72
610146;66.38;3.66;0.69
610198;66.02;3.65;0.57
610246;65.77;3.65;0.59
610296;65.47;3.65;0.66
610348;65.12;3.69;0.73
610396;64.86;3.60;0.65
610448;64.50;3.65;0.66
610499;64.24;3.58;0.59
610546;63.94;3.56;0.71
610598;63.59;3.69;0.71
610646;63.33;3.59;0.71
610698;62.97;3.65;0.59
610746;62.72;3.59;0.68
610798;62.36;3.69;0.64
610846;62.10;3.66;0.66
610898;61.74;3.65;0.59
610946;61.48;3.54;0.55
611001;61.14;3.63;0.71
611046;60.86;3.63;0.49
611098;60.52;3.73;0.60
611146;60.26;3.66;0.60
611198;59.91;3.68;0.67
611246;59.65;3.54;0.64
611298;59.30;3.60;0.65
611346;59.02;3.65;0.54
611398;58.68;3.60;0.56
611446;58.43;3.66;0.63
611500;58.08;3.59;0.64
611546;57.81;3.65;0.70
611598;57.46;3.65;0.62
611646;57.20;3.65;0.62
611698;56.85;3.64;0.63
611746;56.58;3.64;0.50
611798;56.23;3.58;0.64
611846;55.98;3.65;0.76
611898;55.62;3.55;0.75
611946;55.36;3.69;0.64
612000;55.00;3.60;0.61
612046;54.72;3.63;0.45
612098;54.38;3.51;0.63
612146;54.13;3.48;0.64
612198;53.76;3.70;0.54
612246;53.51;3.71;0.60
612298;53.15;3.55;0.61
612346;52.90;3.69;0.57
612398;52.54;3.62;0.64
612446;52.27;3.68;0.56
612500;51.93;3.59;0.59
612546;51.66;3.58;0.62
612598;51.32;3.66;0.64
612646;51.07;3.67;0.72
612698;50.70;3.61;0.55
612746;50.45;3.54;0.55
612798;50.09;3.75;0.56
612846;49.83;3.58;0.56
612896;49.50;3.57;0.56
612948;49.18;3.66;0.68
612999;48.92;3.69;0.73
613046;48.61;3.67;0.68
613098;48.25;3.68;0.60
613146;48.00;3.63;0.70
613198;47.64;3.69;0.58
613246;47.39;3.52;0.70
613298;47.02;3.80;0.63
613346;46.77;3.54;0.76
613398;46.41;3.58;0.56
613446;46.15;3.63;0.66
613499;45.85;3.80;0.66
613546;45.54;3.61;0.69
613598;45.18;3.58;0.62
613646;44.93;3.54;0.72
613698;44.57;3.66;0.56
613746;44.31;3.73;0.52
613798;43.96;3.68;0.59
613846;43.71;3.59;0.62
613898;43.35;3.55;0.63
613946;43.09;3.76;0.65
614000;42.74;3.61;0.68
614046;42.46;3.63;0.58
614098;42.13;3.71;0.68
614146;41.87;3.64;0.70
614198;41.51;3.51;0.68
614246;41.26;3.64;0.76
614298;40.89;3.55;0.51
614346;40.65;3.75;0.72
614398;40.28;3.61;0.54
614446;40.03;3.58;0.64
614500;39.68;3.69;0.68
614546;39.39;3.63;0.62
614598;39.07;3.62;0.61
614646;38.81;3.60;0.64
614698;38.46;3.71;0.71
614746;38.21;3.60;0.69
614798;37.85;3.62;0.67
614846;37.59;3.63;0.66
614898;37.24;3.58;0.69
614946;36.97;3.71;0.60
615000;36.62;3.50;0.61
615046;36.35;3.67;0.61
615098;36.01;3.56;0.62
615146;35.75;3.69;0.58
615198;35.40;3.60;0.59
615246;35.14;3.74;0.61
615298;34.79;3.55;0.60
615346;34.54;3.66;0.66
615398;34.18;3.54;0.60
615446;33.93;3.55;0.63
615500;33.58;3.61;0.68
615546;33.30;3.58;0.65
615598;32.95;3.65;0.53
615646;32.69;3.53;0.66
615698;32.35;3.60;0.64
615746;32.09;3.56;0.64
615798;31.74;3.64;0.68
615846;31.48;3.74;0.65
615898;31.12;3.67;0.56
615946;30.87;3.65;0.60
616000;30.51;3.65;0.64
616046;30.24;3.65;0.64
616098;29.89;3.73;0.56
616146;29.63;3.71;0.54
616198;29.29;3.65;0.63
616246;29.03;3.65;0.69
616298;28.68;3.68;0.72
616346;28.41;3.64;0.58
616398;28.06;3.71;0.63
616446;27.81;3.69;0.66
616501;27.45;3.69;0.57
616546;27.18;3.60;0.59
616598;26.84;3.68;0.58
616646;26.59;3.70;0.63
616696;26.28;3.62;0.65
616748;25.93;3.69;0.67
616796;25.67;3.68;0.68
616848;25.32;3.65;0.63
616896;25.06;3.50;0.66
616948;24.71;3.66;0.69
616999;24.45;3.58;0.70
617046;24.14;3.75;0.63
617098;23.78;3.57;0.63
617146;23.53;3.58;0.64
617198;23.16;3.57;0.61
617246;22.91;3.72;0.70
617298;22.55;3.57;0.59
617346;22.29;3.65;0.59
617398;21.94;3.61;0.66
617446;21.69;3.65;0.68
617500;21.33;3.65;0.63
617546;21.06;3.63;0.59
617598;20.72;3.64;0.63
617646;20.46;3.67;0.60
617698;20.11;3.58;0.64
617746;19.84;3.64;0.59
617798;19.50;3.66;0.70
617846;19.24;3.77;0.66
617898;18.89;3.64;0.66
617946;18.63;3.58;0.60
618000;18.28;3.63;0.67
618046;18.00;3.66;0.60
618098;17.67;3.65;0.72
618146;17.40;3.71;0.58
618198;17.05;3.64;0.76
618246;16.79;3.64;0.66
618298;16.44;3.63;0.65
618346;16.18;3.72;0.74
618398;15.82;3.63;0.58
618446;15.56;3.61;0.63
618500;15.21;3.55;0.62
618546;14.93;3.69;0.60
618598;14.60;3.59;0.71
618646;14.33;3.68;0.47
618698;13.97;3.67;0.55
618746;13.72;3.67;0.67
618798;13.36;3.69;0.47
618846;13.10;3.65;0.75
618898;12.76;3.76;0.70
618946;12.50;3.64;0.63
619000;12.14;3.66;0.55
619046;11.87;3.64;0.59
619098;11.53;3.54;0.54
619146;11.27;3.55;0.57
619198;10.93;3.61;0.72
619246;10.66;3.58;0.56
619298;10.30;3.60;0.59
619346;10.06;3.57;0.72
619398;9.69;3.64;0.61
619446;9.44;3.49;0.67
619500;9.08;3.64;0.65
619546;8.81;3.51;0.58
619598;8.47;3.61;0.61
619646;8.21;3.69;0.68
619698;7.85;3.69;0.61
619746;7.60;3.70;0.61
619798;7.24;3.62;0.57
619846;6.98;3.66;0.58
619896;6.69;3.71;0.69
619948;6.31;3.56;0.48
619999;6.07;3.75;0.67
620046;5.76;3.72;0.62
620098;5.40;3.57;0.58
620146;5.15;3.70;0.57
620198;4.79;3.69;0.64
620246;4.54;3.65;0.61
620298;4.18;3.67;0.62
620346;3.92;3.67;0.64
620398;3.57;3.63;0.67
620446;3.31;3.72;0.62
620777;1.23;6.68;0.48
620825;0.97;6.31;0.39
620877;0.61;5.80;0.28
620925;0.35;5.44;0.25
620977;0.00;4.94;0.25
621025;359.75;4.59;0.27
621077;359.40;4.13;0.37
621125;359.16;3.82;0.49
621177;358.80;3.54;0.54
621228;358.56;3.65;0.68
621275;358.22;3.63;0.62
621327;357.90;3.67;0.70
621375;357.63;3.76;0.54
621427;357.28;3.65;0.68
621475;357.02;3.59;0.72
621527;356.66;3.71;0.57
621575;356.41;3.66;0.60
621627;356.05;3.67;0.54
621675;355.80;3.61;0.57
621729;355.45;3.66;0.68
621775;355.18;3.62;0.66
621827;354.84;3.61;0.70
621875;354.58;3.58;0.64
621927;354.22;3.55;0.58
621975;353.97;3.59;0.63
622027;353.61;3.75;0.61
622075;353.34;3.54;0.51
622127;353.00;3.60;0.69
622175;352.73;3.65;0.53
622229;352.39;3.72;0.67
622275;352.11;3.68;0.54
622325;351.82;3.67;0.64
622377;351.47;3.61;0.69
622425;351.21;3.72;0.70
622477;350.86;3.60;0.75
622525;350.60;3.68;0.68
622577;350.24;3.65;0.64
622625;349.98;3.64;0.68
622677;349.63;3.58;0.64
622728;349.38;3.69;0.74
622775;349.06;3.73;0.63
622827;348.71;3.66;0.67
622875;348.46;3.80;0.68
622927;348.11;3.74;0.70
622975;347.85;3.72;0.65
623027;347.50;3.68;0.67
623075;347.24;3.65;0.68
623127;346.88;3.75;0.61
623175;346.63;3.63;0.63
623229;346.27;3.65;0.59
623275;346.00;3.65;0.64
623325;345.70;3.65;0.61
623377;345.35;3.72;0.66
623425;345.10;3.60;0.65
623477;344.74;3.57;0.66
623525;344.48;3.63;0.58
623577;344.12;3.61;0.56
623625;343.87;3.67;0.58
623677;343.52;3.66;0.64
623728;343.26;3.67;0.70
623775;342.94;3.65;0.58
623827;342.60;3.62;0.54
623875;342.34;3.68;0.60
623927;341.99;3.63;0.63
623975;341.73;3.70;0.60
624027;341.38;3.73;0.64
624075;341.12;3.53;0.65
624127;340.76;3.67;0.55
624175;340.50;3.65;0.53
624229;340.16;3.77;0.69
624275;339.87;3.61;0.51
624327;339.54;3.66;0.73
624375;339.26;3.82;0.54
624427;338.92;3.67;0.56
624475;338.67;3.68;0.69
624527;338.31;3.73;0.68
624575;338.06;3.64;0.67
624627;337.70;3.63;0.68
624675;337.45;3.57;0.71
624729;337.09;3.63;0.63
624775;336.81;3.65;0.64
624827;336.47;3.70;0.62
624875;336.21;3.62;0.62
624927;335.85;3.58;0.61
624975;335.60;3.57;0.70
625027;335.24;3.72;0.60
625075;334.98;3.58;0.59
625127;334.62;3.55;0.56
625175;334.37;3.67;0.65
625229;334.00;3.70;0.53
625275;333.74;3.70;0.55
625327;333.40;3.63;0.64
625375;333.12;3.73;0.57
625427;332.78;3.86;0.55
625475;332.53;3.70;0.66
625527;332.18;3.67;0.65
625575;331.92;3.68;0.71
625627;331.57;3.60;0.67
625675;331.31;3.71;0.65
625730;330.95;3.62;0.61
625775;330.68;3.69;0.65
625827;330.33;3.86;0.57
625875;330.07;3.59;0.52
625927;329.72;3.71;0.55
625975;329.47;3.65;0.62
626027;329.12;3.65;0.64
626075;328.85;3.70;0.49
626127;328.51;3.65;0.72
626175;328.25;3.59;0.71
626229;327.89;3.63;0.59
626275;327.62;3.75;0.62
626327;327.28;3.71;0.59
626375;327.02;3.51;0.56
626425;326.72;3.61;0.61
626477;326.35;3.52;0.56
626525;326.10;3.68;0.61
626577;325.76;3.69;0.75
626625;325.50;3.56;0.68
626677;325.14;3.67;0.65
626728;324.88;3.68;0.62
626775;324.56;3.55;0.59
626827;324.21;3.80;0.57
626875;323.96;3.67;0.72
626927;323.60;3.66;0.64
626975;323.35;3.69;0.63
627027;322.99;3.58;0.55
627075;322.73;3.67;0.52
627127;322.38;3.67;0.63
627175;322.13;3.65;0.72
627229;321.77;3.72;0.56
627275;321.50;3.67;0.63
627327;321.16;3.64;0.66
627375;320.90;3.61;0.64
627425;320.59;3.65;0.60
627477;320.24;3.71;0.72
627525;319.98;3.72;0.67
627577;319.62;3.71;0.64
627625;319.37;3.58;0.65
627677;319.00;3.60;0.53
627728;318.75;3.65;0.63
627775;318.45;3.60;0.61
627827;318.09;3.67;0.59
627875;317.84;3.72;0.66
627927;317.49;3.62;0.75
627975;317.22;3.76;0.66
628027;316.87;3.70;0.74
628075;316.61;3.66;0.67
628127;316.26;3.66;0.72
628175;315.99;3.69;0.48
628229;315.65;3.72;0.68
628275;315.38;3.57;0.63
628327;315.03;3.67;0.58
628375;314.78;3.62;0.65
628427;314.42;3.63;0.63
628475;314.15;3.65;0.58
628527;313.81;3.57;0.61
628575;313.56;3.63;0.69
628627;313.20;3.58;0.59
628675;312.94;3.60;0.61
628730;312.57;3.68;0.44
628775;312.32;3.77;0.75
628827;311.98;3.68;0.67
628875;311.71;3.68;0.55
628927;311.36;3.75;0.66
628975;311.10;3.62;0.62
629027;310.75;3.65;0.63
629075;310.49;3.71;0.59
629127;310.13;3.72;0.59
629175;309.88;3.70;0.70
629229;309.52;3.68;0.72
629275;309.26;3.56;0.72
629327;308.91;3.72;0.65
629375;308.66;3.76;0.71
629427;308.29;3.74;0.52
629475;308.02;3.68;0.54
629527;307.69;3.69;0.68
629575;307.43;3.63;0.66
629627;307.08;3.63;0.71
629675;306.81;3.69;0.60
629730;306.46;3.64;0.61
629775;306.20;3.76;0.67
629827;305.85;3.69;0.53
629875;305.60;3.61;0.61
629927;305.27;3.87;0.68
629975;305.02;3.65;0.63
630027;304.72;3.83;0.51
630075;304.48;3.90;0.51
630127;304.19;3.92;0.58
630175;303.96;3.98;0.56
630229;303.62;3.83;0.66
630275;303.34;3.82;0.52
630327;303.04;3.90;0.69
630375;302.78;3.85;0.73
630427;302.40;3.89;0.52
630475;302.15;3.98;0.56
630525;301.86;3.97;0.77
630577;301.50;3.98;0.66
630625;301.23;3.88;0.59
630677;300.88;3.76;0.77
630728;300.63;3.77;0.79
630775;300.32;3.84;0.79
630827;299.97;3.75;0.75
630875;299.71;3.77;0.75
630927;299.35;3.80;0.71
630975;299.09;3.86;0.73
631027;298.74;3.82;0.74
631075;298.48;3.89;0.76
631127;298.13;3.79;0.82
631175;297.86;3.87;0.68
631229;297.52;3.95;0.82
631275;297.24;3.85;0.75
631327;296.90;3.84;0.80
631375;296.64;3.75;0.64
631427;296.29;3.86;0.73
631475;296.04;3.80;0.83
631525;295.73;3.83;0.76
631577;295.37;3.75;0.70
631625;295.12;3.93;0.75
631677;294.76;3.82;0.67
631728;294.51;3.88;0.78
631775;294.19;3.85;0.78
631827;293.84;3.82;0.79
631875;293.59;3.78;0.80
631927;293.22;3.77;0.65
631975;292.96;3.78;0.67
632027;292.61;3.82;0.71
632075;292.36;3.77;0.80
632127;292.00;3.83;0.73
632175;291.73;3.82;0.59
632229;291.39;3.78;0.77
632275;291.12;3.82;0.76
632327;290.78;3.87;0.69
632375;290.53;3.76;0.82
632427;290.17;3.82;0.77
632475;289.90;3.78;0.61
632527;289.55;3.72;0.69
632575;289.29;3.74;0.80
632627;288.94;3.86;0.75
632675;288.69;3.75;0.82
632730;288.33;3.78;0.85
632775;288.06;3.88;0.79
632827;287.72;3.86;0.76
632875;287.45;3.81;0.63
632927;287.10;3.81;0.64
632975;286.84;3.92;0.65
633027;286.48;3.95;0.71
633075;286.23;3.80;0.71
633127;285.88;3.83;0.77
633175;285.62;3.74;0.71
633229;285.28;3.89;0.82
633275;284.99;3.69;0.65
633327;284.66;3.81;0.77
633375;284.40;3.81;0.80
633427;284.04;3.86;0.68
633475;283.78;3.75;0.65
633527;283.44;3.85;0.75
633575;283.16;3.88;0.70
633627;282.82;3.81;0.77
633675;282.56;3.72;0.74
633729;282.21;3.76;0.78
633775;281.94;3.81;0.72
633827;281.59;3.85;0.68
633875;281.33;3.88;0.63
633927;280.98;3.82;0.73
633975;280.72;3.86;0.74
634027;280.37;3.78;0.80
634075;280.11;3.91;0.68
634127;279.75;3.74;0.65
634175;279.49;3.73;0.65
634229;279.15;3.91;0.80
634275;278.87;3.90;0.67
634327;278.53;3.84;0.68
634375;278.27;3.78;0.70
634427;277.92;3.91;0.73
634475;277.66;3.82;0.83
634527;277.30;3.78;0.70
634575;277.05;3.79;0.73
634625;276.71;3.88;0.61
634677;276.40;3.74;0.83
634728;276.13;3.92;0.69
634775;275.82;3.77;0.71
634827;275.48;3.87;0.75
634875;275.21;3.79;0.69
634927;274.86;3.87;0.71
634975;274.60;3.75;0.72
635025;274.27;3.79;0.70
635077;273.94;3.82;0.71
635125;273.68;3.82;0.76
635177;273.32;3.88;0.62
635228;273.07;3.84;0.81
635275;272.76;3.77;0.73
635327;272.41;3.93;0.74
635375;272.16;3.78;0.86
635427;271.80;3.80;0.81
635475;271.53;3.90;0.68
635527;271.17;3.97;0.66
635575;270.92;3.83;0.69
635625;270.61;3.85;0.63
635677;270.27;3.85;0.76
635728;270.01;3.83;0.75
635775;269.70;3.86;0.78
635827;269.34;3.94;0.66
635875;269.09;3.74;0.77
635927;268.73;3.98;0.75
635975;268.47;3.75;0.61
636027;268.12;3.78;0.67
636075;267.86;3.90;0.71
636127;267.51;3.90;0.76
636175;267.23;3.90;0.59
636229;266.89;3.95;0.77
636275;266.62;3.82;0.76
636327;266.28;3.77;0.76
636375;266.02;3.91;0.73
636427;265.66;3.89;0.66
636475;265.42;3.72;0.89
636527;265.05;3.83;0.74
636575;264.80;3.82;0.83
636625;264.49;3.87;0.84
636677;264.13;3.84;0.72
636728;263.88;3.70;0.80
636775;263.57;3.74;0.75
636827;263.22;3.77;0.82
636875;262.95;3.74;0.71
636927;262.61;3.86;0.79
636975;262.35;3.72;0.73
637027;262.00;3.87;0.81
637075;261.74;3.85;0.77
637127;261.38;3.73;0.76
637175;261.12;3.88;0.68
637229;260.77;3.88;0.78
637275;260.50;3.73;0.75
637327;260.16;3.77;0.75
637375;259.91;3.76;0.77
637427;259.55;3.86;0.68
637475;259.30;3.87;0.79
637527;258.95;3.82;0.77
637575;258.69;3.84;0.81
637627;258.33;3.81;0.69
637675;258.06;3.90;0.83
637729;257.71;3.82;0.65
637775;257.44;3.81;0.68
637827;257.10;3.80;0.70
637875;256.84;3.84;0.68
637927;256.49;3.83;0.77
637975;256.24;3.72;0.74
638027;255.88;3.85;0.69
638075;255.62;3.79;0.70
638127;255.27;3.82;0.80
638175;255.01;4.00;0.81
638229;254.66;3.85;0.79
638275;254.38;3.81;0.70
638327;254.04;3.92;0.74
638375;253.78;3.83;0.67
638427;253.42;3.86;0.65
638475;253.17;3.75;0.80
638527;252.81;3.89;0.72
638575;252.56;3.74;0.69
638627;252.21;3.82;0.76
638675;251.94;3.87;0.80
638729;251.59;3.88;0.75
638775;251.33;3.89;0.84
638827;250.98;3.89;0.77
638875;250.72;3.74;0.76
638927;250.37;3.74;0.83
638975;250.11;3.85;0.75
639027;249.75;3.88;0.79
639075;249.50;3.76;0.83
639127;249.15;3.79;0.86
639175;248.88;3.78;0.71
639229;248.52;3.88;0.73
639275;248.25;3.89;0.71
639327;247.91;3.85;0.66
639375;247.65;3.76;0.75
639427;247.29;3.79;0.71
639475;247.03;3.98;0.71
639527;246.68;3.91;0.74
639575;246.43;3.84;0.81
639627;246.07;3.84;0.76
639675;245.82;3.82;0.79
639728;245.50;3.87;0.73
639775;245.19;3.83;0.71
639827;244.85;3.85;0.86
639875;244.58;3.76;0.75
639927;244.23;3.88;0.76
639975;243.96;3.75;0.67
640027;243.60;3.88;0.65
640075;243.36;3.86;0.78
640127;243.00;3.78;0.69
640175;242.74;3.74;0.72
640229;242.39;3.86;0.75
640275;242.11;3.92;0.66
640327;241.77;3.86;0.72
640375;241.53;3.79;0.83
640427;241.17;3.90;0.80
640475;240.91;3.82;0.83
640527;240.55;3.89;0.66
640575;240.29;3.82;0.66
640627;239.94;3.72;0.78
640675;239.67;3.89;0.61
641006;237.65;3.02;1.78
641054;237.36;3.43;1.28
641106;236.98;3.85;0.79
641154;236.71;3.88;0.63
641206;236.36;3.83;0.73
641254;236.10;3.83;0.79
641306;235.75;3.82;0.84
641354;235.49;3.78;0.78
641406;235.13;3.76;0.71
641457;234.88;3.80;0.81
641504;234.56;3.86;0.79
641556;234.22;3.81;0.81
641604;233.95;3.84;0.70
641656;233.60;3.88;0.74
641704;233.34;3.76;0.64
641756;232.98;3.79;0.62
641804;232.72;3.79;0.69
641856;232.37;3.83;0.78
641904;232.11;3.91;0.68
641958;231.76;3.79;0.69
642004;231.49;3.76;0.80
642054;231.20;3.80;0.76
642106;230.83;3.77;0.68
642154;230.58;3.79;0.77
642206;230.22;3.79;0.62
642254;229.97;3.87;0.76
642306;229.62;3.75;0.79
642354;229.35;3.82;0.67
642406;229.00;3.77;0.75
642457;228.74;3.83;0.69
642504;228.43;3.90;0.69
642556;228.09;3.90;0.78
642604;227.82;3.77;0.71
642656;227.48;3.74;0.81
642704;227.21;3.88;0.76
642756;226.86;3.72;0.79
642804;226.60;3.74;0.77
642856;226.24;3.79;0.62
642904;225.99;3.75;0.73
642958;225.63;3.84;0.73
643004;225.36;3.87;0.76
643054;225.06;3.88;0.67
643106;224.70;3.78;0.72
643154;224.45;3.81;0.76
643206;224.10;3.74;0.84
643254;223.83;3.88;0.68
643306;223.48;3.85;0.85
643354;223.22;3.98;0.70
643406;222.87;3.89;0.72
643457;222.61;3.88;0.80
643504;222.31;3.88;0.83
643556;221.96;3.85;0.82
643604;221.70;3.77;0.71
643656;221.34;3.73;0.67
643704;221.08;3.77;0.66
643756;220.74;3.83;0.73
643804;220.48;3.68;0.72
643856;220.13;3.83;0.73
643904;219.87;3.78;0.68
643958;219.51;3.89;0.71
644004;219.24;3.87;0.72
644056;218.90;3.82;0.74
644104;218.63;3.84;0.79
644156;218.28;3.84;0.64
644204;218.03;3.77;0.65
644256;217.69;3.97;0.81
644304;217.42;4.04;0.62
644356;217.06;3.77;0.73
644404;216.81;3.85;0.71
644458;216.45;3.89;0.76
644504;216.19;3.81;0.83
644556;215.84;3.75;0.81
644604;215.58;3.78;0.76
644656;215.22;3.87;0.66
644704;214.96;3.79;0.71
644756;214.61;3.69;0.77
644804;214.35;3.80;0.68
644856;214.00;3.72;0.81
644904;213.74;3.74;0.73
644959;213.38;3.81;0.69
645004;213.12;3.75;0.80
645056;212.78;3.81;0.79
645104;212.50;3.81;0.70
645156;212.16;3.90;0.71
645204;211.91;3.85;0.75
645256;211.55;3.88;0.75
645304;211.30;3.84;0.75
645356;210.94;3.81;0.70
645404;210.68;3.97;0.78
645458;210.32;3.87;0.72
645504;210.05;3.83;0.74
645556;209.71;3.78;0.69
645604;209.45;3.80;0.74
645656;209.10;3.94;0.75
645704;208.84;3.80;0.70
645756;208.48;3.83;0.76
645804;208.23;3.80;0.81
645856;207.86;3.93;0.66
645904;207.60;3.88;0.64
645958;207.24;3.76;0.59
646004;206.98;3.80;0.70
646056;206.65;3.93;0.88
646104;206.38;3.86;0.72
646154;206.08;3.86;0.70
646206;205.73;3.71;0.82
646254;205.47;3.80;0.73
646306;205.12;3.80;0.84
646354;204.85;3.88;0.71
646406;204.50;3.84;0.79
646457;204.24;3.86;0.73
646504;203.94;3.77;0.77
646556;203.58;3.81;0.78
646604;203.32;3.76;0.63
646656;202.98;3.76;0.82
646704;202.73;3.81;0.89
646756;202.37;3.83;0.80
646804;202.11;3.83;0.78
646856;201.74;3.82;0.64
646904;201.50;3.82;0.77
646958;201.14;3.89;0.76
647004;200.87;3.89;0.82
647056;200.52;3.81;0.67
647104;200.27;3.75;0.75
647154;199.95;3.76;0.66
647206;199.61;4.01;0.80
647254;199.35;3.89;0.74
647306;199.00;3.80;0.71
647354;198.74;3.86;0.75
647406;198.39;3.89;0.82
647457;198.13;3.86;0.80
647504;197.82;3.78;0.76
647556;197.47;3.75;0.72
647604;197.21;3.86;0.70
647656;196.86;3.77;0.78
647704;196.61;3.82;0.81
647756;196.24;3.81;0.66
647804;195.99;3.75;0.82
647856;195.62;3.83;0.66
647904;195.36;3.87;0.67
647958;195.01;3.79;0.74
648004;194.75;3.86;0.81
648056;194.40;3.77;0.78
648104;194.15;3.78;0.84
648156;193.80;3.88;0.82
648204;193.52;3.80;0.69
648256;193.18;3.80;0.75
648304;192.93;3.78;0.80
648356;192.58;3.82;0.82
648404;192.31;3.82;0.75
648458;191.96;3.96;0.79
648504;191.69;3.83;0.77
648556;191.35;3.79;0.73
648604;191.08;3.81;0.60
648656;190.75;3.72;0.82
648704;190.48;3.86;0.67
648756;190.14;3.86;0.87
648804;189.87;3.89;0.72
648856;189.52;3.85;0.84
648904;189.25;3.90;0.74
648958;188.88;3.91;0.69
649004;188.61;3.80;0.71
649056;188.26;3.91;0.66
649104;188.01;3.73;0.76
649156;187.66;3.72;0.71
649204;187.39;3.89;0.70
649256;187.04;3.91;0.72
649304;186.79;3.87;0.78
649356;186.44;3.85;0.73
649404;186.18;3.86;0.84
649458;185.83;4.00;0.72
649504;185.56;3.89;0.66
649556;185.22;3.80;0.79
649604;185.00;3.81;0.73
649656;184.62;3.93;0.45
649704;184.38;4.09;0.53
649756;184.02;3.85;0.62
649804;183.77;3.78;0.69
649856;183.43;3.91;0.75
649904;183.17;3.95;0.74
649958;182.82;3.79;0.82
650004;182.55;3.75;0.78
650056;182.20;3.90;0.67
650104;181.94;3.84;0.71
650156;181.59;3.82;0.75
650204;181.33;3.74;0.74
650254;181.02;3.82;0.70
650306;180.67;3.77;0.68
650354;180.42;3.76;0.74
650406;180.05;3.94;0.58
650457;179.80;3.85;0.65
650504;179.50;3.69;0.74
650556;179.14;3.70;0.74
650604;178.88;3.83;0.73
650656;178.54;4.01;0.88
650704;178.27;3.87;0.72
650756;177.91;3.85;0.72
650804;177.66;3.83;0.75
650856;177.30;3.87;0.70
650904;177.03;3.80;0.60
650958;176.70;3.79;0.84
651004;176.42;3.92;0.74
651056;176.08;3.78;0.84
651104;175.82;3.73;0.69
651156;175.47;3.90;0.74
651204;175.21;3.97;0.72
651254;174.90;3.91;0.68
651306;174.54;3.81;0.73
651354;174.28;3.77;0.73
651406;173.91;3.90;0.61
651457;173.66;4.03;0.67
651504;173.36;4.12;0.71
651556;173.00;4.06;0.68
651604;172.75;3.75;0.76
651656;172.39;3.92;0.83
651704;172.15;3.88;0.93
651756;171.77;3.66;0.66
651804;171.52;3.68;0.67
651856;171.17;3.82;0.73
651904;170.91;3.85;0.65
651958;170.56;3.92;0.73
652004;170.29;3.91;0.73
652056;169.95;3.85;0.70
652104;169.70;3.80;0.80
652156;169.35;4.02;0.85
652204;169.10;4.14;0.63
652256;168.73;4.25;0.41
652304;168.44;4.10;0.44
652356;168.11;4.22;0.52
652404;167.86;3.96;0.66
652458;167.50;4.10;0.64
652504;167.24;3.81;0.68
652556;166.90;4.14;0.62
652604;166.64;4.10;0.64
652656;166.28;3.96;0.63
652704;166.02;4.09;0.53
652756;165.68;3.94;0.47
652804;165.40;3.83;0.49
652856;165.07;4.01;0.61
652904;164.82;3.82;0.65
652958;164.50;3.97;0.79
653004;164.22;3.93;0.71
653056;163.86;3.90;0.71
653104;163.60;3.77;0.69
653156;163.25;3.83;0.68
653204;163.00;3.92;0.74
653256;162.64;3.72;0.73
653304;162.36;3.84;0.69
653356;162.05;3.83;0.78
653404;161.79;3.88;0.67
653458;161.41;3.98;0.59
653504;161.15;4.08;0.67
653556;160.82;4.01;0.67
653604;160.56;3.95;0.59
653656;160.23;3.96;0.68
653704;159.99;4.03;0.69
653756;159.65;3.86;0.70
653804;159.37;3.94;0.72
653856;159.02;3.93;0.73
653904;158.76;3.92;0.59
653958;158.41;3.94;0.56
654004;158.16;3.81;0.64
654056;157.82;3.86;0.68
654104;157.58;4.01;0.61
654156;157.24;4.03;0.67
654204;156.99;3.86;0.78
654256;156.67;4.08;0.76
654304;156.41;4.00;0.73
654354;156.11;4.02;0.81
654406;155.77;3.90;0.79
654457;155.53;4.05;0.69
654504;155.23;3.89;0.80
654556;154.91;4.14;0.68
654604;154.81;4.72;0.34
654656;154.49;4.66;0.44
654704;154.23;4.56;0.64
654756;153.83;4.22;0.61
654804;153.57;4.18;0.73
654856;153.20;4.11;0.74
654904;152.92;4.07;0.81
654958;152.55;4.06;0.79
655004;152.28;4.08;0.80
655056;151.87;4.03;0.80
655104;151.56;4.05;0.77
655156;151.19;3.95;0.70
655204;150.94;4.10;0.70
655256;150.60;3.93;0.65
655304;150.38;3.92;0.74
655354;150.09;4.03;0.80
655406;149.74;4.07;0.74
655457;149.49;4.03;0.80
655504;149.19;3.94;0.76
655556;148.83;4.02;0.74
655604;148.57;4.04;0.80
655656;148.18;4.10;0.67
655704;147.91;4.07;0.67
655756;147.59;4.03;0.75
655804;147.36;3.99;0.82
655856;147.01;4.18;0.74
655904;146.76;4.08;0.80
655958;146.37;4.34;0.72
656004;146.13;4.37;0.71
656056;145.46;4.16;0.71
656104;145.19;4.04;0.44
656156;144.82;4.21;0.35
656204;144.56;3.94;0.50
656256;144.23;3.89;0.43
656304;143.99;4.03;0.46
656356;143.64;3.91;0.52
656404;143.42;4.04;0.56
656458;143.11;4.05;0.64
656504;142.86;3.87;0.63
656556;142.55;3.99;0.72
656604;142.28;3.98;0.52
656656;141.93;4.04;0.67
656704;141.66;4.19;0.67
656756;141.32;3.93;0.71
656804;141.06;4.01;0.67
656856;140.70;3.92;0.68
656904;140.45;3.76;0.75
656959;140.09;3.81;0.72
657004;139.82;3.79;0.69
657056;139.47;3.91;0.77
657104;139.22;3.75;0.74
657154;138.88;3.94;0.77
657206;138.55;3.99;0.75
657254;138.29;3.91;0.76
657306;137.92;4.02;0.63
657354;137.68;3.76;0.78
657404;137.35;3.87;0.66
657458;137.01;3.96;0.76
657504;136.73;3.91;0.78
657556;136.39;3.83;0.76
657604;136.13;3.89;0.81
657656;135.76;3.89;0.68
657704;135.51;3.83;0.74
657756;135.14;3.82;0.68
657804;134.88;3.90;0.68
657856;134.52;4.02;0.65
657904;134.23;3.87;0.63
657958;133.93;4.21;0.65
658004;133.63;4.01;0.70
658056;133.28;4.18;0.65
658104;133.02;4.12;0.60
658156;132.66;4.01;0.72
658204;132.40;3.88;0.69
658256;132.04;4.01;0.69
658304;131.79;3.85;0.70
658356;131.43;3.79;0.69
658404;131.17;3.89;0.60
658457;130.87;3.91;0.81
658504;130.54;3.91;0.66
658556;130.19;3.87;0.65
658604;129.94;4.19;0.59
658656;129.60;4.14;0.59
658704;129.34;4.03;0.63
658756;129.00;3.77;0.77
658804;128.74;3.87;0.77
658856;128.39;3.97;0.80
658904;128.12;3.73;0.72
658958;127.76;3.93;0.75
659004;127.49;3.86;0.72
659056;127.15;3.84;0.76
659104;126.88;3.90;0.61
659156;126.53;4.00;0.79
659204;126.27;3.91;0.75
659256;125.91;3.87;0.77
659304;125.65;3.79;0.89
659356;125.29;3.87;0.69
659404;125.03;3.81;0.67
659457;124.72;4.01;0.71
659504;124.41;3.78;0.79
659556;124.06;3.92;0.71
659604;123.79;4.02;0.69
659656;123.44;3.87;0.78
659704;123.17;3.93;0.67
659756;122.82;3.94;0.78
659804;122.56;3.81;0.74
659856;122.20;3.87;0.80
659904;121.94;3.92;0.74
659958;121.58;3.88;0.80
660004;121.31;3.86;0.72
660056;120.96;3.88;0.69
660104;120.70;3.96;0.74
660156;120.35;3.86;0.78
660204;120.09;3.86;0.73
660256;119.73;3.88;0.82
660304;119.47;3.87;0.75
660356;119.11;3.82;0.74
660404;118.85;3.74;0.78
660458;118.49;3.87;0.68
660504;118.23;3.91;0.70
660556;117.88;3.93;0.84
660604;117.61;3.89;0.74
660656;117.26;3.85;0.73
660704;116.99;3.84;0.66
660756;116.63;3.96;0.71
660804;116.37;3.88;0.68
660856;116.02;3.82;0.67
660904;115.76;3.83;0.76
661235;113.77;3.67;2.14
661283;113.47;3.84;1.55
661335;113.06;3.92;0.73
661383;112.80;3.78;0.69
661435;112.44;3.91;0.69
661483;112.19;3.95;0.79
661535;111.83;3.86;0.78
661583;111.58;3.85;0.74
661635;111.22;3.86;0.73
661686;110.95;3.91;0.69
661733;110.66;3.89;0.84
661783;110.33;3.95;0.65
661835;109.98;3.94;0.74
661883;109.72;3.87;0.76
661935;109.36;3.88;0.70
661983;109.11;3.96;0.80
662035;108.75;3.85;0.76
662083;108.48;3.80;0.68
662135;108.12;3.84;0.64
662186;107.88;3.79;0.81
662233;107.56;3.88;0.78
662285;107.21;3.98;0.78
662333;106.94;3.74;0.64
662385;106.58;4.02;0.64
662433;106.33;3.90;0.69
662485;105.97;3.92;0.77
662533;105.72;3.92;0.84
662585;105.35;3.85;0.68
662633;105.09;3.88;0.67
662687;104.74;3.82;0.78
662733;104.47;3.89;0.79
662783;104.16;3.82;0.71
662835;103.82;3.98;0.93
662883;103.54;3.90;0.67
662935;103.19;3.83;0.72
662983;102.93;3.91;0.71
663035;102.58;3.94;0.79
663083;102.31;3.86;0.73
663135;101.96;3.82;0.83
663186;101.69;3.89;0.66
663233;101.39;3.86;0.75
663285;101.03;3.91;0.66
663333;100.77;3.85;0.64
663385;100.42;3.85;0.73
663433;100.16;3.92;0.72
663485;99.81;3.86;0.77
663533;99.55;3.78;0.78
663585;99.19;3.83;0.81
663633;98.93;3.90;0.69
663687;98.56;3.80;0.71
663733;98.30;3.89;0.77
663785;97.95;3.91;0.77
663833;97.67;3.91;0.64
663885;97.34;3.86;0.78
663933;97.07;3.97;0.73
663985;96.71;3.84;0.67
664033;96.45;3.81;0.69
664085;96.10;3.81;0.77
664133;95.85;3.87;0.83
664187;95.49;3.92;0.75
664233;95.22;3.89;0.74
664285;94.87;3.82;0.79
664333;94.60;3.89;0.59
664385;94.26;3.92;0.81
664433;94.00;3.83;0.77
664485;93.63;3.80;0.68
664533;93.37;3.83;0.65
664585;93.01;3.90;0.68
664633;92.76;3.83;0.77
664687;92.40;3.71;0.70
664733;92.13;3.84;0.73
664785;91.79;3.80;0.83
664833;91.52;3.87;0.67
664885;91.17;3.86;0.78
664933;90.90;3.80;0.82
664985;90.55;3.91;0.71
665033;90.29;3.92;0.63
665085;89.93;3.83;0.74
665133;89.67;3.93;0.71
665187;89.31;3.81;0.66
665233;89.04;3.70;0.72
665285;88.69;3.89;0.62
665333;88.45;3.68;0.81
665385;88.08;3.97;0.69
665433;87.82;3.81;0.73
665485;87.47;3.82;0.75
665533;87.20;3.88;0.69
665585;86.85;3.98;0.65
665633;86.59;3.94;0.65
665687;86.24;3.90;0.82
665733;85.96;3.88;0.75
665785;85.62;3.95;0.83
665833;85.36;3.79;0.84
665885;85.00;3.82;0.71
665933;84.75;3.87;0.76
665983;84.43;3.88;0.64
666035;84.07;3.86;0.64
666083;83.82;3.88;0.76
666135;83.46;3.81;0.71
666186;83.21;3.80;0.79
666233;82.90;3.92;0.73
666285;82.53;3.80;0.60
666333;82.28;3.84;0.75
666385;81.92;3.80;0.72
666433;81.68;3.93;0.93
666485;81.31;3.89;0.78
666533;81.04;3.82;0.66
666585;80.69;3.86;0.72
666633;80.43;3.93;0.76
666687;80.07;3.92;0.69
666733;79.80;3.89;0.62
666785;79.46;3.76;0.80
666833;79.20;3.95;0.71
666885;78.84;3.88;0.74
666933;78.58;3.84;0.69
666985;78.23;3.86;0.81
667033;77.96;3.84;0.81
667085;77.61;3.84;0.74
667133;77.35;3.88;0.78
667188;76.99;3.87;0.70
667233;76.72;3.84;0.73
667285;76.37;3.84;0.63
667333;76.11;3.86;0.71
667385;75.76;3.71;0.77
667433;75.50;3.83;0.69
667485;75.14;3.81;0.74
667533;74.89;3.89;0.85
667585;74.52;3.90;0.70
667633;74.27;3.82;0.78
667687;73.91;3.97;0.84
667733;73.63;3.87;0.66
667785;73.29;3.83;0.76
667833;73.03;3.80;0.67
667885;72.68;3.87;0.75
667933;72.41;3.84;0.71
667985;72.06;3.84;0.76
668033;71.79;3.85;0.62
668085;71.44;3.90;0.66
668133;71.17;3.73;0.66
668188;70.82;3.83;0.70
668233;70.56;3.89;0.85
668285;70.21;3.96;0.79
668333;69.94;3.73;0.69
668385;69.59;3.85;0.69
668433;69.33;3.78;0.69
668485;68.98;3.88;0.74
668533;68.72;3.79;0.75
668585;68.35;3.81;0.64
668633;68.10;3.84;0.77
668687;67.74;3.80;0.66
668733;67.46;3.84;0.63
668785;67.12;3.85;0.72
668833;66.86;3.81;0.67
668885;66.51;3.85;0.71
668933;66.24;3.91;0.67
668985;65.89;3.88;0.76
669033;65.62;3.83;0.63
669085;65.27;3.79;0.68
669133;65.01;3.92;0.73
669186;64.70;3.87;0.73
669233;64.39;3.86;0.69
669285;64.04;3.77;0.75
669333;63.78;3.79;0.79
669385;63.42;3.91;0.81
669433;63.16;3.80;0.76
669485;62.81;3.87;0.79
669533;62.54;3.91;0.71
669585;62.19;3.91;0.79
669633;61.92;3.88;0.69
669687;61.57;3.76;0.72
669733;61.29;3.86;0.67
669785;60.94;3.72;0.67
669833;60.69;3.75;0.75
669885;60.33;3.75;0.72
669933;60.07;3.89;0.74
669985;59.72;3.90;0.77
670033;59.45;3.77;0.72
670085;59.10;3.96;0.76
670133;58.83;3.80;0.68
670187;58.48;3.88;0.70
670233;58.18;3.89;0.63
670285;57.86;3.91;0.69
670333;57.61;3.84;0.73
670385;57.25;3.81;0.65
670433;56.98;3.93;0.60
670485;56.64;3.90;0.76
670533;56.37;3.80;0.74
670585;56.01;3.89;0.66
670633;55.75;3.83;0.66
670687;55.40;3.93;0.72
670733;55.13;3.81;0.71
670785;54.78;3.89;0.73
670833;54.52;3.94;0.67
670885;54.16;3.87;0.68
670933;53.91;3.94;0.71
670985;53.55;3.91;0.65
671033;53.28;3.96;0.61
671085;52.93;3.76;0.70
671133;52.68;3.87;0.78
671187;52.31;3.74;0.61
671233;52.05;3.81;0.71
671285;51.71;3.84;0.81
671333;51.44;3.76;0.80
671385;51.08;3.85;0.68
671433;50.84;3.91;0.83
671485;50.47;3.90;0.71
671533;50.22;3.79;0.71
671585;49.85;3.89;0.65
671633;49.59;3.80;0.66
671687;49.25;3.79;0.80
671733;48.96;3.80;0.67
671785;48.62;3.81;0.73
671833;48.36;3.80;0.72
671885;48.01;3.82;0.75
671933;47.74;3.95;0.69
671985;47.39;3.88;0.72
672033;47.13;3.87;0.76
672085;46.78;3.81;0.79
672133;46.51;3.88;0.65
672187;46.16;3.80;0.82
672233;45.89;3.88;0.72
672285;45.54;3.82;0.69
672333;45.28;3.83;0.74
672383;44.98;3.78;0.81
672435;44.62;3.92;0.77
672483;44.36;3.78;0.72
672535;44.00;3.89;0.70
672583;43.75;3.82;0.74
672635;43.39;3.82;0.72
672686;43.13;3.80;0.73
672733;42.81;3.89;0.68
672785;42.46;3.91;0.65
672833;42.21;3.82;0.71
672885;41.85;3.82;0.69
672933;41.59;3.86;0.66
672985;41.24;3.80;0.75
673033;40.98;3.78;0.72
673085;40.63;3.91;0.81
673133;40.36;3.86;0.77
673188;40.00;3.91;0.66
673233;39.72;3.94;0.56
673285;39.38;3.91;0.64
673333;39.13;3.85;0.68
673385;38.77;3.88;0.66
673433;38.51;3.95;0.72
673485;38.16;3.87;0.74
673533;37.90;3.78;0.74
673585;37.54;3.72;0.70
673633;37.28;3.84;0.61
673687;36.93;3.95;0.73
673733;36.66;3.91;0.78
673785;36.32;3.87;0.83
673833;36.05;3.87;0.65
673885;35.69;3.84;0.69
673933;35.43;3.77;0.69
673985;35.08;3.90;0.76
674033;34.83;3.84;0.79
674085;34.46;3.86;0.65
674133;34.20;3.78;0.63
674188;33.85;3.94;0.71
674233;33.58;3.84;0.75
674285;33.24;3.83;0.75
674333;32.97;3.88;0.66
674385;32.62;4.02;0.71
674433;32.35;3.79;0.66
674485;32.01;3.77;0.81
674533;31.74;3.80;0.78
674585;31.39;3.81;0.71
674633;31.13;3.78;0.79
674687;30.77;3.93;0.61
674733;30.50;3.86;0.73
674785;30.15;3.86;0.70
674833;29.89;3.73;0.65
674885;29.55;3.94;0.92
674933;29.27;3.86;0.64
674985;28.92;3.88;0.66
675033;28.66;3.81;0.66
675085;28.30;3.85;0.71
675133;28.04;3.83;0.75
675187;27.68;3.76;0.69
675233;27.42;3.82;0.74
675285;27.07;3.75;0.74
675333;26.81;3.80;0.74
675385;26.46;3.81;0.75
675433;26.19;3.81;0.69
675485;25.83;3.81;0.65
675533;25.57;3.89;0.73
675583;25.27;3.81;0.72
675635;24.91;3.88;0.76
675686;24.65;3.93;0.68
675733;24.34;3.76;0.77
675785;23.99;3.98;0.75
675833;23.73;3.84;0.72
675885;23.37;3.80;0.73
675933;23.12;3.91;0.82
675985;22.75;3.89;0.77
676033;22.49;3.83;0.71
676085;22.13;3.78;0.73
676133;21.88;3.94;0.76
676187;21.51;3.80;0.60
676233;21.25;3.78;0.80
676285;20.90;3.77;0.73
676333;20.65;3.86;0.81
676385;20.29;3.81;0.74
676433;20.03;3.86;0.71
676485;19.67;4.02;0.67
676533;19.42;3.90;0.72
676585;19.06;3.79;0.68
676633;18.79;3.86;0.71
676687;18.44;3.92;0.67
676733;18.17;3.84;0.71
676785;17.83;3.91;0.80
676833;17.56;3.89;0.56
676885;17.21;3.81;0.75
676933;16.95;3.82;0.66
676985;16.59;3.88;0.62
677033;16.33;3.82;0.69
677085;15.98;3.88;0.72
677133;15.71;3.74;0.64
677187;15.36;3.80;0.75
677233;15.09;3.90;0.82
677285;14.74;3.89;0.67
677333;14.48;3.84;0.69
677385;14.13;3.85;0.78
677433;13.87;3.78;0.73
677485;13.51;3.83;0.65
677533;13.26;3.80;0.75
677585;12.90;3.77;0.71
677633;12.64;3.88;0.62
677687;12.29;3.88;0.76
677733;11.99;3.82;0.66
677785;11.67;3.93;0.84
677833;11.41;3.88;0.70
677885;11.05;3.90;0.70
677933;10.79;3.79;0.76
677985;10.44;3.81;0.82
678033;10.17;3.93;0.67
678085;9.81;3.85;0.61
678133;9.56;3.86;0.72
678187;9.19;3.78;0.67
678233;8.93;3.83;0.84
678285;8.58;3.80;0.69
678333;8.32;3.79;0.70
678385;7.96;3.79;0.66
678433;7.71;3.88;0.77
678485;7.35;3.77;0.71
678533;7.09;3.91;0.79
678585;6.73;3.86;0.64
678633;6.47;3.80;0.70
678687;6.11;3.84;0.69
678733;5.83;3.80;0.63
678783;5.54;3.77;0.67
678835;5.19;3.76;0.72
678883;4.93;3.96;0.61
678935;4.58;3.82;0.76
678983;4.32;3.88;0.78
679035;3.96;3.89;0.74
679083;3.70;3.84;0.69
679135;3.35;3.82;0.77
679186;3.08;3.80;0.67
679233;2.78;3.84;0.67
679283;2.44;3.87;0.69
679335;2.12;3.79;0.82
679383;1.85;3.88;0.73
679435;1.50;3.91;0.74
679483;1.24;3.79;0.81
679535;0.88;3.91;0.79
679583;0.62;3.91;0.82
679635;0.26;3.84;0.72
679686;359.99;3.79;0.60
679733;359.69;3.80;0.79
679785;359.33;3.77;0.69
679833;359.07;3.75;0.67
679883;358.77;3.88;0.71
679935;358.41;3.87;0.78
679983;358.16;3.85;0.85
680035;357.79;3.82;0.76
680083;357.53;3.77;0.74
680135;357.18;3.93;0.72
680186;356.91;3.75;0.72
680233;356.60;3.83;0.72
680285;356.25;3.81;0.76
680333;355.98;3.79;0.58
680385;355.63;3.75;0.73
680433;355.37;3.79;0.72
680485;355.01;3.83;0.65
680533;354.75;3.91;0.69
680585;354.40;3.89;0.71
680633;354.14;3.94;0.78
680687;353.78;3.92;0.72
680733;353.51;3.94;0.68
680785;353.17;3.84;0.80
680833;352.91;3.87;0.72
680885;352.56;3.85;0.86
680933;352.28;3.96;0.77
680985;351.93;4.02;0.69
681033;351.67;3.74;0.73
681085;351.32;3.90;0.80
681133;351.05;3.92;0.66
681464;349.09;5.43;2.20
681512;348.80;5.18;1.77
681564;348.40;4.78;1.24
681612;348.12;4.45;0.94
681664;347.74;3.95;0.68
681712;347.50;3.89;0.83
681764;347.13;3.78;0.70
681812;346.87;3.83;0.73
681864;346.52;3.83;0.76
681915;346.25;3.78;0.72
681962;345.94;3.89;0.69
682014;345.59;3.81;0.76
682062;345.33;3.76;0.69
682114;344.97;3.79;0.64
682162;344.71;3.79;0.73
682212;344.40;3.88;0.70
682264;344.05;3.96;0.76
682312;343.79;3.83;0.71
682364;343.42;3.76;0.61
682415;343.16;3.83;0.66
682462;342.86;3.97;0.78
682514;342.50;3.90;0.69
682562;343.11;3.51;0.65
682614;342.12;1.16;-2.72
682662;341.06;-0.83;-3.95
682714;340.51;0.26;-2.99
682762;340.17;0.55;-3.04
682814;339.75;1.07;-2.76
682862;339.47;1.42;-2.49
682916;339.10;1.90;-2.09
682962;338.82;2.24;-1.76
683014;338.49;2.63;-1.32
683062;338.24;2.88;-0.97
683114;337.90;3.13;-0.46
683162;337.67;3.27;-0.08
683212;337.38;3.23;0.31
683264;337.03;3.32;0.31
683312;336.78;3.37;0.38
683364;336.42;3.30;0.35
683415;336.17;3.41;0.38
683462;335.85;3.25;0.45
683514;335.49;3.35;0.28
683562;335.24;3.37;0.52
683614;334.87;3.21;0.36
683662;334.61;3.39;0.36
683714;334.25;3.41;0.32
683762;333.98;3.23;0.29
683814;333.63;3.35;0.28
683862;333.37;3.27;0.32
683916;333.01;3.23;0.43
683962;332.73;3.31;0.25
684014;332.39;3.45;0.34
684062;332.13;3.25;0.48
684114;331.76;3.34;0.28
684162;331.51;3.35;0.38
684214;331.15;3.26;0.44
684262;330.87;3.27;0.33
684314;330.52;3.29;0.35
684362;330.25;3.28;0.21
684416;329.91;3.25;0.47
684462;329.62;3.38;0.32
684514;329.29;3.38;0.47
684562;329.02;3.32;0.39
684614;328.66;3.30;0.31
684662;328.40;3.33;0.36
684714;328.04;3.29;0.30
684762;327.78;3.37;0.38
684814;327.42;3.24;0.33
684862;327.16;3.49;0.30
684916;326.80;3.31;0.37
684962;326.53;3.36;0.39
685014;326.17;3.37;0.35
685062;325.92;3.27;0.43
685114;325.55;3.39;0.28
685162;325.29;3.32;0.28
685214;324.94;3.31;0.49
685262;324.66;3.45;0.40
685314;324.31;3.32;0.37
685362;324.05;3.24;0.46
685416;323.69;3.28;0.32
685462;323.41;3.35;0.29
685514;323.07;3.28;0.47
685562;322.80;3.41;0.29
685614;322.45;3.23;0.35
685662;322.19;3.27;0.38
685714;321.82;3.33;0.33
685762;321.56;3.29;0.33
685814;321.20;3.27;0.32
685862;320.94;3.27;0.29
685916;320.59;3.35;0.46
685962;320.31;3.23;0.32
686014;319.96;3.21;0.40
686062;319.70;3.28;0.26
686114;319.33;3.31;0.22
686162;319.08;3.35;0.35
686214;318.72;3.19;0.42
686262;318.46;3.19;0.40
686312;318.15;3.28;0.37
686364;317.79;3.35;0.40
686415;317.53;3.33;0.40
686462;317.21;3.24;0.37
686514;316.85;3.25;0.40
686562;316.59;3.40;0.34
686614;316.24;3.29;0.45
686662;315.97;3.33;0.38
686714;315.61;3.34;0.37
686762;315.35;3.42;0.35
686814;314.99;3.22;0.36
686862;314.73;3.25;0.36
686917;314.36;3.27;0.23
686962;314.10;3.32;0.39
687014;313.75;3.37;0.38
687062;313.49;3.46;0.34
687114;313.13;3.31;0.41
687162;312.87;3.17;0.36
687214;312.50;3.32;0.37
687262;312.25;3.25;0.45
687313;311.89;3.41;0.35
687365;311.56;3.26;0.38
687415;311.30;3.22;0.31
687464;310.99;3.32;0.31
687516;310.62;3.30;0.36
687564;310.36;3.32;0.38
687616;310.00;3.25;0.30
687664;309.74;3.32;0.42
687716;309.38;3.23;0.37
687764;309.11;3.28;0.35
687816;308.75;3.27;0.30
687864;308.49;3.24;0.40
687917;308.12;3.26;0.26
687964;307.88;3.19;0.45
688016;307.52;3.23;0.48
688064;307.25;3.35;0.28
688116;306.90;3.33;0.48
688164;306.63;3.45;0.33
688216;306.27;3.40;0.36
688264;306.01;3.21;0.41
688316;305.64;3.25;0.34
688364;305.37;3.26;0.31
688417;305.02;3.26;0.34
688464;304.76;3.26;0.40
688516;304.40;3.30;0.31
688564;304.14;3.24;0.29
688616;303.78;3.35;0.35
688664;303.52;3.24;0.40
688716;303.16;3.32;0.32
688764;302.90;3.36;0.43
688816;302.54;3.32;0.35
688864;302.28;3.22;0.37
688917;301.91;3.30;0.32
688964;301.66;3.29;0.38
689016;301.30;3.28;0.36
689064;301.03;3.29;0.30
689116;300.68;3.32;0.37
689164;300.41;3.47;0.29
689216;300.05;3.33;0.38
689264;299.80;3.41;0.42
689316;299.43;3.27;0.37
689364;299.17;3.24;0.49
689417;298.81;3.21;0.33
689464;298.55;3.25;0.35
689516;298.20;3.41;0.48
689564;297.94;3.40;0.49
689616;297.58;3.34;0.44
689664;297.31;3.42;0.25
689716;296.95;3.31;0.40
689764;296.69;3.37;0.47
689816;296.33;3.30;0.38
689864;296.07;3.31;0.45
689917;295.71;3.29;0.36
689964;295.44;3.34;0.30
690016;295.09;3.24;0.38
690064;294.82;3.40;0.31
690116;294.47;3.29;0.35
690164;294.20;3.36;0.29
690216;293.84;3.31;0.35
690264;293.59;3.39;0.38
690316;293.23;3.23;0.43
690364;292.96;3.36;0.29
690415;292.65;3.39;0.41
690464;292.35;3.45;0.49
690516;291.99;3.38;0.53
690564;291.72;3.28;0.47
690616;291.36;3.29;0.38
690664;291.10;3.34;0.42
690716;290.74;3.36;0.38
690764;290.47;3.29;0.35
690816;290.11;3.33;0.34
690864;289.86;3.30;0.43
690917;289.49;3.35;0.37
690964;289.22;3.47;0.30
691016;288.87;3.39;0.42
691064;288.61;3.35;0.44
691116;288.24;3.18;0.31
691164;287.99;3.35;0.38
691216;287.63;3.24;0.37
691264;287.38;3.38;0.50
691316;287.00;3.25;0.34
691364;286.74;3.29;0.35
691415;286.44;3.38;0.40
691464;286.13;3.27;0.37
691516;285.76;3.32;0.43
691564;285.51;3.31;0.49
691616;285.15;3.36;0.50
691664;284.88;3.42;0.48
691716;284.53;3.27;0.50
691764;284.26;3.32;0.35
691816;283.89;3.21;0.41
691864;283.63;3.34;0.37
691917;283.27;3.27;0.41
691964;283.01;3.32;0.39
692016;282.65;3.35;0.46
692064;282.39;3.27;0.49
692116;282.02;3.28;0.32
692164;281.77;3.29;0.40
692216;281.41;3.52;0.37
692264;281.15;3.26;0.37
692316;280.79;3.30;0.39
692364;280.53;3.37;0.34
692417;280.16;3.35;0.30
692464;279.88;3.24;0.29
692516;279.55;3.28;0.42
692564;279.29;3.39;0.43
692616;278.92;3.25;0.31
692664;278.67;3.24;0.42
692716;278.31;3.33;0.42
692764;278.04;3.32;0.35
692816;277.69;3.34;0.42
692864;277.42;3.33;0.35
692917;277.06;3.24;0.26
692964;276.81;3.36;0.42
693016;276.44;3.33;0.39
693064;276.18;3.16;0.37
693116;275.82;3.33;0.40
693164;275.56;3.26;0.42
693216;275.20;3.25;0.32
693264;274.94;3.34;0.42
693316;274.58;3.35;0.36
693364;274.32;3.43;0.32
693417;273.96;3.25;0.42
693464;273.68;3.31;0.33
693516;273.34;3.27;0.32
693564;273.08;3.34;0.43
693616;272.72;3.31;0.42
693664;272.46;3.31;0.40
693716;272.09;3.25;0.39
693764;271.83;3.39;0.29
693816;271.48;3.33;0.47
693864;271.21;3.24;0.35
693917;270.85;3.34;0.41
693964;270.58;3.25;0.38
694016;270.23;3.38;0.43
694064;269.97;3.32;0.45
694116;269.60;3.26;0.29
694164;269.34;3.39;0.38
694216;268.98;3.26;0.34
694264;268.72;3.24;0.35
694316;268.37;3.19;0.45
694364;268.10;3.26;0.26
694417;267.73;3.25;0.30
694464;267.48;3.35;0.44
694514;267.17;3.32;0.38
694566;266.81;3.31;0.34
694614;266.55;3.33;0.43
694666;266.19;3.30;0.37
694714;265.93;3.23;0.47
694766;265.56;3.23;0.36
694814;265.30;3.31;0.39
694866;264.94;3.19;0.37
694915;264.68;3.21;0.38
694966;264.33;3.33;0.45
695014;264.06;3.27;0.39
695066;263.71;3.34;0.41
695114;263.44;3.26;0.27
695166;263.09;3.36;0.43
695214;262.83;3.33;0.42
695266;262.46;3.28;0.34
695314;262.20;3.30;0.36
695366;261.84;3.26;0.42
695415;261.59;3.30;0.47
695464;261.28;3.28;0.36
695514;260.96;3.29;0.31
695566;260.60;3.36;0.35
695614;260.34;3.45;0.38
695666;259.99;3.32;0.42
695714;259.72;3.38;0.42
695766;259.36;3.27;0.39
695814;259.11;3.30;0.46
695866;258.75;3.30;0.44
695915;258.48;3.36;0.37
695964;258.18;3.18;0.36
696016;257.81;3.21;0.44
696064;257.54;3.36;0.39
696116;257.18;3.29;0.34
696164;256.93;3.25;0.44
696216;256.56;3.26;0.41
696264;256.30;3.24;0.39
696316;255.95;3.25;0.50
696364;255.68;3.20;0.34
696417;255.31;3.21;0.30
696464;255.07;3.30;0.49
696516;254.69;3.22;0.26
696564;254.42;3.41;0.32
696616;254.08;3.18;0.32
696664;253.82;3.24;0.40
696716;253.46;3.16;0.43
696764;253.20;3.29;0.40
696816;252.84;3.34;0.48
696864;252.58;3.32;0.40
696917;252.21;3.29;0.30
696964;251.95;3.31;0.42
697016;251.59;3.33;0.34
697064;251.33;3.38;0.32
697116;250.97;3.33;0.41
697164;250.72;3.33;0.54
697216;250.35;3.28;0.48
697264;250.09;3.47;0.48
697316;249.73;3.24;0.43
697364;249.45;3.34;0.24
697417;249.09;3.45;0.26
697464;248.84;3.35;0.32
697516;248.48;3.31;0.32
697564;248.21;3.27;0.42
697616;247.86;3.35;0.38
697664;247.60;3.29;0.47
697716;247.24;3.27;0.32
697764;246.98;3.28;0.38
697816;246.62;3.30;0.40
697864;246.36;3.32;0.41
697917;246.00;3.27;0.47
697964;245.73;3.31;0.39
698016;245.37;3.42;0.33
698064;245.12;3.39;0.39
698116;244.75;3.35;0.45
698164;244.49;3.30;0.31
698216;244.13;3.28;0.40
698264;243.86;3.22;0.25
698316;243.50;3.26;0.41
698364;243.24;3.27;0.39
698417;242.88;3.35;0.37
698464;242.62;3.30;0.44
698516;242.26;3.28;0.49
698564;242.00;3.32;0.43
698614;241.65;3.39;0.36
698666;241.32;3.36;0.38
698714;241.07;3.27;0.49
698766;240.70;3.37;0.30
698814;240.44;3.32;0.29
698866;240.08;3.38;0.39
698915;239.83;3.32;0.41
698964;239.52;3.41;0.36
699016;239.15;3.27;0.36
699064;238.89;3.28;0.34
699116;238.54;3.31;0.50
699164;238.27;3.27;0.40
699216;237.91;3.34;0.50
699264;237.65;3.23;0.41
699316;237.28;3.22;0.33
699364;237.03;3.37;0.39
699417;236.66;3.32;0.45
699464;236.40;3.24;0.45
699516;236.05;3.19;0.43
699564;235.78;3.37;0.37
699614;235.47;3.26;0.42
699666;235.11;3.29;0.41
699714;234.84;3.33;0.25
699766;234.49;3.28;0.35
699814;234.23;3.37;0.43
699866;233.87;3.23;0.46
699915;233.60;3.31;0.32
699964;233.31;3.46;0.37
700016;232.94;3.36;0.43
700064;232.68;3.26;0.36
700116;232.32;3.44;0.37
700164;232.06;3.36;0.35
700216;231.69;3.20;0.28
700264;231.44;3.27;0.45
700316;231.08;3.24;0.44
700364;230.81;3.20;0.37
700417;230.45;3.26;0.33
700464;230.18;3.36;0.31
700516;229.83;3.34;0.41
700564;229.57;3.33;0.41
700614;229.26;3.37;0.37
700666;228.90;3.29;0.42
700714;228.65;3.20;0.44
700766;228.28;3.18;0.34
700814;228.03;3.26;0.47
700866;227.66;3.29;0.38
700915;227.40;3.29;0.39
700964;227.09;3.30;0.36
701016;226.72;3.34;0.37
701064;226.45;3.28;0.22
701116;226.09;3.21;0.25
701164;225.84;3.32;0.41
701216;225.48;3.36;0.44
701264;225.23;3.41;0.56
701316;224.86;3.28;0.46
701364;224.59;3.26;0.29
701693;222.55;2.52;1.28
701741;222.26;2.96;0.82
701793;221.88;3.36;0.44
701841;221.61;3.23;0.29
701893;221.26;3.33;0.36
701941;220.98;3.21;0.35
701993;220.64;3.26;0.42
702041;220.37;3.37;0.37
702093;220.02;3.28;0.49
702144;219.75;3.40;0.35
702191;219.44;3.40;0.43
702243;219.08;3.18;0.42
702291;218.82;3.21;0.40
702343;218.46;3.32;0.45
702391;218.19;3.40;0.25
702443;217.83;3.36;0.38
702491;217.57;3.31;0.38
702543;217.22;3.42;0.44
702591;216.95;3.35;0.36
702645;216.59;3.27;0.35
702691;216.32;3.28;0.35
702743;215.97;3.25;0.40
702791;215.71;3.14;0.30
702843;215.35;3.23;0.40
702891;215.09;3.30;0.32
702941;214.78;3.26;0.28
702993;214.42;3.36;0.34
703041;214.16;3.38;0.39
703093;213.80;3.22;0.50
703144;213.54;3.32;0.46
703191;213.23;3.30;0.39
703243;212.87;3.34;0.44
703291;212.60;3.28;0.36
703343;212.24;3.24;0.37
703391;211.98;3.18;0.36
703443;211.63;3.21;0.45
703491;211.36;3.32;0.37
703543;211.00;3.25;0.39
703591;210.74;3.36;0.41
703646;210.38;3.30;0.33
703691;210.11;3.25;0.41
703743;209.76;3.30;0.44
703791;209.50;3.23;0.33
703843;209.15;3.28;0.47
703891;208.87;3.31;0.25
703943;208.53;3.34;0.52
703991;208.23;3.33;0.33
704043;207.90;3.30;0.35
704091;207.64;3.41;0.45
704145;207.28;3.28;0.39
704191;207.01;3.25;0.37
704243;206.66;3.27;0.41
704291;206.40;3.45;0.41
704343;206.04;3.29;0.44
704391;205.77;3.28;0.37
704443;205.41;3.28;0.36
704491;205.16;3.36;0.45
704543;204.80;3.25;0.47
704591;204.53;3.28;0.36
704645;204.17;3.27;0.38
704691;203.90;3.24;0.34
704743;203.55;3.34;0.41
704791;203.29;3.27;0.41
704843;202.93;3.27;0.42
704891;202.67;3.22;0.36
704943;202.31;3.32;0.35
704991;202.03;3.35;0.33
705043;201.69;3.26;0.49
705091;201.43;3.30;0.40
705145;201.06;3.18;0.44
705191;200.79;3.34;0.33
705243;200.44;3.30;0.33
705291;200.18;3.39;0.44
705343;199.82;3.31;0.33
705391;199.56;3.28;0.42
705443;199.20;3.28;0.26
705491;198.94;3.32;0.31
705543;198.59;3.30;0.47
705591;198.32;3.31;0.41
705645;197.96;3.31;0.39
705691;197.68;3.27;0.26
705743;197.33;3.33;0.34
705791;197.08;3.30;0.54
705843;196.71;3.23;0.36
705891;196.45;3.35;0.31
705943;196.10;3.38;0.47
705991;195.83;3.24;0.36
706041;195.52;3.30;0.41
706093;195.16;3.35;0.43
706144;194.90;3.20;0.35
706191;194.59;3.34;0.45
706243;194.23;3.27;0.36
706291;193.97;3.20;0.39
706343;193.61;3.22;0.38
706391;193.34;3.35;0.32
706443;192.98;3.24;0.41
706491;192.72;3.34;0.40
706543;192.36;3.30;0.36
706591;192.10;3.21;0.34
706645;191.74;3.26;0.30
706691;191.47;3.23;0.39
706743;191.12;3.30;0.46
706791;190.86;3.33;0.43
706843;190.49;3.22;0.38
706891;190.24;3.35;0.51
706943;189.87;3.23;0.36
706991;189.61;3.33;0.36
707041;189.30;3.25;0.47
707093;188.94;3.37;0.41
707144;188.68;3.31;0.41
707191;188.37;3.36;0.39
707243;188.01;3.29;0.37
707291;187.75;3.24;0.41
707343;187.38;3.24;0.36
707391;187.13;3.30;0.45
707443;186.77;3.33;0.54
707491;186.51;3.27;0.52
707543;186.14;3.31;0.37
707591;185.87;3.37;0.20
707645;185.52;3.28;0.42
707691;185.25;3.33;0.35
707743;184.89;3.33;0.22
707791;184.64;3.34;0.32
707843;184.28;3.26;0.41
707891;184.01;3.36;0.29
707943;183.66;3.34;0.49
707991;183.40;3.30;0.46
708043;183.04;3.30;0.38
708091;182.76;3.37;0.36
708145;182.41;3.33;0.41
708191;182.14;3.33;0.47
708243;181.79;3.27;0.34
708291;181.53;3.25;0.39
708343;181.17;3.20;0.39
708391;180.91;3.22;0.40
708443;180.54;3.38;0.33
708491;180.29;3.36;0.43
708543;179.93;3.34;0.43
708591;179.66;3.34;0.33
708645;179.31;3.35;0.50
708691;179.04;3.27;0.49
708743;178.69;3.33;0.36
708791;178.42;3.29;0.31
708843;178.06;3.29;0.39
708891;177.81;3.32;0.44
708943;177.44;3.39;0.42
708991;177.18;3.25;0.41
709043;176.82;3.24;0.34
709091;176.54;3.28;0.30
709145;176.20;3.29;0.38
709191;175.92;3.37;0.30
709243;175.57;3.26;0.37
709291;175.31;3.19;0.45
709343;174.95;3.23;0.42
709391;174.70;3.31;0.53
709443;174.33;3.28;0.36
709491;174.07;3.33;0.47
709543;173.71;3.37;0.47
709591;173.44;3.33;0.34
709645;173.09;3.22;0.36
709691;172.81;3.36;0.30
709743;172.45;3.34;0.19
709791;172.21;3.35;0.47
709843;171.84;3.34;0.36
709891;171.58;3.30;0.37
709943;171.22;3.27;0.40
709991;170.95;3.20;0.22
710043;170.59;3.23;0.33
710091;170.33;3.22;0.39
710144;170.03;3.37;0.43
710191;169.71;3.33;0.40
710243;169.35;3.40;0.42
710291;169.09;3.24;0.36
710343;168.73;3.23;0.34
710391;168.48;3.23;0.48
710443;168.11;3.31;0.37
710491;167.85;3.22;0.47
710543;167.49;3.29;0.42
710591;167.22;3.42;0.33
710645;166.86;3.41;0.32
710691;166.60;3.16;0.45
710743;166.25;3.30;0.39
710791;165.98;3.25;0.32
710843;165.62;3.18;0.30
710891;165.37;3.25;0.48
710943;165.00;3.36;0.30
710991;164.75;3.33;0.42
711043;164.39;3.35;0.43
711091;164.12;3.31;0.37
711144;163.81;3.32;0.35
711191;163.51;3.39;0.38
711243;163.15;3.30;0.41
711291;162.89;3.28;0.42
711343;162.53;3.33;0.49
711391;162.25;3.27;0.24
711443;161.90;3.36;0.35
711491;161.65;3.31;0.52
711543;161.28;3.35;0.37
711591;161.03;3.32;0.49
711645;160.66;3.37;0.33
711691;160.39;3.25;0.38
711743;160.04;3.41;0.35
711791;159.78;3.36;0.33
711843;159.43;3.29;0.48
711891;159.16;3.34;0.32
711943;158.80;3.35;0.48
711991;158.54;3.38;0.46
712043;158.18;3.33;0.40
712091;157.92;3.38;0.36
712145;157.55;3.26;0.32
712191;157.27;3.31;0.36
712243;156.94;3.39;0.35
712291;156.68;3.41;0.39
712343;156.31;3.34;0.34
712391;156.06;3.31;0.46
712443;155.69;3.26;0.39
712491;155.42;3.30;0.28
712543;155.07;3.28;0.35
712591;154.80;3.24;0.32
712645;154.45;3.37;0.44
712691;154.17;3.33;0.37
712743;153.82;3.33;0.34
712791;153.56;3.32;0.30
712843;153.20;3.27;0.38
712891;152.94;3.32;0.31
712943;152.58;3.20;0.39
712991;152.32;3.36;0.39
713043;151.96;3.31;0.42
713091;151.70;3.25;0.35
713145;151.34;3.29;0.40
713191;151.05;3.36;0.34
713243;150.72;3.28;0.42
713291;150.45;3.35;0.25
713343;150.10;3.46;0.37
713391;149.84;3.37;0.36
713443;149.48;3.30;0.43
713491;149.22;3.27;0.38
713543;148.86;3.33;0.32
713591;148.60;3.17;0.37
713645;148.24;3.27;0.42
713691;147.96;3.35;0.34
713743;147.62;3.29;0.40
713791;147.36;3.29;0.37
713843;146.99;3.39;0.24
713891;146.74;3.26;0.50
713943;146.37;3.27;0.33
713991;146.12;3.29;0.49
714043;145.76;3.41;0.41
714091;145.49;3.35;0.30
714145;145.13;3.30;0.34
714191;144.87;3.30;0.39
714241;144.56;3.27;0.34
714293;144.21;3.37;0.42
714341;143.95;3.33;0.31
714393;143.59;3.24;0.37
714441;143.33;3.38;0.46
714493;142.97;3.35;0.43
714541;142.70;3.26;0.36
714593;142.34;3.31;0.41
714644;142.08;3.32;0.37
714691;141.77;3.27;0.50
714743;141.41;3.32;0.36
714791;141.16;3.31;0.48
714843;140.79;3.35;0.30
714891;140.53;3.31;0.39
714943;140.17;3.36;0.46
714991;139.91;3.27;0.32
715043;139.55;3.28;0.44
715091;139.29;3.19;0.37
715145;138.94;3.35;0.48
715191;138.65;3.37;0.28
715241;138.36;3.32;0.41
715293;138.01;3.33;0.53
715341;137.73;3.26;0.27
715393;137.38;3.23;0.40
715441;137.12;3.14;0.38
715493;136.76;3.26;0.45
715541;136.49;3.26;0.43
715593;136.13;3.34;0.35
715644;135.87;3.30;0.37
715691;135.55;3.22;0.37
715743;135.19;3.24;0.31
715791;134.92;3.30;0.19
715843;134.45;3.20;-0.08
715891;134.20;3.27;-0.17
715943;134.39;2.69;1.48
715991;133.85;3.08;0.13
716043;133.10;3.75;-0.98
716091;132.93;3.14;-0.33
716145;133.28;4.14;0.19
716191;138.66;5.53;3.87
716243;148.48;7.58;6.36
716293;156.03;8.94;6.16
716341;160.63;10.71;4.30
716393;163.80;11.12;4.46
716441;164.79;10.46;5.38
716493;164.97;10.62;3.44
716541;164.75;10.88;1.52
716593;164.10;10.06;0.49
716644;164.27;9.02;0.18
716691;165.71;8.80;-0.25
716743;167.21;10.07;-1.54
716791;167.88;11.16;-1.78
716843;167.19;12.74;-0.64
716891;166.16;13.94;2.62
716943;164.02;16.59;9.09
716991;162.05;19.43;13.55
717043;159.20;23.71;18.83
717091;157.07;26.86;20.95
717145;154.18;31.44;21.54
717191;152.49;34.46;21.95
717241;151.50;37.36;23.07
717293;150.40;40.65;24.04
717341;149.69;43.21;24.63
717393;149.91;46.32;27.61
717441;150.70;48.21;30.19
717493;153.13;50.81;34.77
717541;156.44;52.65;39.01
717593;162.37;54.00;47.56
717644;167.58;54.70;53.58
717691;174.99;54.87;63.78
717743;183.40;54.19;74.86
717791;188.74;53.72;82.40
717843;195.53;53.42;93.34
717891;200.73;53.12;103.01
717943;208.25;52.09;118.18
717991;214.06;50.77;128.69
718043;220.34;48.11;141.51
718091;223.12;46.72;149.51
718145;228.10;45.14;158.03
718191;231.92;43.34;164.61
718243;236.50;41.18;171.64
718291;240.46;39.30;176.16
718343;245.02;36.88;-179.28
718391;247.51;35.39;-177.19
718443;250.23;34.04;-175.73
718491;251.01;32.68;-175.65
718543;251.24;30.22;-175.39
718591;251.28;28.76;-173.94
718646;251.21;27.66;-171.28
718691;250.22;27.19;-170.30
718743;249.18;26.96;-171.10
718791;249.14;27.20;-173.31
718843;249.59;27.32;-178.28
718891;249.06;27.95;179.05
718943;248.16;27.96;175.62
718991;247.61;27.61;175.16
719043;247.71;26.83;176.67
719091;247.95;26.45;178.23
719145;248.40;25.97;178.82
719191;249.53;24.73;178.73
719243;251.44;23.95;-178.61
719291;252.75;24.17;-175.93
719343;252.97;22.56;-174.42
719391;252.70;21.08;-172.68
719443;253.50;19.09;-168.39
719491;254.12;17.59;-165.09
719543;254.42;15.28;-161.79
719591;253.61;14.09;-159.66
719645;253.78;14.20;-159.35
719691;254.02;14.52;-159.67
719743;252.63;14.43;-162.13
719791;252.18;14.85;-161.87
719843;251.14;15.05;-160.13
719891;251.82;14.80;-160.73
719941;252.00;14.41;-160.70
719993;252.19;14.16;-160.02
720041;252.47;13.99;-160.07
720093;252.81;13.75;-160.19
720144;253.06;13.58;-160.25
720191;253.34;13.40;-160.24
720243;253.66;13.19;-160.23
720291;253.89;13.04;-160.21
720343;254.22;12.82;-160.21
720391;254.45;12.66;-160.22
720443;254.77;12.45;-160.22
720491;255.00;12.29;-160.23
720543;255.32;12.08;-160.23
720591;255.55;11.92;-160.24
720646;255.87;11.69;-160.25
720691;256.11;11.53;-160.26
720743;256.42;11.32;-160.27
720791;256.65;11.15;-160.27
720841;256.93;10.96;-160.29
720893;257.24;10.74;-160.31
720941;257.47;10.58;-160.31
720993;257.78;10.36;-160.33
721041;258.01;10.20;-160.35
721093;258.32;9.98;-160.38
721144;258.55;9.82;-160.40
721191;258.82;9.62;-160.42
721243;259.13;9.40;-160.44
721291;259.36;9.24;-160.46
721343;259.67;9.02;-160.48
721391;259.90;8.85;-160.50
721443;260.22;8.63;-160.53
721491;260.44;8.46;-160.55
721543;260.75;8.24;-160.58
721591;260.98;8.07;-160.60
721922;262.78;6.76;-160.88
721970;263.00;6.59;-160.91
722020;263.27;6.39;-160.94
722072;263.58;6.16;-160.99
722120;263.81;5.99;-161.03
722172;264.12;5.76;-161.07
722220;264.34;5.59;-161.10
722272;264.65;5.36;-161.15
722320;264.88;5.20;-161.18
722374;265.19;4.96;-161.23
722420;265.42;4.78;-161.27
722472;265.72;4.56;-161.32
722520;265.95;4.39;-161.36
722572;266.26;4.16;-161.42
722620;266.48;3.99;-161.46
722672;266.79;3.75;-161.52
722720;267.01;3.58;-161.56
722772;267.33;3.35;-161.62
722820;267.55;3.17;-161.67
722874;267.87;2.94;-161.73
722920;268.10;2.76;-161.78
722970;268.38;2.54;-161.84
723022;268.66;2.33;-161.90
723070;268.89;2.15;-161.95
723122;269.20;1.92;-162.01
723170;269.42;1.75;-162.06
723222;269.73;1.51;-162.13
723270;269.96;1.34;-162.18
723322;270.26;1.10;-162.26
723373;270.49;0.93;-162.31
723420;270.76;0.72;-162.38
723472;271.07;0.48;-162.45
723520;271.29;0.30;-162.51
723572;271.60;0.07;-162.59
723620;271.82;-0.10;-162.66
723672;272.13;-0.34;-162.74
723720;272.35;-0.52;-162.80
723772;272.66;-0.77;-162.89
723820;272.92;-0.96;-162.97
723873;273.15;-1.14;-163.03
723920;273.42;-1.35;-163.11
723972;273.73;-1.59;-163.20
724020;273.96;-1.77;-163.27
724072;274.27;-2.01;-163.37
724120;274.49;-2.18;-163.44
724172;274.80;-2.43;-163.54
724220;275.03;-2.60;-163.60
724272;275.34;-2.84;-163.71
724320;275.57;-3.02;-163.78
724374;275.87;-3.26;-163.89
724420;276.11;-3.44;-163.96
724472;276.41;-3.68;-164.07
724520;276.65;-3.86;-164.14
724572;276.95;-4.10;-164.25
724620;277.19;-4.27;-164.33
724672;277.51;-4.52;-164.45
724720;277.77;-4.72;-164.54
724772;278.10;-4.96;-164.66
724820;278.32;-5.13;-164.73
724874;278.62;-5.36;-164.85
724920;278.83;-5.55;-164.90
724972;279.15;-5.79;-165.04
725020;279.38;-5.97;-165.14
725072;279.71;-6.21;-165.27
725120;279.93;-6.37;-165.35
725172;280.23;-6.61;-165.46
725220;280.47;-6.78;-165.54
725272;280.79;-7.03;-165.69
725320;281.02;-7.20;-165.79
725374;281.34;-7.45;-165.92
725420;281.58;-7.64;-166.03
725472;281.90;-7.88;-166.15
725520;282.13;-8.05;-166.26
725572;282.46;-8.29;-166.40
725620;282.70;-8.47;-166.50
725672;283.00;-8.71;-166.63
725720;283.22;-8.90;-166.73
725772;283.62;-9.18;-166.92
725820;283.89;-9.43;-166.99
725875;284.29;-9.72;-167.30
725920;284.58;-9.94;-167.48
725972;285.03;-10.50;-167.60
726020;285.47;-11.66;-167.49
726072;285.72;-14.41;-165.60
726120;286.04;-16.20;-164.36
726172;286.33;-19.29;-161.99
726220;287.44;-18.84;-164.27
726272;287.27;-19.42;-161.97
726320;287.46;-19.65;-162.32
726374;287.68;-19.94;-162.61
726420;287.90;-20.17;-162.79
726470;288.03;-20.39;-162.79
726522;288.16;-20.67;-162.74
726570;288.39;-20.89;-162.86
726622;288.70;-21.19;-163.07
726670;288.92;-21.41;-163.22
726722;289.24;-21.71;-163.41
726770;289.47;-21.93;-163.56
726822;289.79;-22.23;-163.77
726873;290.05;-22.45;-164.00
726920;290.48;-22.81;-164.02
726972;289.74;-23.55;-163.86
727020;290.14;-23.01;-161.99
727072;290.64;-21.52;-164.61
727120;290.84;-19.75;-166.53
727172;291.33;-17.44;-169.79
727220;291.54;-15.22;-169.97
727272;291.86;-13.70;-172.87
727320;292.21;-12.99;-172.87
727374;292.67;-13.17;-175.32
727420;292.86;-13.88;-177.10
727472;293.31;-14.03;-174.32
727520;293.54;-13.84;-172.87
727572;294.01;-14.07;-174.31
727620;294.25;-14.23;-174.51
727672;294.63;-14.41;-174.80
727720;294.90;-14.56;-174.93
727772;295.26;-14.77;-175.14
727820;295.52;-14.92;-175.29
727875;295.89;-15.13;-175.51
727920;296.18;-15.30;-175.67
727972;296.53;-15.50;-175.88
728020;296.79;-15.65;-176.05
728072;297.19;-15.86;-176.24
728120;297.42;-16.01;-176.41
728170;297.71;-16.18;-176.57
728222;298.09;-16.38;-176.77
728270;298.36;-16.53;-176.94
728322;298.73;-16.73;-177.16
728373;299.01;-16.88;-177.30
728420;299.35;-17.06;-177.48
728472;299.72;-17.26;-177.71
728520;300.00;-17.40;-177.88
728572;300.37;-17.60;-178.11
728620;300.65;-17.74;-178.28
728672;301.03;-17.94;-178.53
728720;301.31;-18.08;-178.70
728772;301.70;-18.28;-178.95
728820;301.98;-18.43;-179.14
728875;302.38;-18.63;-179.40
728920;302.66;-18.77;-179.57
728972;303.02;-18.96;-179.81
729020;303.31;-19.11;-179.99
729072;303.68;-19.29;179.77
729120;303.98;-19.44;179.58
729172;304.40;-19.64;179.32
729220;304.68;-19.78;179.12
729272;305.07;-19.96;178.84
729320;305.37;-20.10;178.64
729374;305.75;-20.28;178.38
729420;306.05;-20.42;178.19
729472;306.44;-20.60;177.93
729520;306.74;-20.74;177.72
729572;307.14;-20.92;177.47
729620;307.43;-21.04;177.24
729672;307.83;-21.21;176.97
729720;308.13;-21.34;176.75
729772;308.56;-21.54;176.45
729820;308.87;-21.67;176.23
729875;309.28;-21.84;175.94
729920;309.62;-21.97;175.70
729972;310.00;-22.14;175.42
730020;310.30;-22.26;175.22
730072;310.71;-22.44;174.90
730120;311.01;-22.56;174.69
730172;311.44;-22.73;174.37
730220;311.75;-22.85;174.15
730272;312.17;-23.01;173.84
730320;312.48;-23.13;173.62
730374;312.91;-23.29;173.30
730420;313.24;-23.42;173.05
730472;313.66;-23.57;172.74
730520;313.97;-23.69;172.51
730572;314.41;-23.85;172.17
730620;314.73;-23.96;171.93
730672;315.16;-24.12;171.60
730720;315.48;-24.22;171.36
730772;315.92;-24.37;171.03
730820;316.25;-24.49;170.77
730875;316.68;-24.63;170.44
730920;317.02;-24.74;170.18
730972;317.45;-24.88;169.85
731020;317.76;-24.98;169.60
731072;318.21;-25.12;169.25
731120;318.53;-25.22;169.01
731172;318.98;-25.36;168.65
731220;319.30;-25.45;168.40
731272;319.76;-25.59;168.04
731320;320.09;-25.68;167.78
731374;320.55;-25.81;167.41
731420;320.89;-25.90;167.12
731472;321.34;-26.03;166.76
731520;321.68;-26.11;166.49
731572;322.14;-26.24;166.12
731620;322.48;-26.32;165.86
731670;322.87;-26.42;165.53
731722;323.35;-26.54;165.14
731770;323.71;-26.62;164.79
731822;324.28;-26.72;164.38
731873;324.62;-26.81;164.07
731920;325.02;-26.90;163.75
731972;325.47;-27.00;163.39
732020;325.81;-27.07;163.10
732072;326.28;-27.17;162.71
732120;326.63;-27.24;162.42
732172;327.10;-27.34;162.03
732220;327.45;-27.40;161.74
732272;327.93;-27.49;161.34
732320;328.27;-27.56;161.06
732374;328.75;-27.64;160.65
732420;329.12;-27.71;160.33
732472;329.59;-27.79;159.94
732520;329.94;-27.85;159.64
732570;330.35;-27.91;159.29
732622;330.84;-27.99;158.86
732670;331.19;-28.04;158.56
732722;331.68;-28.11;158.15
732770;332.03;-28.16;157.85
732822;332.52;-28.22;157.43
732873;332.88;-28.27;157.13
732920;333.31;-28.32;156.75
732972;333.79;-28.37;156.33
733020;334.15;-28.41;156.02
733072;334.65;-28.47;155.59
733120;335.00;-28.51;155.28
733172;335.50;-28.55;154.84
733220;335.86;-28.58;154.53
733272;336.35;-28.62;154.09
733320;336.71;-28.65;153.77
733374;337.21;-28.69;153.33
733420;337.59;-28.72;153.00
733470;338.00;-28.74;152.63
733522;338.50;-28.77;152.19
733570;338.86;-28.79;151.86
733622;339.36;-28.81;151.42
733670;339.72;-28.82;151.09
733722;340.22;-28.84;150.64
733770;340.58;-28.85;150.31
733822;341.08;-28.87;149.85
733873;341.45;-28.87;149.53
733920;341.88;-28.88;149.13
733972;342.39;-28.88;148.67
734020;342.75;-28.88;148.34
734072;343.25;-28.88;147.89
734120;343.61;-28.87;147.56
734172;344.12;-28.87;147.10
734220;344.48;-28.86;146.76
734272;344.98;-28.84;146.30
734320;345.36;-28.83;145.95
734374;345.84;-28.81;145.50
734420;346.23;-28.79;145.14
734472;346.71;-28.76;144.70
734520;347.07;-28.75;144.36
734572;347.58;-28.71;143.90
734620;347.94;-28.69;143.56
734672;348.44;-28.65;143.08
734720;348.80;-28.61;142.74
734772;349.30;-28.57;142.27
734820;349.66;-28.53;141.93
734875;350.16;-28.48;141.45
734920;350.54;-28.44;141.09
734972;351.03;-28.37;140.64
735020;351.39;-28.33;140.29
735072;351.89;-28.26;139.81
735120;352.25;-28.21;139.47
735172;352.75;-28.14;138.99
735220;353.13;-28.09;138.63
735272;353.60;-28.01;138.17
735320;353.95;-27.95;137.83
735374;354.44;-27.87;137.35
735420;354.81;-27.81;136.99
735472;355.29;-27.72;136.53
735520;355.65;-27.65;136.18
735572;356.13;-27.56;135.70
735620;356.48;-27.49;135.36
735672;356.96;-27.39;134.88
735720;357.30;-27.32;134.53
735772;357.80;-27.20;134.06
735820;358.15;-27.12;133.69
735874;358.63;-27.01;133.21
735920;358.99;-26.92;132.85
735972;359.45;-26.80;132.38
736020;359.79;-26.71;132.03
736072;0.27;-26.58;131.56
736120;0.63;-26.48;131.20
736172;1.08;-26.35;130.74
736220;1.42;-26.25;130.39
736272;1.89;-26.11;129.92
736320;2.23;-26.00;129.57
736374;2.70;-25.86;129.10
736420;3.05;-25.74;128.74
736472;3.49;-25.60;128.28
736520;3.82;-25.48;127.93
736572;4.28;-25.33;127.46
736620;4.61;-25.21;127.11
736672;5.06;-25.05;126.64
736720;5.38;-24.92;126.30
736772;5.83;-24.75;125.83
736820;6.15;-24.63;125.49
736875;6.59;-24.45;125.02
736920;6.93;-24.31;124.66
736972;7.35;-24.14;124.21
737020;7.67;-24.00;123.87
737070;8.04;-23.84;123.47
737122;8.47;-23.65;123.01
737170;8.79;-23.51;122.66
737222;9.21;-23.31;122.21
737270;9.51;-23.16;121.86
737322;9.94;-22.96;121.41
737373;10.25;-22.81;121.07
737420;10.61;-22.62;120.67
737472;11.03;-22.41;120.21
737520;11.32;-22.26;119.88
737572;11.73;-22.04;119.42
737620;12.03;-21.88;119.08
737672;12.43;-21.65;118.62
737720;12.73;-21.49;118.29
737772;13.13;-21.26;117.83
737820;13.42;-21.09;117.50
737874;13.81;-20.86;117.04
737920;14.11;-20.68;116.69
737970;14.44;-20.47;116.32
738022;14.83;-20.23;115.87
738070;15.11;-20.05;115.55
738122;15.49;-19.80;115.10
738170;15.76;-19.62;114.77
738222;16.14;-19.37;114.32
738270;16.41;-19.18;113.99
738322;16.78;-18.92;113.55
738373;17.04;-18.73;113.22
738420;17.37;-18.49;112.83
738472;17.73;-18.22;112.38
738520;18.00;-18.02;112.05
738572;18.36;-17.74;111.60
738620;18.60;-17.55;111.29
738672;18.96;-17.26;110.80
738720;19.22;-17.06;110.46
738772;19.56;-16.78;110.02
738820;19.81;-16.56;109.69
738873;20.10;-16.31;109.30
738920;20.39;-16.06;108.92
738972;20.71;-15.77;108.49
739020;20.95;-15.55;108.17
739072;21.28;-15.25;107.74
739120;21.51;-15.04;107.41
739172;21.83;-14.74;106.97
739220;22.05;-14.51;106.66
739272;22.36;-14.20;106.23
739320;22.59;-13.98;105.92
739374;22.90;-13.67;105.50
739420;23.12;-13.43;105.17
739472;23.41;-13.12;104.76
739520;23.63;-12.89;104.44
739572;23.92;-12.56;104.01
739620;24.13;-12.33;103.70
739672;24.41;-12.01;103.27
739720;24.61;-11.77;102.96
739772;24.89;-11.44;102.53
739820;25.10;-11.19;102.21
739875;25.37;-10.86;101.80
739920;25.57;-10.61;101.47
739972;25.82;-10.28;101.06
740020;26.01;-10.04;100.75
740072;26.27;-9.69;100.32
740120;26.45;-9.45;100.01
740172;26.70;-9.10;99.59
740220;26.88;-8.85;99.29
740272;27.12;-8.50;98.85
740320;27.30;-8.25;98.54
740374;27.54;-7.89;98.12
740420;27.72;-7.62;97.78
740472;27.94;-7.28;97.36
740520;28.09;-7.03;97.05
740572;28.29;-6.67;96.63
740620;28.45;-6.41;96.33
740672;28.68;-6.04;95.91
740720;28.84;-5.78;95.62
740770;29.02;-5.47;95.27
740822;29.21;-5.11;94.86
740873;29.35;-4.85;94.55
740920;29.52;-4.52;94.19
740972;29.72;-4.16;93.77
741020;29.86;-3.89;93.46
741072;30.04;-3.52;93.04
741120;30.16;-3.25;92.73
741172;30.34;-2.87;92.30
741220;30.47;-2.60;91.99
741272;30.64;-2.23;91.57
741320;30.75;-1.96;91.27
741375;30.92;-1.57;90.82
741420;31.04;-1.28;90.49
741472;31.19;-0.91;90.07
741520;31.30;-0.63;89.76
741572;31.44;-0.25;89.32
741620;31.54;0.03;89.01
741672;31.68;0.41;88.58
741720;31.77;0.69;88.26
741770;31.89;1.03;87.89
741822;32.02;1.42;87.46
742151;32.61;3.65;84.92
742199;32.68;3.94;84.60
742251;32.77;4.34;84.15
742299;32.83;4.62;83.83
742351;32.90;5.01;83.39
742399;32.95;5.31;83.06
742451;33.01;5.68;82.57
742499;33.06;5.95;82.28
742551;33.11;6.32;81.84
742602;33.15;6.61;81.54
742649;33.19;6.95;81.14
742701;33.24;7.37;80.69
742749;33.30;7.56;80.25
742801;33.32;8.05;79.96
742849;33.34;8.32;79.64
742901;33.35;8.72;79.26
742949;33.36;9.00;78.94
743001;33.37;9.39;78.47
743049;33.37;9.70;78.12
743104;33.38;10.09;77.66
743149;33.39;10.39;77.23
743201;33.39;10.76;76.76
743249;33.37;11.05;76.41
743301;33.35;11.44;75.91
743349;33.34;11.72;75.57
743401;33.30;12.11;75.08
743449;33.28;12.39;74.72
743501;33.24;12.78;74.23
743549;33.20;13.06;73.86
743603;33.15;13.45;73.36
743649;33.11;13.74;72.97
743701;33.05;14.11;72.48
743749;32.99;14.39;72.11
743801;32.92;14.77;71.59
743849;32.86;15.04;71.21
743901;32.78;15.43;70.70
743949;32.71;15.70;70.32
744001;32.61;16.07;69.78
744049;32.53;16.35;69.37
744104;32.42;16.71;68.85
744149;32.34;17.00;68.43
744201;32.22;17.35;67.92
744249;32.12;17.62;67.52
744301;31.98;17.97;66.97
744349;31.86;18.23;66.59
744401;31.72;18.60;66.01
744449;31.63;18.87;65.58
744501;31.47;19.23;65.04
744549;31.35;19.48;64.63
744604;31.16;19.83;64.06
744649;31.02;20.09;63.62
744701;30.85;20.42;63.08
744749;30.71;20.67;62.65
744801;30.50;21.00;62.07
744849;30.34;21.24;61.63
744901;30.13;21.58;61.04
744949;29.97;21.82;60.61
745001;29.74;22.15;60.00
745049;29.56;22.38;59.53
745103;29.32;22.68;58.95
745149;29.13;22.92;58.48
745201;28.88;23.21;57.89
745249;28.69;23.43;57.43
745301;28.42;23.73;56.81
745349;28.21;23.94;56.35
745401;27.92;24.23;55.71
745449;27.71;24.43;55.25
745501;27.41;24.72;54.61
745549;27.19;24.92;54.13
745604;26.87;25.18;53.48
745649;26.62;25.38;52.97
745701;26.31;25.63;52.33
745749;26.07;25.82;51.84
745801;25.72;26.06;51.18
745849;25.47;26.24;50.69
745899;25.14;26.46;50.05
745951;24.80;26.68;49.41
745999;24.52;26.85;48.89
746051;24.16;27.06;48.22
746102;23.88;27.20;47.72
746149;23.54;27.38;47.10
746201;23.15;27.57;46.41
746249;22.86;27.71;45.90
746301;22.45;27.90;45.19
746349;22.15;28.03;44.66
746401;21.72;28.21;43.93
746449;21.41;28.33;43.40
746501;20.97;28.49;42.68
746549;20.65;28.60;42.16
746603;20.20;28.74;41.43
746649;19.86;28.84;40.86
746701;19.42;28.95;40.17
746749;19.09;29.03;39.63
746801;18.62;29.14;38.88
746849;18.28;29.20;38.34
746901;17.79;29.30;37.58
746949;17.44;29.38;37.03
746999;17.02;29.44;36.38
747051;16.53;29.51;35.64
747102;16.17;29.54;35.08
747149;15.74;29.57;34.42
747201;15.24;29.62;33.68
747249;14.87;29.64;33.13
747301;14.37;29.67;32.38
747349;14.00;29.67;31.82
747401;13.48;29.67;31.07
747449;13.11;29.66;30.51
747501;12.59;29.65;29.77
747549;12.21;29.64;29.22
747603;11.68;29.60;28.47
747649;11.28;29.56;27.91
747701;10.77;29.50;27.19
747749;10.38;29.46;26.65
747801;9.85;29.39;25.91
747849;9.47;29.33;25.38
747901;8.94;29.21;24.65
747949;8.56;29.13;24.13
747999;8.09;29.04;23.49
748051;7.55;28.93;22.77
748102;7.16;28.83;22.25
748149;6.69;28.71;21.60
748201;6.15;28.56;20.89
748249;5.76;28.44;20.38
748301;5.22;28.27;19.67
748349;4.84;28.14;19.16
748401;4.31;27.94;18.48
748449;3.93;27.80;17.98
748501;3.40;27.59;17.28
748549;3.02;27.43;16.80
748603;2.50;27.19;16.13
748649;2.10;27.01;15.64
748701;1.61;26.75;15.02
748749;1.24;26.56;14.56
748801;0.72;26.30;13.91
748849;0.36;26.11;13.45
748901;359.86;25.82;12.84
748949;359.50;25.60;12.41
748999;359.07;25.34;11.91
749051;358.56;25.04;11.30
749102;358.20;24.80;10.89
749149;357.79;24.51;10.37
749201;357.30;24.17;9.80
749249;356.95;23.93;9.39
749301;356.47;23.57;8.85
749349;356.12;23.31;8.47
749401;355.64;22.94;7.93
749449;355.31;22.67;7.56
749501;354.83;22.28;7.05
749549;354.50;22.00;6.70
749603;354.04;21.60;6.22
749649;353.69;21.29;5.86
749701;353.25;20.90;5.41
749749;352.93;20.59;5.10
749801;352.49;20.16;4.69
749849;352.18;19.85;4.37
749901;351.74;19.41;3.96
749949;351.43;19.09;3.67
750000;351.01;18.64;3.29
750052;350.64;18.23;2.96
750102;350.33;17.90;2.69
750151;349.97;17.50;2.38
750203;349.56;17.02;2.04
750251;349.27;16.68;1.81
750303;348.88;16.19;1.52
750351;348.59;15.83;1.32
750403;348.20;15.35;1.04
750451;347.91;15.00;0.83
750503;347.53;14.50;0.59
750551;347.25;14.14;0.41
750604;346.85;13.64;0.18
750651;346.58;13.28;0.02
750703;346.20;12.78;-0.18
750751;345.93;12.42;-0.31
750803;345.56;11.91;-0.47
750851;345.29;11.54;-0.59
750903;344.92;11.03;-0.73
750951;344.64;10.65;-0.84
751003;344.30;10.15;-0.92
751051;344.04;9.78;-0.98
751104;343.68;9.28;-1.06
751151;343.41;8.91;-1.12
751203;343.05;8.41;-1.19
751251;342.79;8.05;-1.22
751303;342.44;7.56;-1.23
751351;342.19;7.20;-1.23
751403;341.83;6.71;-1.23
751451;341.57;6.37;-1.19
751503;341.23;5.87;-1.13
751551;340.98;5.51;-1.12
751604;340.64;5.05;-1.00
751651;340.39;4.73;-0.89
751703;340.05;4.30;-0.73
751751;339.79;3.96;-0.65
751803;339.44;3.52;-0.48
751851;339.19;3.25;-0.29
751903;338.84;2.94;0.01
751951;338.56;2.63;0.12
752003;338.20;2.22;-0.14
752051;337.94;2.45;-0.01
752104;337.59;2.42;0.13
752151;337.33;2.76;0.29
752203;336.99;2.75;0.25
752251;336.73;2.43;0.28
752303;336.36;2.34;0.15
752351;336.10;2.57;0.14
752403;335.74;2.80;0.33
752451;335.48;2.53;0.29
752503;335.11;2.41;0.13
752551;334.84;2.53;-0.05
752604;334.47;2.55;0.17
752651;334.22;2.71;0.26
752703;333.85;2.71;0.35
752751;333.58;2.49;0.23
752803;333.20;2.17;0.06
752851;332.94;2.42;0.04
752903;332.58;2.56;0.24
752951;332.31;2.94;0.34
753003;331.95;2.47;0.20
753051;331.69;2.25;0.17
753104;331.33;2.46;0.11
753151;331.07;2.69;0.22
753203;330.72;2.58;0.24
753251;330.45;2.31;0.13
753303;330.08;2.40;0.22
753351;329.81;2.44;0.17
753403;329.44;2.42;0.14
753451;329.19;2.59;0.26
753503;328.83;2.73;0.34
753551;328.56;2.61;0.18
753604;328.18;2.49;0.12
753651;327.92;2.21;0.12
753703;327.56;2.44;0.17
753751;327.31;2.60;0.35
753803;326.95;2.66;0.27
753851;326.68;2.53;0.07
753903;326.31;2.38;0.04
753951;326.06;2.38;0.17
754001;325.74;2.72;0.27
754053;325.37;2.69;0.25
754102;325.10;2.45;0.11
754151;324.81;2.38;0.11
754203;324.44;2.61;0.23
754251;324.18;2.61;0.25
754303;323.82;2.66;0.27
754351;323.55;2.63;0.20
754403;323.18;2.55;0.00
754451;322.91;2.46;-0.01
754503;322.56;2.71;0.18
754551;322.29;2.66;0.13
754604;321.93;2.40;0.25
754651;321.67;2.45;0.11
754703;321.31;2.49;0.31
754751;321.05;2.66;0.22
754803;320.68;2.39;0.13
754851;320.41;2.49;0.15
754903;320.05;2.61;0.07
754951;319.79;2.60;0.18
755001;319.47;2.50;0.11
755053;319.11;2.63;0.18
755102;318.85;2.65;0.11
755151;318.54;2.48;0.07
755203;318.19;2.47;0.19
755251;317.92;2.55;0.15
755303;317.56;2.53;0.23
755351;317.29;2.50;0.07
755403;316.93;2.49;0.18
755451;316.66;2.45;0.25
755503;316.29;2.64;0.22
755551;316.02;2.63;0.17
755604;315.65;2.67;0.14
755651;315.39;2.32;0.09
755703;315.02;2.51;0.03
755751;314.77;2.70;0.33
755803;314.40;2.60;0.24
755851;314.13;2.46;0.13
755903;313.77;2.38;-0.03
755951;313.51;2.56;0.02
756003;313.16;2.66;0.22
756051;312.88;2.61;0.26
756104;312.52;2.55;0.12
756151;312.25;2.38;0.11
756203;311.90;2.59;0.22
756251;311.64;2.69;0.33
756303;311.27;2.68;0.23
756351;311.00;2.48;0.16
756403;310.63;2.42;0.13
756451;310.36;2.59;0.09
756503;310.00;2.63;0.18
756551;309.74;2.53;0.20
756604;309.36;2.40;0.10
756651;309.09;2.52;0.12
756703;308.74;2.54;0.19
756751;308.48;2.53;0.22
756803;308.11;2.50;0.22
756851;307.84;2.47;0.16
756903;307.48;2.28;0.14
756951;307.22;2.53;0.23
757003;306.85;2.62;0.26
757051;306.57;2.51;0.26
757104;306.22;2.42;0.16
757151;305.96;2.47;0.28
757203;305.59;2.43;0.19
757251;305.33;2.48;0.30
757303;304.97;2.51;0.21
757351;304.70;2.45;0.23
757403;304.34;2.42;0.17
757451;304.07;2.58;0.11
757503;303.71;2.52;0.26
757551;303.45;2.62;0.25
757604;303.07;2.50;0.12
757651;302.82;2.47;0.21
757703;302.45;2.36;0.18
757751;302.18;2.47;0.16
757803;301.82;2.53;0.20
757851;301.56;2.54;0.33
757903;301.19;2.29;0.23
757951;300.93;2.41;0.16
758003;300.56;2.47;0.14
758051;300.30;2.59;0.25
758103;299.95;2.63;0.12
758152;299.67;2.44;0.14
758204;299.29;2.42;0.16
758252;299.03;2.50;0.12
758304;298.67;2.64;0.22
758352;298.41;2.47;0.26
758404;298.04;2.60;0.11
758452;297.77;2.40;-0.03
758504;297.40;2.43;0.13
758552;297.14;2.48;0.19
758604;296.78;2.43;0.25
758652;296.52;2.42;0.12
758704;296.14;2.44;0.07
758752;295.88;2.50;0.10
758804;295.52;2.53;0.10
758852;295.26;2.42;0.22
758904;294.88;2.39;0.06
758952;294.62;2.67;0.11
759004;294.27;2.47;0.32
759052;293.99;2.60;0.09
759102;293.67;2.47;0.10
759154;293.31;2.48;0.17
759202;293.05;2.60;0.15
759254;292.69;2.35;0.22
759302;292.42;2.39;0.13
759354;292.06;2.62;0.31
759402;291.79;2.73;0.23
759454;291.43;2.59;0.25
759502;291.16;2.45;0.16
759554;290.78;2.29;-0.03
759602;290.52;2.47;0.01
759654;290.17;2.68;0.22
759702;289.92;2.63;0.38
759754;289.54;2.36;0.12
759802;289.28;2.30;0.14
759854;288.91;2.51;0.06
759902;288.65;2.50;0.02
759954;288.29;2.43;0.08
760002;288.02;2.38;0.09
760054;287.67;2.35;0.14
760102;287.38;2.21;-0.02
760154;287.03;2.05;-0.15
760202;286.77;2.22;-0.17
760254;286.42;2.36;0.06
760302;286.16;2.41;-0.07
760354;285.82;2.75;0.31
760402;285.58;3.20;0.53
760454;285.22;3.42;0.49
760502;284.95;3.15;0.38
760554;284.57;2.71;0.14
760602;284.30;2.36;0.06
760654;283.93;2.32;-0.01
760702;283.67;2.36;0.14
760754;283.30;2.41;0.17
760802;283.03;2.58;0.05
760854;282.66;2.39;0.04
760902;282.41;2.49;0.20
760954;282.05;2.41;0.23
761002;281.77;2.20;0.07
761054;281.42;2.55;0.24
761102;281.16;2.50;0.25
761152;280.84;2.52;0.01
761204;280.46;2.25;-0.09
761252;280.21;2.43;0.20
761304;279.85;2.77;0.21
761352;279.61;2.91;0.55
761404;279.24;2.84;0.35
761452;278.96;2.51;0.23
761504;278.60;2.46;0.17
761552;278.32;2.21;-0.09
761604;277.96;2.48;0.15
761652;277.72;2.87;0.44
761704;277.34;2.83;0.33
761752;277.07;2.65;0.14
761804;276.68;2.23;-0.08
761852;276.41;1.92;-0.33
761904;276.05;2.17;-0.12
761952;275.80;2.49;0.18
762004;275.45;2.90;0.43
762052;275.17;2.56;0.31
762380;273.13;3.81;1.54
762428;272.83;3.54;1.09
762480;272.46;3.15;0.59
762528;272.18;2.81;0.33
762580;271.81;2.53;0.15
762628;271.54;2.43;0.16
762680;271.18;2.31;0.17
762728;270.92;2.42;0.12
762780;270.56;2.62;0.23
762831;270.29;2.43;0.10
762878;269.98;2.44;0.16
762930;269.61;2.50;0.08
762978;269.35;2.54;0.14
763030;268.99;2.44;0.23
763078;268.72;2.53;0.15
763130;268.36;2.50;0.25
763178;268.09;2.50;0.20
763230;267.71;2.52;0.02
763278;267.45;2.47;0.10
763332;267.09;2.58;0.12
763378;266.81;2.50;0.18
763428;266.50;2.57;0.06
763480;266.15;2.73;-0.01
763528;265.87;2.72;-0.26
763580;265.49;2.83;-0.43
763628;265.22;2.63;-0.31
763680;264.88;2.48;0.04
763728;264.62;2.54;0.12
763780;264.26;2.45;0.21
763831;263.98;2.33;0.01
763878;263.67;2.35;0.06
763930;263.32;2.53;0.22
763978;263.06;2.71;0.21
764030;262.69;2.72;0.24
764078;262.42;2.41;0.10
764130;262.06;2.36;0.12
764178;261.79;2.40;0.05
764230;261.44;2.76;0.22
764278;261.18;2.77;0.26
764332;260.80;2.43;-0.01
764378;260.53;2.33;0.00
764430;260.18;2.30;0.09
764478;259.91;2.65;0.27
764530;259.57;2.90;0.41
764578;259.29;2.60;0.12
764630;258.92;2.17;0.02
764678;258.66;2.25;0.04
764730;258.31;2.73;0.33
764778;258.05;2.76;0.43
764832;257.68;2.58;0.21
764878;257.40;2.41;-0.02
764930;257.05;2.47;-0.01
764978;256.80;2.82;0.18
765030;256.43;2.71;0.20
765078;256.16;2.38;0.09
765130;255.80;2.34;0.13
765178;255.54;2.29;0.10
765230;255.19;2.61;0.29
765278;254.91;2.58;0.03
765332;254.56;2.62;0.09
765378;254.29;2.47;0.22
765430;253.93;2.43;0.21
765478;253.64;2.47;-0.08
765530;253.30;2.47;-0.00
765578;253.05;2.70;0.16
765630;252.68;2.71;0.23
765678;252.41;2.60;0.15
765730;252.05;2.44;0.12
765778;251.77;2.40;-0.18
765832;251.41;2.40;-0.16
765878;251.15;2.59;0.12
765930;250.81;2.68;0.27
765978;250.54;2.59;0.13
766030;250.16;2.24;-0.12
766078;249.90;2.38;-0.02
766130;249.55;2.48;0.31
766178;249.28;2.59;0.22
766230;248.91;2.69;0.08
766278;248.64;2.54;0.03
766332;248.28;2.73;0.09
766378;248.00;2.56;0.14
766430;247.65;2.37;0.26
766478;247.36;2.50;-0.01
766530;246.99;2.67;-0.23
766578;246.72;2.72;-0.31
766630;246.37;2.57;-0.18
766678;246.10;2.69;-0.15
766730;245.76;2.53;0.23
766778;245.50;2.61;0.28
766832;245.39;2.70;-0.35
766878;245.17;2.81;-0.30
766930;244.84;3.00;-0.80
766978;244.44;3.19;-0.94
767030;244.22;2.93;-0.82
767078;244.13;3.04;-0.88
767130;243.24;2.38;-1.03
767178;243.36;2.47;-0.73
767230;242.99;2.71;-0.62
767278;242.74;2.67;-0.29
767333;242.39;2.47;0.06
767378;242.13;2.37;-0.02
767430;241.71;2.45;0.16
767478;241.43;2.83;0.30
767530;241.07;2.66;0.22
767578;240.75;2.39;0.06
767630;240.44;6.03;2.53
767678;240.07;6.91;1.91
767730;239.58;8.47;1.86
767778;239.08;9.89;2.58
767832;238.51;12.43;6.77
767878;238.28;15.63;10.22
767930;237.85;19.48;12.09
767978;236.96;24.02;11.50
768030;236.75;27.18;13.86
768078;236.47;28.51;14.44
768130;235.85;28.61;13.42
768178;235.46;28.37;12.79
768230;234.92;28.08;12.12
768278;234.55;27.85;11.65
768333;234.04;27.52;11.04
768378;233.65;27.28;10.60
768430;233.16;26.97;10.07
768478;232.79;26.71;9.64
768530;232.30;26.37;9.11
768578;231.95;26.11;8.71
768630;231.46;25.74;8.18
768678;231.11;25.48;7.81
768730;230.63;25.11;7.31
768778;230.29;24.83;6.95
768832;229.82;24.43;6.45
768878;229.47;24.13;6.09
768930;229.02;23.73;5.64
768978;228.69;23.43;5.31
769030;228.24;23.01;4.87
769078;227.92;22.70;4.55
769130;227.48;22.26;4.13
769178;227.17;21.94;3.83
769230;226.74;21.49;3.43
769278;226.43;21.16;3.16
769333;225.99;20.71;2.79
769378;225.68;20.37;2.52
769428;225.34;19.98;2.23
769480;224.93;19.51;1.90
769528;224.63;19.16;1.66
769580;224.23;18.69;1.35
769628;223.93;18.34;1.13
769680;223.54;17.86;0.83
769728;223.26;17.50;0.64
769780;222.87;17.02;0.39
769831;222.59;16.66;0.21
769878;222.25;16.24;-0.00
769930;221.87;15.74;-0.24
769978;221.59;15.38;-0.40
770030;221.23;14.87;-0.58
770078;220.97;14.50;-0.70
770130;220.61;14.00;-0.86
770178;220.34;13.65;-0.97
770230;219.97;13.15;-1.09
770278;219.70;12.79;-1.20
770333;219.34;12.29;-1.34
770378;219.06;11.91;-1.42
770428;218.77;11.49;-1.48
770480;218.42;11.00;-1.51
770528;218.16;10.65;-1.53
770580;217.80;10.16;-1.57
770628;217.54;9.80;-1.61
770680;217.19;9.29;-1.68
770728;216.93;8.92;-1.72
770780;216.60;8.43;-1.67
770831;216.36;8.11;-1.58
770878;216.06;7.71;-1.50
770930;215.70;7.22;-1.48
770978;215.45;6.86;-1.47
771030;215.10;6.37;-1.43
771078;214.86;6.04;-1.33
771130;214.53;5.61;-1.15
771178;214.27;5.29;-1.04
771230;213.92;4.82;-0.95
771278;213.67;4.48;-0.88
771333;213.33;4.12;-0.61
771378;213.06;3.85;-0.37
771430;212.73;3.47;-0.23
771478;212.47;3.13;-0.16
771530;212.12;2.75;0.05
771578;211.87;2.86;0.16
771630;211.51;3.11;0.29
771678;211.24;2.92;0.22
771730;210.87;2.81;0.13
771778;210.62;2.72;0.18
771832;210.25;2.76;0.19
771878;209.98;2.81;0.16
771930;209.63;2.85;0.19
771978;209.37;2.95;0.19
772030;209.00;2.87;0.21
772078;208.74;2.76;0.12
772130;208.38;2.81;0.17
772178;208.12;2.91;0.25
772230;207.75;2.84;0.17
772278;207.48;2.69;0.06
772332;207.12;2.78;0.05
772378;206.84;2.94;0.06
772428;206.55;2.80;0.19
772480;206.18;2.92;0.05
772528;205.92;2.85;0.09
772580;205.56;2.70;0.21
772628;205.30;2.77;0.14
772680;204.94;2.88;0.15
772728;204.68;2.81;0.27
772780;204.31;2.83;0.21
772831;204.05;2.83;0.14
772878;203.73;2.85;0.13
772930;203.38;2.74;0.20
772978;203.12;2.95;0.20
773030;202.75;2.88;0.10
773078;202.49;2.81;0.19
773130;202.13;2.85;0.12
773178;201.87;2.84;0.17
773230;201.51;2.90;0.16
773278;201.24;2.80;0.11
773332;200.88;2.98;0.14
773378;200.61;2.82;0.21
773428;200.31;2.76;0.16
773480;199.94;2.74;0.10
773528;199.68;2.74;0.14
773580;199.32;2.76;0.23
773628;199.07;2.87;0.30
773680;198.69;2.86;0.13
773728;198.44;2.81;0.24
773780;198.08;2.68;0.20
773831;197.81;2.82;0.09
773878;197.50;2.90;0.21
773930;197.14;2.80;0.12
773978;196.88;2.81;0.27
774030;196.51;2.86;0.04
774078;196.25;2.60;0.17
774130;195.89;2.82;0.15
774178;195.63;2.90;0.22
774230;195.27;2.94;0.22
774278;195.01;2.84;0.33
774332;194.64;2.92;0.17
774378;194.37;2.95;0.14
774430;194.01;2.81;0.08
774480;193.70;2.74;0.03
774528;193.44;2.84;0.13
774580;193.09;2.92;0.25
774628;192.82;2.99;0.19
774680;192.46;2.82;0.26
774728;192.19;2.82;0.19
774780;191.82;2.73;0.12
774831;191.57;2.89;0.21
774878;191.25;2.87;0.15
774930;190.89;2.80;0.10
774978;190.63;2.74;0.14
775030;190.27;2.90;0.19
775078;190.01;2.82;0.12
775130;189.65;2.75;0.12
775178;189.38;2.71;0.07
775230;189.03;2.82;0.21
775278;188.77;3.00;0.26
775332;188.41;2.84;0.16
775378;188.14;2.85;0.22
775430;187.79;3.07;0.29
775478;187.51;2.82;0.18
775530;187.15;2.70;0.07
775578;186.89;2.75;0.03
775630;186.54;2.93;0.10
775678;186.29;2.90;0.30
775730;185.92;2.79;0.17
775778;185.65;2.78;0.04
775832;185.30;2.91;0.11
775878;185.03;2.76;0.19
775930;184.68;2.81;0.32
775978;184.41;2.81;0.13
776030;184.05;2.64;0.09
776078;183.79;2.67;0.17
776130;183.43;2.92;0.25
776178;183.17;2.93;0.35
776230;182.80;2.90;0.19
776278;182.54;2.71;0.09
776332;182.18;2.83;0.15
776378;181.91;2.93;0.18
776430;181.56;2.97;0.13
776478;181.28;2.90;0.11
776530;180.93;2.81;0.09
776578;180.67;2.67;0.16
776630;180.32;2.88;0.31
776678;180.05;2.83;0.16
776730;179.68;2.86;0.01
776778;179.42;2.76;0.05
776832;179.07;2.84;0.15
776878;178.80;2.90;0.27
776930;178.44;2.88;0.16
776978;178.18;2.73;0.19
777030;177.81;2.77;0.09
777078;177.56;2.88;0.24
777130;177.19;2.97;0.20
777178;176.93;2.78;0.20
777230;176.56;2.60;0.09
777278;176.30;2.56;0.17
777332;175.94;2.87;0.17
777378;175.67;2.95;0.30
777430;175.31;2.78;0.02
777478;175.05;2.72;0.15
777528;174.74;2.69;0.12
777580;174.38;2.81;0.22
777628;174.11;2.91;0.13
777680;173.75;2.81;0.21
777728;173.48;2.85;0.02
777780;173.12;2.81;0.00
777831;172.86;2.77;0.24
777878;172.54;2.93;0.22
777930;172.20;2.94;0.35
777978;171.92;2.86;0.12
778030;171.56;2.61;0.25
778078;171.29;2.82;0.06
778130;170.95;2.94;0.34
778178;170.68;2.85;0.17
778230;170.31;2.79;0.18
778278;170.04;2.72;-0.00
778332;169.69;2.84;0.24
778378;169.42;2.88;0.18
778430;169.07;2.79;0.30
778478;168.80;2.84;0.12
778528;168.50;2.88;0.14
778580;168.14;2.95;0.26
778628;167.87;2.89;0.19
778680;167.51;2.93;0.15
778728;167.25;2.89;0.19
778780;166.88;2.83;0.13
778831;166.63;2.76;0.25
778878;166.30;2.93;0.04
778930;165.95;2.95;0.21
778978;165.69;2.70;0.25
779030;165.32;2.66;0.14
779078;165.05;2.74;0.01
779130;164.69;2.91;0.20
779178;164.44;3.01;0.35
779230;164.08;3.06;0.32
779278;163.80;2.81;0.11
779332;163.43;2.73;0.08
779378;163.16;2.96;0.18
779430;162.82;2.91;0.23
779478;162.55;2.86;0.06
779530;162.19;2.81;0.15
779578;161.91;2.84;0.03
779630;161.56;2.81;0.16
779678;161.29;2.90;0.09
779730;160.93;2.75;0.11
779778;160.67;2.80;0.13
779832;160.31;2.85;0.15
779878;160.04;2.93;0.27
779930;159.69;2.85;0.17
779978;159.42;2.72;0.17
780030;159.05;2.67;0.12
780078;158.80;2.91;0.27
780130;158.43;2.90;0.25
780178;158.17;2.88;0.15
780230;157.81;2.87;0.21
780278;157.54;2.73;0.11
780332;157.18;2.66;0.24
780378;156.91;2.83;0.28
780430;156.55;2.83;0.19
780478;156.29;2.96;0.24
780530;155.92;2.82;0.08
780578;155.65;2.87;0.07
780630;155.30;2.83;0.19
780678;155.03;2.88;0.08
780730;154.68;2.84;0.23
780778;154.41;2.68;0.07
780832;154.05;2.85;0.14
780878;153.78;2.81;0.35
780930;153.43;2.84;0.31
780978;153.16;2.74;0.17
781030;152.79;2.88;0.07
781078;152.53;2.66;0.11
781130;152.17;2.89;0.18
781178;151.91;2.94;0.28
781230;151.55;2.85;0.23
781278;151.29;2.81;0.18
781332;150.92;2.76;0.18
781378;150.65;2.95;0.23
781430;150.31;3.10;0.30
781478;150.04;2.89;0.17
781530;149.68;2.70;0.21
781578;149.41;2.85;0.10
781628;149.10;2.85;0.20
781680;148.74;2.88;0.16
781728;148.47;2.84;0.21
781780;148.12;2.72;0.32
781831;147.85;2.79;0.12
781878;147.54;2.93;0.21
781930;147.18;2.92;0.18
781978;146.92;2.93;0.26
782030;146.56;2.79;0.15
782078;146.29;2.75;0.12
782130;145.90;2.91;-0.06
782178;145.64;3.19;-0.06
782230;145.28;3.11;0.01
782278;145.01;3.15;-0.06
782609;142.89;1.31;-0.38
782657;142.72;1.83;-0.25
782709;142.40;2.40;-0.09
782757;142.15;2.71;-0.05
782809;141.79;2.69;0.03
782857;141.53;2.87;0.05
782907;141.22;2.79;0.08
782959;140.87;2.65;0.17
783007;140.60;2.76;0.03
783061;140.24;2.75;0.03
783107;139.96;2.71;0.06
783159;139.62;2.85;0.17
783207;139.36;2.85;0.14
783259;139.00;2.71;0.14
783307;138.73;2.74;0.10
783359;138.38;2.90;0.16
783407;138.12;2.89;0.24
783459;137.75;2.67;0.07
783507;137.48;2.71;-0.03
783561;137.13;2.81;0.14
783607;136.85;2.77;0.18
783659;136.51;2.72;0.18
783707;136.24;2.79;0.16
783759;135.88;2.77;0.13
783807;135.61;2.75;0.03
783859;135.26;2.73;0.16
783907;134.98;2.72;0.10
783959;134.63;2.86;0.13
784007;134.37;2.82;0.25
784061;134.01;2.90;0.14
784107;133.74;2.81;0.25
784159;133.39;2.81;0.15
784207;133.12;2.73;0.04
784259;132.76;2.80;0.22
784307;132.49;2.84;0.14
784359;132.13;2.75;0.04
784407;131.84;2.76;-0.05
784459;131.49;3.14;0.09
784507;131.23;2.95;0.11
784561;130.86;2.79;0.00
784607;130.57;2.67;0.01
784659;130.23;2.92;0.15
784707;129.96;3.00;0.07
784759;129.61;2.69;0.09
784807;129.34;2.74;-0.02
784859;128.99;2.97;-0.18
784907;128.72;2.94;-0.15
784957;128.41;2.74;-0.12
785009;128.07;2.68;0.02
785060;127.82;2.99;0.08
785107;127.50;3.03;0.07
785159;127.12;2.86;-0.16
785207;126.85;2.76;0.05
785259;126.46;2.94;0.02
785307;126.22;2.87;0.09
785359;125.86;2.74;0.12
785407;125.60;2.90;0.22
785459;125.24;2.92;0.07
785507;124.96;2.78;0.01
785562;124.60;2.69;0.10
785607;124.33;2.85;0.03
785659;123.99;3.03;0.21
785707;123.72;3.06;0.24
785759;123.35;2.91;0.11
785807;123.09;2.73;0.10
785859;122.72;2.89;-0.19
785907;122.47;3.05;0.10
785957;122.16;2.89;0.10
786009;121.80;2.72;0.15
786060;121.53;2.67;0.09
786107;121.20;2.76;-0.15
786159;120.86;2.89;0.09
786207;120.59;2.80;0.07
786259;120.22;2.70;-0.00
786307;119.96;2.79;0.03
786359;119.59;2.58;-0.03
786407;119.34;2.71;0.28
786459;118.98;2.76;0.09
786507;118.71;2.85;0.05
786562;118.36;2.99;0.14
786607;118.07;2.72;-0.02
786659;117.72;2.68;-0.09
786707;117.47;2.63;0.08
786759;117.11;2.74;0.15
786807;116.85;2.86;0.17
786859;116.47;2.59;-0.11
786907;116.20;2.62;-0.14
786957;115.90;2.85;0.05
787009;115.55;3.01;0.10
787060;115.28;2.84;0.10
787107;114.97;2.87;0.18
787159;114.61;2.65;0.07
787207;114.35;2.59;0.03
787259;113.99;2.77;0.11
787307;113.71;2.68;-0.02
787359;113.36;2.80;0.06
787407;113.10;2.93;0.26
787459;112.73;2.84;0.16
787507;112.47;2.75;0.13
787561;112.10;2.67;0.09
787607;111.83;2.59;0.15
787659;111.48;2.70;0.02
787707;111.22;2.74;0.10
787759;110.86;2.87;0.10
787807;110.60;2.69;0.12
787859;110.23;2.76;-0.02
787907;109.97;2.65;0.02
787959;109.61;2.88;0.11
788007;109.32;2.92;-0.10
788061;108.98;2.81;0.11
788107;108.69;2.59;-0.04
788159;108.35;2.91;0.10
788207;108.09;2.88;0.19
788259;107.72;2.59;-0.01
788307;107.46;2.62;0.04
788359;107.10;2.72;0.05
788407;106.84;2.63;0.06
788459;106.49;2.84;0.16
788507;106.23;3.01;0.25
788561;105.85;3.01;0.10
788607;105.58;2.78;0.12
788659;105.23;2.81;0.13
788707;104.97;2.75;0.16
788759;104.60;2.62;-0.03
788807;104.34;2.64;0.05
788859;103.98;2.94;0.10
788907;103.71;2.85;0.06
788959;103.34;2.48;-0.06
789007;103.07;2.63;-0.05
789061;102.74;2.86;0.20
789107;102.47;2.84;0.26
789159;102.11;2.73;0.09
789207;101.85;2.72;0.09
789259;101.49;2.95;0.16
789307;101.23;2.85;0.23
789359;100.86;2.69;-0.05
789407;100.60;2.65;0.07
789459;100.24;2.91;0.20
789507;99.98;2.98;0.19
789561;99.61;2.77;0.14
789607;99.33;2.52;-0.04
789659;98.98;2.63;0.05
789707;98.72;2.86;0.19
789759;98.36;2.91;0.09
789807;98.10;2.95;0.22
789859;97.73;2.77;0.02
789907;97.45;2.53;-0.26
789959;97.09;2.64;-0.08
790007;96.83;2.75;-0.02
790060;96.52;2.67;-0.07
790107;96.19;2.97;0.34
790159;95.85;2.63;0.00
790207;95.60;2.93;0.19
790259;95.23;2.82;0.09
790307;94.96;2.51;0.07
790359;94.60;2.75;-0.02
790407;94.34;2.82;0.14
790459;93.98;2.88;0.15
790507;93.71;2.78;0.08
790561;93.34;2.58;-0.07
790607;93.07;2.74;0.09
790659;92.73;2.92;0.22
790707;92.46;2.78;0.21
790759;92.09;2.70;0.05
790807;91.83;2.80;0.08
790859;91.48;2.95;0.18
790907;91.21;2.76;0.15
790959;90.85;2.75;0.13
791007;90.58;2.59;0.15
791061;90.22;2.59;0.06
791109;89.91;2.85;0.12
791157;89.65;2.74;0.12
791209;89.28;2.84;0.14
791257;89.02;2.66;0.06
791309;88.65;2.69;0.11
791357;88.39;2.82;0.11
791409;88.03;2.77;0.11
791457;87.76;2.59;0.12
791509;87.40;2.74;0.08
791560;87.14;2.66;0.21
791607;86.83;2.90;0.15
791659;86.47;2.79;0.17
791707;86.20;2.73;0.11
791759;85.84;2.72;0.12
791807;85.58;2.85;0.14
791859;85.21;2.99;0.02
791907;84.93;2.67;-0.04
791959;84.57;2.73;0.05
792007;84.31;2.83;-0.03
792061;83.96;2.99;0.10
792107;83.68;2.96;0.21
792157;83.37;2.57;-0.03
792209;83.01;2.73;-0.04
792257;82.76;2.82;0.14
792309;82.41;2.83;0.21
792357;82.15;2.81;0.14
792409;81.79;2.77;-0.06
792457;81.53;2.85;-0.03
792509;81.18;2.86;0.25
792560;80.91;3.00;0.08
792607;80.57;3.08;0.11
792659;80.22;2.89;0.15
792707;79.94;2.73;0.04
792759;79.58;2.66;0.02
792807;79.32;2.95;0.19
792859;78.94;2.80;-0.03
792907;78.68;2.75;0.01
792959;78.32;2.80;0.04
793007;78.06;2.89;0.16
793061;77.70;2.83;0.16
793107;77.42;2.80;0.04
793159;77.08;2.82;0.13
793207;76.81;2.84;0.10
793259;76.46;2.81;0.14
793307;76.19;2.70;0.05
793359;75.82;2.66;0.03
793407;75.56;2.70;-0.01
793459;75.20;2.79;0.03
793507;74.94;2.95;0.06
793562;74.59;2.86;0.26
793607;74.30;2.81;0.05
793659;73.96;2.56;0.13
793707;73.69;2.73;0.10
793759;73.33;2.83;0.20
793807;73.07;2.76;0.16
793859;72.70;2.77;0.14
793907;72.43;2.70;0.03
793959;72.07;2.60;0.07
794007;71.81;2.78;0.14
794061;71.44;2.84;0.14
794107;71.17;2.73;0.15
794159;70.82;2.92;0.01
794207;70.55;2.84;0.04
794259;70.18;2.91;-0.16
794307;69.90;3.24;-0.17
794359;69.58;3.06;-0.03
794407;69.32;2.85;0.04
794459;68.95;3.01;0.02
794507;68.69;3.13;-0.18
794561;68.33;3.09;-0.20
794607;68.07;2.87;-0.03
794659;67.73;2.94;0.19
794707;67.47;2.91;0.26
794759;67.10;2.69;0.04
794807;66.84;2.62;0.04
794859;66.47;2.81;-0.01
794907;66.22;2.91;0.14
794959;65.85;2.93;0.05
795007;65.59;2.82;0.07
795061;65.23;2.80;0.11
795107;64.96;2.86;0.14
795159;64.61;2.80;0.11
795207;64.35;2.68;-0.08
795259;64.00;2.82;0.16
795307;63.72;2.90;-0.01
795357;63.41;2.72;0.02
795409;63.04;2.81;-0.11
795457;62.78;2.80;-0.19
795509;62.43;2.73;0.03
795560;62.17;2.89;0.18
795607;61.86;2.70;0.20
795659;61.50;2.84;0.08
795707;61.23;2.82;-0.08
795759;60.89;2.83;0.09
795807;60.64;2.82;0.22
795859;60.28;2.92;0.17
795907;60.01;2.84;0.04
795959;59.63;2.74;-0.11
796007;59.38;2.92;-0.16
796061;59.02;2.86;-0.17
796107;58.73;2.67;-0.26
796159;58.39;2.67;-0.19
796207;58.14;2.85;0.12
796259;57.78;2.96;0.05
796307;57.52;2.68;0.08
796359;57.16;2.82;0.15
796409;56.85;2.72;0.11
796457;56.58;2.71;0.02
796509;56.23;2.86;0.05
796560;55.96;2.72;-0.09
796607;55.64;2.80;-0.04
796659;55.29;3.14;0.17
796707;55.03;3.00;0.11
796759;54.66;2.69;0.06
796807;54.39;2.67;0.08
796859;54.04;2.93;0.12
796907;53.78;2.92;0.17
796959;53.40;2.91;-0.08
797007;53.15;2.98;0.05
797062;52.80;2.95;0.28
797107;52.52;2.80;0.24
797159;52.16;2.82;0.13
797207;51.90;2.73;-0.00
797259;51.55;2.83;0.02
797307;51.30;2.85;0.13
797359;50.94;2.77;0.07
797407;50.67;2.68;-0.07
797457;50.37;2.83;-0.05
797509;50.03;3.13;0.30
797560;49.76;3.28;0.22
797607;49.42;3.13;-0.03
797659;49.04;2.92;-0.04
797707;48.78;2.73;-0.06
797759;48.43;2.88;0.24
797807;48.15;3.08;0.13
797859;47.78;2.85;0.00
797907;47.52;2.76;0.14
797959;47.15;2.78;0.17
798007;46.88;2.78;0.05
798061;46.52;2.84;0.05
798107;46.25;3.10;0.22
798159;45.90;2.90;0.18
798207;45.63;2.92;0.10
798259;45.28;2.84;0.14
798307;45.02;2.80;0.26
798359;44.65;2.84;0.06
798407;44.40;2.92;0.29
798459;44.04;3.03;0.36
798507;43.76;3.18;0.29
798562;43.40;2.93;0.13
798607;43.13;2.79;0.25
798659;42.77;3.05;0.11
798707;42.49;3.16;0.00
798759;42.13;3.32;0.01
798807;41.87;3.09;-0.03
798859;41.52;2.83;0.26
798907;41.23;2.74;0.04
798959;40.86;2.75;-0.07
799007;40.59;2.58;-0.12
799061;40.22;2.51;-0.38
799107;39.95;2.87;-0.14
799159;39.61;3.16;-0.00
799207;39.35;2.87;-0.00
799259;38.99;2.64;0.04
799307;38.73;2.75;-0.03
799359;38.37;2.97;0.14
799407;38.11;2.96;0.25
799459;37.75;2.79;0.09
799507;37.49;2.79;0.25
799560;37.18;2.77;0.38
799607;36.86;2.95;0.38
799659;36.49;2.99;0.25
799707;36.22;2.92;0.20
799759;35.85;2.71;0.07
799807;35.59;2.68;0.03
799859;35.23;2.97;0.02
799907;34.97;2.87;-0.04
799959;34.60;3.01;0.04
800007;34.35;3.07;-0.07
800061;34.04;3.26;-0.01
800107;33.79;3.19;0.09
800159;33.43;2.96;0.14
800207;33.14;2.82;0.03
800259;32.73;2.84;-0.06
800307;32.52;3.14;-0.05
800359;32.17;3.08;0.04
800407;31.91;2.95;0.09
800459;31.53;2.86;-0.11
800507;31.27;2.86;0.01
800561;30.91;2.81;0.02
800607;30.62;2.93;-0.00
800659;30.25;2.83;-0.06
800707;29.99;2.99;-0.11
800759;29.64;3.04;0.01
800807;29.38;2.90;0.05
800859;29.01;2.79;0.03
800907;28.74;2.59;-0.04
800959;28.39;2.64;0.08
801007;28.13;2.93;0.13
801061;27.76;2.88;0.14
801107;27.48;2.71;0.14
801159;27.12;2.67;-0.02
801207;26.86;2.74;-0.03
801259;26.51;2.88;0.21
801307;26.25;2.95;0.14
801359;25.89;2.69;0.14
801407;25.62;2.76;0.01
801459;25.24;2.60;-0.22
801507;24.99;2.70;-0.04
801561;24.63;2.81;0.11
801607;24.35;2.58;0.05
801657;24.05;2.79;0.12
801709;23.69;2.86;0.10
801757;23.43;3.01;0.04
801809;23.08;2.94;0.21
801857;22.80;2.71;0.08
801909;22.44;2.60;0.04
801957;22.17;2.79;-0.01
802009;21.82;3.05;0.24
802060;21.55;2.92;0.25
802107;21.23;2.92;0.24
802159;20.87;2.74;0.17
802207;20.60;2.78;-0.03
802259;20.24;2.74;0.20
802307;19.97;2.64;0.03
802359;19.61;2.71;0.22
802407;19.34;2.79;0.14
802459;18.98;2.89;0.20
802507;18.72;2.83;0.10
802838;16.63;1.23;0.00
802886;16.37;1.80;-0.05
802938;16.01;2.58;-0.08
802986;15.73;2.60;-0.07
803038;15.41;2.89;0.32
803086;15.14;2.83;0.15
803138;14.78;3.02;0.15
803186;14.52;3.01;0.08
803238;14.16;2.92;0.24
803289;13.89;3.09;0.24
803336;13.58;3.05;0.22
803388;13.21;2.92;0.02
803436;12.94;2.76;-0.01
803488;12.58;2.66;0.13
803536;12.31;2.77;0.04
803588;11.95;2.72;0.10
803636;11.68;2.83;0.12
803688;11.32;2.94;0.22
803736;11.05;2.85;0.12
803790;10.68;2.74;0.02
803836;10.40;2.72;-0.11
803888;10.05;2.77;0.00
803936;9.80;2.77;0.12
803988;9.42;2.83;0.10
804036;9.14;2.77;0.12
804088;8.79;2.75;0.15
804136;8.53;2.88;0.01
804188;8.16;2.76;-0.06
804236;7.90;2.73;-0.04
804290;7.55;2.93;0.02
804336;7.29;3.06;0.16
804388;6.94;3.14;0.31
804436;6.66;2.84;0.04
804488;6.29;2.64;-0.05
804536;6.03;2.56;-0.01
804588;5.66;2.68;0.06
804636;5.41;2.82;0.15
804688;5.04;2.91;0.09
804736;4.78;2.62;0.14
804790;4.42;2.77;0.14
804836;4.14;2.65;0.16
804888;3.79;2.89;0.08
804936;3.52;2.79;0.08
804988;3.16;2.82;0.09
805036;2.89;2.68;0.05
805088;2.52;2.79;-0.11
805136;2.24;2.83;-0.08
805188;1.91;2.70;0.21
805236;1.64;2.84;0.05
805290;1.27;2.93;0.14
805336;1.00;2.98;0.15
805388;0.64;2.81;0.09
805436;0.38;2.83;0.08
805488;0.02;2.81;0.15
805536;359.76;2.87;0.22
805588;359.39;2.87;0.17
805636;359.13;2.88;0.11
805688;358.77;2.88;0.25
805736;358.50;2.77;0.01
805790;358.14;2.68;0.07
805836;357.86;2.68;-0.03
805888;357.51;2.73;0.09
805936;357.25;2.82;0.14
805988;356.88;2.74;0.09
806036;356.63;2.65;0.16
806088;356.25;2.71;-0.01
806136;355.99;2.74;0.04
806186;355.68;2.79;0.03
806238;355.32;2.78;-0.00
806289;355.05;2.82;0.07
806336;354.74;2.86;0.18
806388;354.38;2.68;0.05
806436;354.11;2.81;-0.05
806488;353.76;3.02;0.13
806536;353.51;3.04;0.33
806588;353.14;3.15;0.37
806636;352.87;2.86;0.09
806688;352.49;2.42;-0.10
806736;352.23;2.72;-0.10
806791;351.88;3.15;0.19
806836;351.60;2.86;0.15
806888;351.25;2.50;0.05
806936;350.98;2.40;0.04
806988;350.62;2.83;0.16
807036;350.37;3.07;0.33
807088;350.00;2.90;0.16
807136;349.73;2.56;0.07
807188;349.36;2.66;0.03
807236;349.09;2.83;0.18
807290;348.74;2.86;0.15
807336;348.47;2.68;0.12
807388;348.11;2.73;-0.15
807436;347.85;2.79;0.15
807488;347.50;2.84;0.22
807536;347.24;2.81;0.06
807588;346.88;2.84;-0.11
807636;346.62;2.82;-0.03
807688;346.28;3.05;0.16
807736;346.02;3.01;0.21
807790;345.66;3.02;0.28
807836;345.39;2.82;0.28
807888;345.01;2.46;-0.10
807936;344.76;2.67;0.11
807988;344.40;2.94;0.19
808036;344.15;3.12;0.30
808088;343.77;3.03;0.13
808136;343.50;2.85;-0.04
808188;343.21;2.96;-0.05
808236;342.79;2.93;0.01
808290;342.49;3.14;-0.16
808336;342.20;2.98;-0.21
808388;341.85;2.95;-0.07
808436;341.60;2.97;0.26
808488;341.23;3.10;0.13
808536;340.97;3.04;0.04
808588;340.59;2.74;-0.07
808636;340.34;2.64;0.11
808688;339.97;2.93;0.07
808736;339.71;3.02;0.03
808790;339.35;3.06;0.07
808836;339.07;2.73;0.03
808888;338.71;2.29;-0.07
808936;338.47;2.72;0.06
808988;338.11;2.87;0.01
809036;337.85;2.92;-0.07
809088;337.50;2.95;0.19
809136;337.23;2.85;0.15
809188;336.86;2.92;-0.04
809236;336.59;2.91;-0.07
809290;336.24;2.75;-0.07
809336;335.98;3.08;0.07
809388;335.64;3.19;0.27
809436;335.37;3.10;0.16
809488;335.00;2.64;-0.04
809536;334.73;2.40;-0.13
809588;334.38;2.65;-0.09
809636;334.10;2.81;-0.06
809688;333.75;2.96;0.20
809736;333.48;2.86;0.15
809790;333.12;2.69;0.06
809836;332.85;2.63;0.07
809888;332.50;2.87;0.13
809936;332.24;3.00;0.19
809988;331.88;2.83;0.21
810036;331.61;2.71;-0.02
810088;331.25;2.58;0.11
810136;330.99;2.68;0.19
810188;330.62;2.86;-0.13
810236;330.33;2.87;-0.26
810290;330.00;2.84;0.03
810336;329.73;2.73;0.07
810388;329.39;2.78;0.24
810436;329.13;2.99;0.23
810488;328.76;2.79;0.18
810536;328.49;2.58;0.00
810588;328.13;2.63;0.08
810636;327.88;2.84;0.23
810688;327.51;3.01;0.21
810736;327.24;3.00;0.12
810790;326.87;2.79;-0.04
810836;326.59;2.62;-0.06
810888;326.25;2.87;0.07
810936;325.99;3.06;0.06
810988;325.63;3.09;0.16
811036;325.37;2.76;0.18
811088;324.99;2.45;-0.01
811136;324.74;2.73;0.13
811188;324.38;2.98;0.22
811236;324.11;3.02;0.13
811289;323.80;2.76;0.11
811336;323.49;2.80;0.05
811388;323.13;2.77;-0.09
811436;322.87;2.76;0.05
811488;322.51;2.79;0.25
811536;322.24;2.75;0.15
811588;321.88;2.69;0.17
811636;321.62;2.80;0.10
811688;321.25;2.91;0.08
811736;320.99;2.82;0.15
811790;320.62;2.81;-0.00
811836;320.33;2.74;-0.06
811888;319.98;2.83;-0.12
811936;319.73;3.00;0.12
811988;319.37;3.01;0.11
812036;319.10;2.87;0.10
812088;318.75;2.72;0.16
812136;318.48;2.69;0.04
812188;318.12;2.90;0.05
812236;317.87;2.89;0.31
812289;317.50;2.81;0.08
812336;317.22;2.76;0.01
812388;316.86;2.62;-0.07
812436;316.60;2.83;0.09
812488;316.25;2.85;0.21
812536;315.98;2.76;0.17
812588;315.61;2.66;0.07
812636;315.35;2.74;0.17
812688;314.99;2.80;0.11
812736;314.73;2.86;0.24
812791;314.37;2.79;0.23
812836;314.08;2.66;0.08
812888;313.73;2.78;0.07
812936;313.48;2.84;0.17
812988;313.11;2.72;0.11
813036;312.85;2.79;0.16
813088;312.49;2.74;0.23
813136;312.22;2.78;0.18
813188;311.85;2.87;0.19
813236;311.59;2.83;0.22
813289;311.28;2.81;0.24
813336;310.95;2.87;0.06
813388;310.59;2.77;0.03
813436;310.34;2.74;0.14
813488;309.97;2.83;0.12
813536;309.71;2.87;0.07
813588;309.35;2.91;0.17
813636;309.09;2.81;0.16
813688;308.73;2.59;0.18
813736;308.46;2.83;0.08
813791;308.11;3.06;0.29
813836;307.82;2.71;0.09
813888;307.47;2.52;-0.02
813936;307.20;2.47;-0.04
813988;306.84;2.86;0.04
814036;306.56;3.00;-0.06
814088;306.21;2.91;0.15
814136;305.94;2.93;0.05
814188;305.57;2.72;-0.10
814236;305.32;2.79;0.20
814290;304.96;2.96;0.36
814336;304.65;2.86;0.18
814388;304.32;2.74;0.17
814436;304.07;2.76;0.18
814488;303.70;2.75;0.18
814536;303.44;2.80;0.23
814588;303.07;2.67;0.17
814636;302.81;2.75;0.09
814688;302.45;2.74;0.18
814736;302.18;2.99;0.16
814790;301.82;2.77;0.20
814836;301.54;2.68;0.15
814888;301.20;2.70;0.17
814936;300.93;2.79;0.06
814988;300.57;2.85;0.18
815036;300.31;2.72;0.19
815088;299.95;2.77;0.16
815136;299.68;2.74;0.01
815188;299.31;2.63;-0.03
815236;299.05;2.81;0.10
815290;298.69;2.82;0.17
815336;298.39;2.86;0.17
815388;298.06;2.63;0.03
815436;297.80;2.90;0.15
815488;297.44;2.88;0.22
815536;297.17;2.89;0.15
815588;296.80;2.59;0.07
815636;296.54;2.72;0.22
815688;296.18;2.80;0.13
815736;295.91;2.80;0.16
815791;295.56;2.79;0.24
815836;295.27;2.71;0.11
815888;294.93;2.82;0.20
815936;294.66;2.77;0.06
815988;294.30;2.80;0.16
816036;294.03;2.78;0.09
816088;293.67;2.82;0.16
816136;293.41;2.82;0.13
816188;293.05;2.70;0.11
816236;292.79;2.69;0.17
816290;292.42;2.75;0.17
816336;292.14;2.59;0.32
816387;291.79;2.53;0.41
816439;291.45;2.91;0.23
816487;291.20;3.16;0.30
816539;290.83;2.97;0.23
816587;290.55;2.62;0.09
816639;290.17;2.42;-0.17
816687;289.91;2.61;-0.04
816739;289.57;3.11;0.29
816789;289.30;2.96;0.35
816838;288.98;2.89;0.39
816890;288.59;3.15;0.09
816938;288.32;2.81;-0.08
816990;287.97;2.64;0.03
817038;287.72;2.99;0.23
817090;287.36;3.14;0.28
817138;287.09;2.80;0.22
817190;286.71;2.46;-0.08
817238;286.45;2.55;-0.06
817291;286.09;2.69;0.01
817338;285.84;2.97;0.16
817388;285.53;2.93;0.31
817440;285.16;2.68;0.13
817488;284.89;2.63;-0.01
817540;284.53;2.73;0.14
817588;284.27;2.95;0.17
817640;283.90;2.93;0.17
817688;283.64;2.83;0.09
817740;283.28;2.70;0.17
817789;283.01;2.74;0.17
817838;282.71;2.89;0.19
817890;282.34;2.67;0.28
817938;282.08;2.69;0.14
817990;281.71;2.68;0.17
818038;281.45;2.84;0.19
818090;281.08;2.77;0.12
818138;280.82;2.79;0.07
818190;280.46;2.74;0.13
818238;280.20;2.83;0.20
818291;279.84;2.82;0.26
818338;279.56;2.83;0.10
818388;279.26;2.66;0.14
818440;278.90;2.73;0.11
818488;278.64;2.70;0.28
818540;278.27;2.82;0.12
818588;278.01;2.77;0.19
818640;277.64;2.84;0.05
818688;277.38;2.59;0.04
818740;277.02;2.84;0.14
818789;276.76;2.93;0.21
818838;276.45;2.88;0.11
818890;276.08;2.79;0.10
818938;275.80;2.77;-0.03
818990;275.45;2.74;0.11
819038;275.19;2.74;0.15
819090;274.83;2.85;0.23
819138;274.56;2.80;0.10
819190;274.19;2.60;0.10
819238;273.93;2.53;0.11
819291;273.57;2.74;0.14
819338;273.31;2.89;0.23
819390;272.95;2.69;0.08
819438;272.67;2.73;0.19
819490;272.32;2.65;0.15
819538;272.06;2.70;0.16
819590;271.70;2.91;0.30
819638;271.44;2.76;0.20
819690;271.07;2.67;0.08
819738;270.80;2.60;0.10
819791;270.44;2.78;0.15
819838;270.18;2.96;0.21
819890;269.82;2.77;0.18
819938;269.56;2.61;0.10
819990;269.20;2.70;0.19
820038;268.93;2.80;0.08
820090;268.57;2.87;0.18
820138;268.32;2.98;0.29
820190;267.95;2.95;-0.01
820238;267.68;2.93;-0.04
820291;267.33;2.70;0.16
820338;267.08;2.94;0.22
820390;266.71;2.94;0.24
820438;266.43;2.94;0.06
820490;266.08;2.73;-0.00
820538;265.83;2.86;0.08
820590;265.47;2.70;0.13
820638;265.21;2.69;0.06
820690;264.81;2.73;-0.10
820738;264.54;2.91;-0.18
820791;264.19;2.71;-0.17
820838;263.94;2.78;-0.01
820890;263.59;2.92;0.20
820938;263.31;2.72;-0.15
820990;262.96;2.79;0.24
821038;262.69;2.90;0.14
821090;262.33;2.67;0.21
821138;262.05;2.72;-0.11
821190;261.69;2.71;0.05
821238;261.44;2.91;0.13
821291;261.07;2.92;0.13
821338;260.82;2.75;0.22
821390;260.44;2.78;0.05
821438;260.17;2.76;0.20
821490;259.83;2.90;0.24
821538;259.57;2.87;0.30
821590;259.19;2.70;-0.01
821638;258.93;2.67;0.04
821690;258.58;2.76;0.28
821738;258.31;2.77;0.22
821791;257.94;2.67;0.09
821838;257.68;2.70;0.15
821890;257.31;2.73;-0.00
821938;257.05;2.92;0.25
821990;256.68;2.86;0.11
822038;256.42;2.64;0.18
822090;256.05;2.47;-0.08
822138;255.79;2.68;-0.00
822190;255.45;3.02;0.25
822238;255.19;3.11;0.34
822291;254.81;2.91;0.12
822338;254.55;2.58;0.05
822390;254.18;2.62;0.04
822438;253.94;2.91;0.22
822488;253.62;2.87;0.28
822540;253.25;2.70;0.12
822588;252.98;2.58;-0.03
822640;252.63;2.72;0.18
822688;252.37;2.83;0.24
822740;252.01;2.83;0.13
823067;249.93;1.18;-0.59
823115;249.67;1.70;-0.46
823167;249.31;2.38;-0.22
823215;249.06;2.71;0.06
823267;248.70;2.61;0.13
823315;248.43;2.66;0.03
823367;248.08;2.69;0.23
823415;247.81;2.75;0.21
823467;247.45;2.86;0.17
823518;247.18;2.70;-0.01
823565;246.86;2.67;0.05
823617;246.51;2.74;0.14
823665;246.25;2.84;0.18
823717;245.88;2.74;0.07
823765;245.61;2.64;0.10
823817;245.25;2.79;0.10
823865;245.00;2.86;0.20
823917;244.64;2.70;0.16
823965;244.37;2.66;0.07
824019;244.01;2.86;0.06
824065;243.73;2.79;-0.01
824117;243.39;2.75;0.14
824165;243.12;2.76;0.13
824217;242.75;2.78;0.02
824265;242.49;2.78;0.15
824317;242.12;2.71;-0.01
824365;241.87;2.75;0.15
824417;241.51;2.92;0.18
824465;241.24;2.94;0.08
824519;240.89;2.88;0.18
824565;240.60;2.81;0.06
824617;240.25;2.77;0.15
824665;239.98;2.74;-0.01
824717;239.63;2.86;0.21
824765;239.35;2.65;0.17
824817;238.99;2.58;0.01
824865;238.73;2.82;0.03
824917;238.37;2.75;0.10
824965;238.10;2.67;0.05
825019;237.74;2.80;0.14
825065;237.47;2.92;0.19
825117;237.13;2.94;0.32
825165;236.85;2.82;0.10
825217;236.48;2.60;-0.07
825265;236.23;2.65;0.12
825317;235.86;2.73;0.20
825365;235.60;2.80;0.14
825417;235.23;2.79;0.09
825465;234.97;2.72;0.16
825519;234.61;2.85;0.09
825565;234.33;2.82;0.12
825617;233.98;2.78;0.07
825665;233.72;2.77;0.08
825717;233.35;2.57;-0.00
825765;233.10;2.69;0.06
825815;232.80;3.06;0.25
825867;232.44;3.06;0.27
825915;232.16;2.73;0.07
825967;231.79;2.60;-0.00
826018;231.53;2.50;-0.07
826065;231.22;2.86;0.28
826117;230.86;2.78;0.15
826165;230.60;2.76;0.20
826217;230.23;2.70;0.07
826265;229.98;2.91;0.13
826317;229.62;2.97;0.14
826365;229.36;2.85;0.19
826417;228.99;2.71;0.12
826465;228.72;2.80;-0.01
826519;228.37;2.71;0.12
826565;228.09;2.84;0.05
826617;227.74;2.65;0.15
826665;227.47;2.66;0.02
826717;227.11;2.96;0.14
826765;226.85;2.86;0.14
826815;226.54;3.02;0.20
826867;226.17;2.82;0.10
826915;225.91;2.82;0.18
826967;225.54;2.70;0.02
827018;225.28;2.64;0.15
827065;224.96;2.68;0.14
827117;224.59;2.75;-0.03
827165;224.33;2.70;0.07
827217;223.97;2.82;0.09
827265;223.71;2.82;0.15
827317;223.36;2.93;0.25
827365;223.08;2.61;0.04
827417;222.73;2.67;0.17
827465;222.46;2.76;0.15
827519;222.10;2.89;0.26
827565;221.82;2.98;0.02
827617;221.47;2.70;0.12
827665;221.20;2.63;0.07
827717;220.84;2.89;0.01
827765;220.58;2.84;0.15
827817;220.22;2.72;0.15
827865;219.94;2.58;0.10
827917;219.60;2.65;0.20
827965;219.34;2.88;0.22
828019;218.97;2.79;0.18
828065;218.69;2.78;0.10
828117;218.35;2.71;0.19
828165;218.08;2.65;-0.00
828217;217.72;2.75;0.22
828265;217.46;2.81;0.14
828317;217.09;2.73;0.15
828365;216.83;2.74;0.12
828417;216.46;2.79;0.04
828465;216.20;2.77;0.07
828519;215.83;2.73;0.02
828565;215.57;2.81;0.15
828617;215.22;2.89;0.25
828665;214.95;2.71;0.18
828717;214.58;2.70;-0.01
828765;214.32;2.77;0.06
828817;213.96;2.80;0.07
828865;213.68;2.86;0.02
828917;213.33;2.71;0.11
828965;213.07;2.81;0.10
829020;212.71;2.69;0.07
829065;212.44;2.93;0.13
829117;212.09;2.95;0.14
829165;211.84;2.83;0.19
829217;211.47;2.61;0.11
829265;211.20;2.64;0.01
829317;210.83;2.87;0.02
829365;210.58;2.88;0.14
829417;210.22;2.85;0.15
829465;209.95;2.66;0.05
829519;209.59;2.83;0.04
829565;209.32;2.71;0.23
829617;208.96;2.84;-0.03
829665;208.70;2.64;0.07
829717;208.34;2.64;0.14
829765;208.08;2.83;0.09
829817;207.72;2.81;0.14
829865;207.44;2.78;0.14
829917;207.08;2.75;0.08
829965;206.82;2.67;0.16
830019;206.47;2.77;0.17
830065;206.20;2.66;0.20
830117;205.85;2.76;0.14
830165;205.59;2.68;0.12
830217;205.23;2.70;0.16
830265;204.97;2.73;0.21
830317;204.60;2.72;0.11
830365;204.33;2.70;0.13
830417;203.96;2.55;-0.02
830465;203.71;2.89;0.14
830519;203.35;2.92;0.16
830565;203.08;2.83;0.24
830617;202.71;2.60;0.00
830665;202.45;2.51;0.03
830717;202.09;2.64;0.11
830765;201.83;2.98;0.13
830817;201.48;3.14;0.28
830865;201.21;3.06;0.15
830915;200.89;2.63;-0.10
830967;200.52;2.34;-0.17
831018;200.28;2.69;0.09
831065;199.96;2.80;0.24
831117;199.60;2.92;0.09
831165;199.34;2.76;0.09
831217;198.99;2.91;0.20
831265;198.72;2.75;0.09
831317;198.34;2.64;-0.11
831365;198.09;2.64;0.12
831417;197.73;2.87;0.16
831465;197.47;2.77;0.18
831519;197.10;2.74;0.10
831565;196.83;2.57;0.07
831617;196.48;2.64;0.10
831665;196.22;2.76;0.13
831717;195.85;2.72;0.08
831765;195.59;2.77;0.06
831817;195.23;2.82;0.21
831865;194.97;2.84;0.22
831915;194.65;2.56;0.12
831967;194.28;2.71;0.00
832018;194.03;2.85;0.20
832065;193.71;2.75;0.11
832117;193.35;2.83;0.19
832165;193.08;2.78;0.09
832217;192.72;2.79;0.14
832265;192.46;2.77;0.15
832317;192.11;2.87;0.26
832365;191.84;2.84;0.14
832417;191.47;2.77;0.03
832465;191.21;2.66;0.03
832519;190.84;2.67;-0.01
832565;190.57;2.68;0.12
832617;190.24;2.90;0.35
832665;189.97;2.84;0.28
832717;189.60;2.86;0.17
832765;189.33;2.71;0.05
832817;188.98;2.87;0.16
832865;188.72;2.79;0.15
832917;188.36;2.86;0.08
832965;188.08;2.97;0.10
833019;187.73;2.74;0.00
833065;187.47;2.62;0.11
833117;187.12;2.65;0.13
833165;186.85;2.73;0.06
833217;186.49;2.92;0.23
833265;186.22;2.86;0.07
833317;185.85;2.44;-0.02
833365;185.59;2.39;-0.06
833417;185.24;3.00;0.21
833465;184.98;3.07;0.21
833519;184.60;2.60;-0.00
833565;184.32;2.47;0.03
833617;183.98;2.56;0.03
833665;183.72;2.89;0.17
833717;183.37;3.08;0.35
833765;183.09;2.78;0.15
833817;182.71;2.56;-0.08
833865;182.46;2.68;0.11
833917;182.10;2.81;0.13
833965;181.83;2.91;0.18
834019;181.48;2.86;0.15
834065;181.19;2.67;0.02
834117;180.84;2.58;0.04
834165;180.58;2.64;0.13
834217;180.21;2.84;0.18
834265;179.95;2.93;0.18
834315;179.61;2.70;0.18
834367;179.27;2.69;0.00
834415;179.01;2.77;0.08
834467;178.65;2.82;0.11
834518;178.38;2.65;0.05
834565;178.07;2.85;0.25
834617;177.70;2.65;0.13
834665;177.43;2.67;0.04
834717;177.08;2.83;0.11
834765;176.82;2.76;0.12
834817;176.44;2.71;-0.00
834865;176.18;2.68;0.02
834917;175.83;2.83;0.14
834965;175.55;2.84;0.12
835019;175.21;2.79;0.12
835065;174.92;2.76;0.04
835117;174.58;2.78;0.10
835165;174.32;2.70;0.09
835217;173.95;2.79;0.04
835265;173.69;2.72;0.11
835317;173.34;2.83;0.22
835365;173.07;2.86;0.19
835417;172.70;2.70;0.07
835465;172.44;2.61;0.06
835519;172.08;2.84;0.08
835565;171.80;2.72;0.11
835617;171.45;2.75;0.14
835665;171.19;2.94;0.19
835717;170.82;2.72;0.05
835765;170.56;2.68;0.08
835817;170.20;2.68;0.08
835865;169.94;2.82;0.16
835917;169.59;2.79;0.25
835965;169.32;2.80;0.11
836018;169.01;2.82;0.11
836065;168.69;2.47;0.12
836117;168.34;2.75;0.23
836165;168.07;3.07;0.06
836217;167.71;2.95;0.07
836265;167.45;2.66;0.15
836317;167.08;2.54;0.07
836365;166.82;2.80;0.11
836417;166.47;2.77;0.20
836465;166.20;2.83;0.07
836519;165.83;2.81;-0.01
836565;165.56;2.81;0.24
836617;165.20;2.68;0.06
836665;164.94;2.59;0.07
836717;164.58;2.86;0.12
836765;164.33;2.79;0.32
836817;163.95;2.77;0.18
836865;163.68;2.56;0.04
836917;163.32;2.68;-0.05
836965;163.06;2.79;0.04
837018;162.75;2.99;0.14
837065;162.43;2.91;0.09
837117;162.07;2.60;0.01
837165;161.80;2.67;-0.04
837217;161.45;2.76;0.19
837265;161.19;2.87;0.24
837317;160.82;2.76;0.07
837365;160.56;2.69;0.11
837417;160.20;2.67;0.15
837465;159.94;2.79;0.27
837519;159.57;2.64;0.09
837565;159.30;2.79;0.09
837617;158.94;2.81;0.03
837665;158.68;2.73;0.11
837717;158.32;2.71;0.12
837765;158.06;2.86;0.06
837817;157.70;2.78;0.14
837865;157.43;2.81;0.08
837917;157.06;2.56;-0.02
837965;156.80;2.70;0.13
838019;156.44;2.79;0.16
838065;156.16;2.70;0.31
838117;155.82;2.55;0.04
838165;155.55;2.63;0.04
838217;155.20;2.80;0.22
838265;154.94;2.85;0.21
838317;154.57;2.82;0.12
838365;154.31;2.69;0.13
838417;153.94;2.78;-0.01
838465;153.68;2.73;0.08
838519;153.32;2.78;0.13
838565;153.04;2.79;0.08
838617;152.68;2.65;-0.01
838665;152.43;2.74;0.14
838717;152.06;2.86;-0.03
838765;151.80;2.89;0.11
838817;151.44;2.62;0.09
838865;151.17;2.76;-0.02
838917;150.81;2.91;0.15
838965;150.55;2.82;0.17
839019;150.19;2.74;0.15
839065;149.89;2.59;-0.03
839117;149.56;2.64;-0.02
839165;149.30;2.81;0.12
839217;148.94;2.84;0.14
839265;148.68;2.90;0.15
839317;148.32;2.89;0.12
839365;148.06;2.77;0.20
839417;147.70;2.84;0.18
839465;147.43;2.69;0.12
839519;147.06;2.57;0.01
839565;146.79;2.69;0.08
839617;146.44;2.71;0.17
839665;146.18;2.82;0.13
839717;145.81;2.80;0.03
839765;145.56;2.85;0.21
839817;145.19;2.54;0.09
839865;144.93;2.78;0.15
839917;144.56;2.80;0.09
839965;144.30;2.77;0.17
840020;143.92;2.79;0.03
840065;143.62;2.98;-0.04
840117;143.30;2.84;0.05
840165;143.03;2.74;0.07
840217;142.67;2.65;0.09
840265;142.41;2.75;0.04
840317;142.06;2.90;0.25
840365;141.80;2.82;0.27
840417;141.43;2.61;0.23
840465;141.16;2.53;0.03
840519;140.80;2.73;-0.04
840565;140.53;2.90;0.22
840617;140.19;2.95;0.23
840665;139.92;2.93;0.12
840717;139.55;2.64;0.05
840765;139.28;2.79;-0.03
840817;138.93;2.94;0.05
840865;138.66;2.88;-0.03
840917;138.31;2.88;0.06
840965;138.04;2.67;-0.01
841019;137.69;2.60;0.08
841065;137.41;2.76;-0.00
841115;137.12;3.04;0.20
841167;136.76;3.13;-0.03
841215;136.50;2.89;0.03
841267;136.13;2.77;-0.06
841315;135.86;2.95;-0.02
841367;135.51;2.86;0.12
841415;135.25;2.65;0.08
841467;134.89;2.62;0.16
841518;134.62;2.80;0.10
841565;134.31;2.82;0.08
841617;133.95;2.73;0.12
841665;133.68;2.53;0.09
841717;133.32;2.69;0.13
841765;133.06;2.89;0.16
841817;132.70;2.72;0.08
841865;132.43;2.72;0.10
841917;132.07;2.63;0.00
841965;131.81;2.72;0.15
842020;131.45;2.69;0.10
842065;131.17;2.78;0.20
842115;130.87;2.67;0.08
842167;130.51;2.66;0.10
842215;130.24;2.62;0.03
842267;129.89;2.75;0.16
842315;129.63;2.73;0.16
842367;129.25;2.72;-0.02
842415;129.00;2.69;0.27
842467;128.62;2.79;0.10
842518;128.37;2.84;0.10
842565;128.05;2.81;0.20
842617;127.69;2.67;0.09
842665;127.43;2.63;0.05
842717;127.06;2.68;0.07
842765;126.80;2.87;0.16
842817;126.44;2.90;0.16
842865;126.17;2.65;0.05
842917;125.81;2.51;0.10
842965;125.55;2.64;0.08
843296;123.53;5.40;1.03
843344;123.25;5.05;0.78
843394;122.92;4.62;0.54
843446;122.53;4.12;0.26
843494;122.25;3.74;0.11
843546;121.88;3.25;0.00
843594;121.63;2.94;0.09
843646;121.29;2.98;-0.05
843694;121.03;2.67;0.06
843748;120.69;2.91;0.10
843794;120.44;2.97;0.26
843846;120.05;2.95;-0.17
843894;119.80;2.76;-0.11
843946;119.45;2.84;0.02
843994;119.20;3.02;0.16
844046;118.82;2.95;0.12
844094;118.55;2.69;-0.08
844146;118.19;2.82;-0.08
844194;117.94;2.99;-0.02
844249;117.59;3.16;0.02
844294;117.33;3.15;0.01
844346;116.97;2.90;-0.13
844394;116.71;2.80;0.01
844444;116.40;2.80;-0.03
844496;116.03;2.92;-0.01
844544;115.78;2.90;0.05
844596;115.42;2.76;0.15
844644;115.15;2.50;0.09
844696;114.77;2.84;-0.03
844747;114.52;3.02;-0.07
844794;114.21;3.04;-0.03
844846;113.86;2.78;0.14
844894;113.59;2.81;0.12
844946;113.23;2.99;0.04
844994;112.96;2.91;0.05
845046;112.60;2.70;0.15
845094;112.33;2.81;-0.03
845146;111.96;2.77;-0.07
845194;111.71;2.78;0.03
845248;111.36;2.93;0.28
845294;111.07;2.79;0.21
845346;110.71;2.69;0.09
845394;110.45;2.86;0.02
845444;110.14;2.62;0.12
845496;109.79;2.90;0.15
845544;109.52;2.90;0.18
845596;109.15;2.92;0.06
845644;108.90;2.75;0.12
845696;108.53;2.67;-0.03
845747;108.26;2.77;0.04
845794;107.94;2.95;0.10
845846;107.57;3.08;-0.01
845894;107.32;2.98;0.03
845946;106.96;2.91;0.09
845994;106.70;2.85;0.17
846046;106.33;2.99;0.14
846094;106.07;2.74;0.07
846146;105.71;2.81;0.14
846194;105.44;2.87;0.12
846248;105.07;2.87;0.09
846294;104.79;2.85;0.14
846346;104.44;2.79;0.01
846394;104.18;2.80;-0.03
846444;103.87;2.83;0.05
846496;103.50;2.71;0.14
846544;103.24;2.84;0.00
846596;102.88;2.85;0.06
846644;102.62;2.90;0.10
846696;102.26;2.81;0.24
846747;101.99;2.78;0.06
846794;101.67;2.93;-0.14
846846;101.31;2.91;0.09
846894;101.06;2.95;0.20
846946;100.68;2.73;0.04
846994;100.41;2.89;-0.05
847046;100.06;2.84;-0.05
847094;99.80;2.90;0.08
847146;99.44;2.71;0.16
847194;99.18;2.82;0.05
847248;98.80;2.79;-0.16
847294;98.54;2.76;0.16
847346;98.18;2.79;0.07
847394;97.92;2.86;-0.02
847446;97.56;2.92;0.03
847494;97.29;2.92;0.10
847546;96.94;2.90;-0.09
847594;96.68;2.81;0.01
847646;96.31;3.00;-0.07
847694;96.06;2.89;0.00
847748;95.70;2.86;-0.02
847794;95.42;2.78;0.16
847846;95.07;2.83;0.03
847894;94.80;3.05;0.04
847946;94.44;2.81;0.12
847994;94.16;2.72;-0.04
848046;93.79;2.58;0.04
848094;93.53;2.74;0.10
848146;93.17;2.99;0.08
848194;92.90;3.02;-0.06
848248;92.53;2.92;-0.05
848294;92.26;2.88;0.04
848346;91.92;3.11;0.10
848394;91.65;3.06;0.06
848446;91.28;2.86;0.02
848494;91.02;2.77;-0.12
848544;90.71;2.81;-0.03
848596;90.36;2.94;0.10
848644;90.09;3.01;0.06
848696;89.73;2.78;0.09
848746;89.46;3.03;0.06
848794;89.16;2.72;0.17
848846;88.79;2.70;0.07
848894;88.54;2.70;0.14
848946;88.18;2.82;0.19
848994;87.92;2.80;0.19
849046;87.55;2.86;0.18
849094;87.29;2.94;0.16
849146;86.92;2.82;-0.02
849194;86.66;2.78;0.13
849248;86.28;2.73;0.04
849294;86.00;2.75;0.00
849346;85.65;2.72;-0.07
849394;85.39;2.83;-0.07
849446;85.03;2.58;0.02
849494;84.78;2.51;0.03
849546;84.42;2.82;0.05
849594;84.15;2.71;0.15
849646;83.79;2.97;-0.04
849694;83.53;2.92;0.03
849748;83.16;2.67;0.09
849794;82.89;2.84;-0.12
849846;82.55;2.87;-0.02
849894;82.30;2.90;0.21
849946;81.93;2.83;0.20
849994;81.67;2.56;0.10
850046;81.31;2.76;0.11
850094;81.04;2.83;0.07
850146;80.67;2.98;0.07
850194;80.41;2.88;0.02
850248;80.04;2.79;0.02
850294;79.77;2.86;0.06
850346;79.42;2.86;-0.01
